row_id,predicted_probability
12,0.4765
16,0.4687
23,0.2948
25,0.3438
28,0.5135
31,0.5724
35,0.3372
36,0.4651
37,0.6328
40,0.5765
43,0.6341
48,0.371
64,0.4336
69,0.2416
74,0.5641
84,0.4754
98,0.3688
101,0.2609
108,0.4912
111,0.4738
122,0.0995
123,0.58
133,0.3492
139,0.4917
141,0.2413
142,0.3515
146,0.5539
149,0.1901
150,0.5619
156,0.6804
164,0.3066
169,0.3133
174,0.3607
177,0.28
178,0.4661
179,0.3732
180,0.6072
181,0.1306
182,0.6867
188,0.2937
189,0.4566
194,0.5405
195,0.0967
198,0.5934
206,0.1973
209,0.3542
218,0.3991
224,0.2715
226,0.5905
235,0.3011
236,0.3971
241,0.1366
243,0.3736
252,0.4702
261,0.706
264,0.3447
266,0.1045
277,0.4553
281,0.4773
285,0.1006
299,0.4301
315,0.1381
316,0.5618
319,0.3613
321,0.7117
331,0.5327
337,0.2184
338,0.2647
339,0.5467
357,0.304
358,0.4805
361,0.5136
364,0.5654
369,0.4654
373,0.6752
376,0.4188
378,0.4085
383,0.3128
384,0.649
385,0.1196
386,0.3579
393,0.5755
395,0.6741
402,0.3888
405,0.2984
416,0.4373
432,0.5117
434,0.4788
438,0.6761
444,0.3736
448,0.0996
452,0.3323
462,0.2436
463,0.6707
464,0.4986
470,0.3801
471,0.2318
473,0.1901
483,0.6938
499,0.1982
500,0.2991
505,0.3226
514,0.3028
516,0.2702
517,0.1063
519,0.5685
526,0.3122
529,0.4986
536,0.3929
537,0.6129
539,0.5552
546,0.317
551,0.6949
552,0.3556
555,0.2408
564,0.786
568,0.4471
574,0.4251
575,0.3306
580,0.4573
595,0.4174
603,0.7469
609,0.436
611,0.5407
615,0.5002
617,0.3846
621,0.2471
623,0.3763
624,0.6152
637,0.4033
657,0.1579
660,0.1597
677,0.0928
687,0.5999
691,0.4866
704,0.6186
711,0.3513
721,0.2183
723,0.3334
733,0.4087
742,0.3093
743,0.4763
746,0.562
750,0.4763
752,0.7099
757,0.2647
765,0.2223
770,0.5855
772,0.4194
777,0.1885
779,0.4985
780,0.4896
788,0.0879
792,0.273
800,0.1365
801,0.4738
805,0.3979
811,0.1583
813,0.4673
814,0.4396
831,0.4037
833,0.6759
840,0.5996
843,0.57
844,0.548
858,0.1836
860,0.4558
869,0.5823
870,0.5616
876,0.4804
880,0.5654
884,0.2428
893,0.7633
899,0.202
905,0.4673
917,0.2821
923,0.1328
924,0.5683
929,0.4714
935,0.5791
947,0.4227
948,0.5757
952,0.5395
958,0.2134
967,0.6231
973,0.4483
978,0.3483
979,0.6182
996,0.2575
1001,0.3654
1002,0.2459
1011,0.5649
1016,0.567
1017,0.4751
1023,0.4597
1026,0.6173
1028,0.6621
1032,0.206
1036,0.3753
1039,0.6454
1043,0.7416
1045,0.4815
1046,0.3516
1050,0.1079
1063,0.4838
1065,0.2232
1081,0.54
1084,0.0834
1086,0.5689
1094,0.6341
1095,0.3005
1101,0.3723
1105,0.4501
1119,0.3144
1122,0.6779
1131,0.6414
1132,0.4869
1133,0.5145
1142,0.3722
1148,0.4747
1155,0.244
1157,0.224
1165,0.6588
1178,0.2449
1184,0.1834
1186,0.0887
1189,0.6028
1197,0.4044
1201,0.7169
1202,0.3274
1211,0.1517
1213,0.642
1214,0.4874
1218,0.5029
1224,0.3507
1234,0.333
1239,0.5378
1240,0.5788
1244,0.3695
1250,0.3427
1256,0.5097
1258,0.492
1261,0.5387
1270,0.2606
1277,0.2435
1278,0.6433
1283,0.0689
1285,0.4322
1287,0.4897
1289,0.4226
1296,0.1122
1300,0.6585
1302,0.4201
1304,0.2251
1305,0.4351
1308,0.2052
1311,0.6907
1312,0.7613
1315,0.489
1316,0.7125
1319,0.4784
1320,0.5867
1336,0.362
1338,0.6223
1342,0.5233
1352,0.3517
1364,0.5831
1375,0.2543
1379,0.6099
1382,0.4624
1393,0.2727
1400,0.3453
1401,0.2337
1404,0.4823
1408,0.5833
1410,0.651
1421,0.2642
1432,0.1087
1436,0.1722
1437,0.7718
1438,0.3063
1440,0.5667
1446,0.5117
1449,0.1533
1450,0.5006
1463,0.5081
1466,0.521
1480,0.2995
1482,0.3114
1485,0.3642
1494,0.1179
1499,0.391
1503,0.2966
1506,0.5615
1507,0.5721
1514,0.3012
1530,0.24
1531,0.4452
1540,0.6333
1543,0.3513
1544,0.3891
1550,0.6643
1552,0.23
1556,0.5251
1573,0.5562
1574,0.537
1576,0.3634
1577,0.4763
1578,0.6623
1584,0.3801
1585,0.4829
1588,0.2468
1590,0.2008
1592,0.6697
1602,0.532
1606,0.298
1609,0.0769
1618,0.2652
1619,0.3719
1625,0.5069
1636,0.3515
1664,0.4783
1670,0.5371
1674,0.6711
1691,0.2646
1695,0.2681
1699,0.1928
1700,0.4751
1701,0.2235
1702,0.3892
1705,0.1501
1711,0.5275
1713,0.6972
1726,0.4281
1730,0.5183
1732,0.8302
1735,0.5455
1741,0.6285
1745,0.4056
1749,0.2343
1757,0.6504
1764,0.3261
1769,0.544
1773,0.4721
1785,0.5346
1786,0.3039
1787,0.4778
1791,0.3277
1794,0.6483
1801,0.2532
1804,0.1488
1805,0.314
1811,0.6235
1812,0.3345
1816,0.3288
1817,0.4329
1823,0.2894
1827,0.406
1828,0.4996
1829,0.3043
1838,0.3311
1844,0.2619
1845,0.6325
1858,0.4363
1863,0.26
1864,0.0925
1873,0.5388
1877,0.1159
1879,0.3709
1883,0.4386
1889,0.5094
1891,0.448
1894,0.7431
1908,0.2106
1913,0.3545
1915,0.6129
1916,0.7396
1926,0.3168
1934,0.342
1945,0.6613
1950,0.3994
1952,0.2117
1972,0.3128
1976,0.1685
1978,0.1265
1988,0.3337
1998,0.653
1999,0.5527
2000,0.3634
2002,0.2593
2009,0.3575
2011,0.5476
2012,0.2135
2014,0.3752
2021,0.5281
2024,0.2485
2032,0.3497
2039,0.3594
2047,0.1783
2052,0.2799
2056,0.1991
2072,0.528
2077,0.2213
2087,0.6918
2088,0.3728
2095,0.4744
2096,0.513
2100,0.7258
2103,0.561
2106,0.54
2112,0.5814
2113,0.4737
2119,0.4831
2120,0.0652
2121,0.6347
2123,0.6139
2125,0.4356
2156,0.6669
2158,0.7895
2169,0.5502
2170,0.3883
2173,0.5667
2175,0.6087
2176,0.2839
2183,0.5852
2185,0.2968
2187,0.3883
2189,0.3528
2207,0.2931
2211,0.225
2212,0.1352
2228,0.2301
2230,0.6104
2232,0.3207
2237,0.6126
2242,0.2652
2246,0.3117
2251,0.311
2260,0.4661
2264,0.3075
2267,0.4345
2269,0.2903
2270,0.4438
2278,0.4511
2287,0.3839
2289,0.199
2291,0.2162
2293,0.6547
2300,0.0598
2301,0.6045
2302,0.3916
2304,0.1341
2316,0.563
2319,0.1844
2320,0.3191
2339,0.2522
2356,0.6179
2370,0.496
2371,0.3065
2372,0.6572
2374,0.3569
2381,0.3134
2383,0.3271
2384,0.1137
2393,0.3415
2396,0.5346
2397,0.1412
2400,0.266
2406,0.3669
2412,0.6487
2416,0.3628
2417,0.1891
2421,0.5631
2424,0.5505
2427,0.3323
2429,0.609
2435,0.2202
2441,0.668
2443,0.2569
2453,0.3696
2460,0.5143
2461,0.1444
2463,0.5364
2466,0.3236
2468,0.6769
2474,0.2411
2475,0.4329
2482,0.4728
2486,0.3695
2491,0.1547
2492,0.5083
2496,0.6527
2498,0.3873
2500,0.6558
2502,0.0651
2503,0.5667
2506,0.343
2508,0.7532
2510,0.0893
2515,0.6555
2517,0.6495
2525,0.6708
2546,0.6327
2568,0.6175
2569,0.4169
2573,0.3373
2582,0.4597
2586,0.3361
2593,0.2069
2594,0.3556
2596,0.5266
2608,0.8114
2613,0.2936
2614,0.3196
2616,0.4326
2617,0.1145
2619,0.3413
2624,0.5624
2630,0.4372
2638,0.1947
2641,0.4716
2645,0.5616
2652,0.483
2661,0.3024
2662,0.6753
2668,0.2753
2669,0.1872
2671,0.2761
2673,0.2384
2677,0.4018
2681,0.3321
2684,0.2612
2686,0.2774
2696,0.5211
2707,0.5879
2708,0.3796
2709,0.2937
2733,0.5309
2735,0.664
2741,0.0692
2749,0.2335
2765,0.6681
2768,0.5475
2770,0.6787
2771,0.1143
2776,0.7157
2779,0.5581
2782,0.1768
2785,0.4095
2796,0.061
2798,0.4637
2804,0.4423
2811,0.6558
2812,0.7201
2823,0.2886
2830,0.3848
2834,0.3713
2838,0.56
2842,0.6242
2848,0.7002
2857,0.3751
2862,0.4277
2867,0.622
2872,0.3929
2875,0.2102
2890,0.0573
2899,0.2115
2901,0.4851
2910,0.6317
2913,0.4404
2914,0.3059
2923,0.2168
2930,0.2263
2942,0.2163
2944,0.3573
2945,0.1765
2946,0.1523
2947,0.2019
2948,0.4104
2968,0.1638
2975,0.586
2979,0.181
2988,0.5168
2993,0.4941
2995,0.2047
2998,0.5539
3006,0.1724
3008,0.2806
3009,0.2984
3011,0.2423
3018,0.4967
3021,0.6003
3070,0.3963
3072,0.1837
3075,0.3381
3077,0.4574
3083,0.3622
3085,0.6297
3086,0.2954
3087,0.1964
3106,0.5793
3107,0.404
3109,0.1595
3123,0.4931
3129,0.5126
3130,0.3899
3135,0.5741
3136,0.6538
3142,0.7017
3146,0.4027
3148,0.1757
3152,0.5501
3153,0.2395
3159,0.4301
3160,0.5523
3163,0.0638
3166,0.261
3167,0.5948
3169,0.5309
3171,0.1954
3176,0.5383
3177,0.475
3186,0.5675
3193,0.3064
3196,0.0649
3212,0.5805
3221,0.7101
3226,0.6351
3229,0.2816
3232,0.6279
3241,0.7271
3243,0.1798
3250,0.0978
3254,0.7111
3266,0.4079
3270,0.6432
3278,0.4136
3283,0.4963
3287,0.7992
3290,0.6235
3303,0.4576
3305,0.2327
3316,0.5309
3322,0.6625
3334,0.4806
3337,0.0778
3341,0.4605
3344,0.3698
3346,0.3543
3355,0.5673
3369,0.4282
3379,0.1034
3393,0.642
3421,0.6987
3423,0.3356
3424,0.5942
3427,0.6227
3430,0.3163
3431,0.7749
3432,0.2888
3434,0.5838
3436,0.6736
3442,0.5656
3450,0.6365
3456,0.2088
3459,0.5995
3462,0.6349
3468,0.539
3474,0.6341
3477,0.5718
3492,0.2266
3493,0.2612
3494,0.266
3502,0.4007
3506,0.4621
3507,0.5145
3514,0.4798
3517,0.5377
3519,0.5111
3522,0.6745
3526,0.2271
3532,0.6886
3537,0.5924
3541,0.3499
3547,0.2216
3548,0.3248
3549,0.1738
3550,0.6285
3551,0.3054
3555,0.1833
3558,0.3348
3564,0.3738
3571,0.4735
3582,0.5348
3584,0.3824
3587,0.2346
3590,0.3754
3593,0.3512
3594,0.3533
3596,0.5501
3598,0.2602
3603,0.5496
3607,0.144
3608,0.6
3610,0.4688
3612,0.2013
3615,0.538
3619,0.639
3620,0.454
3627,0.5098
3628,0.5284
3629,0.3484
3631,0.6959
3638,0.4275
3639,0.3619
3640,0.2739
3643,0.3083
3645,0.1725
3650,0.1161
3651,0.3319
3657,0.5247
3659,0.3564
3673,0.1828
3674,0.5591
3676,0.5521
3681,0.5009
3683,0.2261
3692,0.1802
3710,0.2543
3715,0.4815
3726,0.4642
3730,0.6561
3738,0.1777
3743,0.5688
3746,0.6769
3749,0.5752
3752,0.6384
3755,0.2992
3756,0.5584
3759,0.459
3780,0.2245
3783,0.4631
3793,0.3849
3798,0.3912
3800,0.4264
3801,0.1205
3802,0.3777
3803,0.126
3810,0.1235
3823,0.8232
3830,0.2812
3832,0.6466
3834,0.532
3835,0.6389
3842,0.3119
3850,0.7073
3853,0.1516
3854,0.269
3856,0.3749
3862,0.2297
3874,0.3752
3876,0.1859
3878,0.4556
3886,0.3679
3890,0.2482
3891,0.4249
3897,0.1911
3900,0.277
3906,0.1579
3910,0.5239
3912,0.6135
3916,0.2648
3917,0.4664
3925,0.5698
3930,0.3816
3933,0.2987
3938,0.5893
3945,0.3362
3946,0.6836
3950,0.4734
3953,0.6001
3966,0.7716
3969,0.2032
3972,0.2528
3976,0.727
3977,0.2119
3982,0.6033
3988,0.2488
3989,0.5082
3992,0.1065
3994,0.6025
4008,0.5335
4016,0.445
4019,0.292
4022,0.2981
4028,0.245
4029,0.4619
4030,0.1044
4037,0.1491
4042,0.4301
4047,0.6006
4049,0.5901
4061,0.4753
4062,0.1427
4064,0.2987
4074,0.4625
4076,0.6812
4083,0.7841
4094,0.5071
4103,0.7384
4105,0.3548
4106,0.4197
4109,0.2859
4118,0.5255
4124,0.5993
4126,0.3938
4127,0.3352
4131,0.4592
4135,0.6287
4139,0.2739
4143,0.2528
4147,0.4654
4153,0.5157
4156,0.3299
4164,0.3502
4169,0.2243
4171,0.1613
4177,0.5647
4196,0.5739
4200,0.2331
4206,0.75
4212,0.6853
4214,0.2877
4216,0.4486
4233,0.448
4237,0.3118
4240,0.388
4246,0.6393
4249,0.2667
4251,0.3434
4253,0.6462
4256,0.1715
4257,0.742
4264,0.3721
4271,0.3498
4274,0.3884
4277,0.4867
4283,0.4005
4292,0.3462
4299,0.7335
4302,0.3681
4311,0.328
4320,0.6593
4327,0.2856
4330,0.3481
4335,0.5454
4336,0.6548
4338,0.1747
4342,0.1747
4344,0.5185
4345,0.3765
4349,0.4911
4356,0.3432
4396,0.6612
4403,0.6599
4412,0.5092
4417,0.1493
4420,0.4956
4427,0.47
4432,0.6569
4433,0.5524
4443,0.61
4444,0.4476
4446,0.4882
4457,0.1879
4470,0.6108
4475,0.2251
4476,0.7029
4483,0.7602
4486,0.1043
4488,0.1454
4490,0.4014
4495,0.641
4501,0.6193
4504,0.5897
4510,0.4337
4513,0.2452
4516,0.1588
4532,0.2694
4533,0.3604
4545,0.4572
4546,0.5056
4547,0.3
4548,0.304
4550,0.6313
4562,0.7786
4566,0.6556
4567,0.7197
4573,0.6029
4574,0.3171
4576,0.2285
4581,0.4266
4587,0.3548
4594,0.1317
4600,0.3666
4607,0.2492
4610,0.263
4612,0.3753
4619,0.5803
4622,0.3628
4623,0.4598
4632,0.6951
4638,0.2699
4640,0.5784
4642,0.1772
4645,0.3237
4648,0.1512
4654,0.5014
4656,0.4594
4657,0.4151
4663,0.3288
4665,0.3884
4671,0.4972
4676,0.2279
4679,0.4478
4683,0.7183
4694,0.4216
4696,0.4096
4699,0.2977
4705,0.378
4714,0.5186
4716,0.6106
4723,0.443
4736,0.2682
4738,0.1984
4741,0.4777
4744,0.0944
4749,0.5574
4751,0.4716
4754,0.4983
4757,0.0748
4760,0.5905
4762,0.7871
4764,0.2478
4765,0.5984
4773,0.733
4785,0.076
4786,0.3592
4790,0.6273
4792,0.5481
4801,0.4046
4807,0.3891
4818,0.387
4822,0.6011
4826,0.4353
4843,0.1778
4846,0.097
4850,0.3465
4851,0.2
4854,0.4001
4864,0.7195
4865,0.573
4867,0.5796
4869,0.5848
4873,0.2342
4880,0.5789
4882,0.6451
4886,0.5147
4890,0.5644
4900,0.7314
4910,0.4731
4911,0.3175
4912,0.3154
4923,0.4694
4924,0.2012
4928,0.0988
4932,0.4273
4942,0.6428
4945,0.7554
4951,0.2781
4960,0.3768
4966,0.1179
4967,0.3121
4975,0.6977
4980,0.3366
4981,0.2695
4982,0.0966
4985,0.4139
4987,0.6652
4993,0.352
4996,0.6713
4997,0.4296
4999,0.7158
5000,0.119
5003,0.4346
5005,0.195
5007,0.2593
5021,0.1233
5024,0.7611
5028,0.0962
5030,0.2873
5032,0.2909
5033,0.1501
5038,0.7735
5040,0.6534
5043,0.6007
5052,0.34
5053,0.3161
5069,0.2807
5084,0.3605
5094,0.2861
5096,0.2669
5099,0.3653
5104,0.6914
5106,0.4717
5109,0.3807
5114,0.4059
5115,0.5096
5116,0.346
5117,0.4905
5118,0.3908
5129,0.2697
5132,0.3178
5152,0.1076
5165,0.377
5166,0.0579
5168,0.2692
5171,0.5519
5173,0.3685
5175,0.6258
5177,0.3101
5179,0.416
5181,0.5132
5182,0.44
5210,0.6364
5212,0.3272
5213,0.3528
5215,0.7489
5217,0.5463
5223,0.5014
5228,0.5866
5241,0.6513
5242,0.5454
5243,0.5745
5244,0.314
5246,0.2158
5255,0.3129
5257,0.2695
5261,0.3433
5266,0.1355
5272,0.0591
5274,0.1068
5277,0.4254
5278,0.418
5280,0.1058
5294,0.2664
5298,0.5477
5301,0.4244
5304,0.4941
5314,0.5786
5320,0.5614
5322,0.64
5323,0.4342
5326,0.4823
5329,0.2792
5340,0.5914
5344,0.2888
5345,0.6729
5347,0.3582
5349,0.3506
5354,0.299
5355,0.4124
5360,0.162
5366,0.2273
5371,0.3127
5386,0.1124
5401,0.4722
5404,0.1682
5405,0.4717
5408,0.6231
5420,0.6519
5422,0.17
5426,0.2883
5434,0.4332
5436,0.2034
5438,0.3765
5446,0.6348
5447,0.5545
5454,0.4137
5457,0.2005
5462,0.1828
5472,0.4492
5477,0.4486
5484,0.2904
5491,0.2736
5498,0.4927
5501,0.5212
5503,0.3995
5504,0.4002
5512,0.1689
5526,0.7093
5532,0.415
5533,0.2836
5535,0.1463
5541,0.4366
5547,0.6004
5551,0.3922
5556,0.3461
5558,0.4862
5559,0.3723
5568,0.6765
5589,0.4219
5594,0.6682
5597,0.7828
5600,0.0769
5606,0.1205
5610,0.1991
5615,0.5679
5634,0.473
5638,0.238
5639,0.2786
5650,0.2445
5664,0.2587
5669,0.408
5670,0.4943
5673,0.606
5685,0.6785
5687,0.572
5695,0.6534
5703,0.4505
5709,0.0657
5713,0.4396
5714,0.2276
5718,0.499
5725,0.2972
5727,0.5029
5734,0.2829
5750,0.4625
5753,0.542
5759,0.2953
5766,0.2095
5778,0.1278
5779,0.3622
5781,0.5263
5783,0.0938
5787,0.3567
5789,0.7424
5791,0.611
5793,0.5683
5796,0.6057
5804,0.2043
5809,0.5072
5811,0.3621
5823,0.4076
5829,0.2677
5830,0.437
5834,0.2898
5839,0.5018
5841,0.5469
5849,0.48
5853,0.6081
5862,0.1233
5866,0.4224
5871,0.2436
5874,0.4544
5877,0.1447
5880,0.4948
5881,0.5503
5885,0.4513
5887,0.2142
5889,0.5427
5898,0.759
5902,0.4899
5905,0.7046
5916,0.2375
5919,0.4473
5923,0.2318
5924,0.3409
5926,0.4835
5931,0.5105
5934,0.42
5940,0.5116
5948,0.4543
5954,0.4783
5955,0.393
5956,0.3595
5960,0.3475
5962,0.3596
5964,0.3631
5967,0.1448
5974,0.4701
5976,0.6351
5978,0.3329
5982,0.6394
5991,0.3278
5994,0.5612
5999,0.6703
6009,0.4036
6013,0.3901
6018,0.5394
6019,0.7292
6024,0.2201
6030,0.2471
6031,0.4733
6035,0.3476
6036,0.3091
6038,0.3968
6047,0.3816
6063,0.4782
6064,0.2637
6067,0.615
6082,0.2226
6087,0.434
6089,0.4605
6098,0.563
6102,0.2034
6117,0.278
6121,0.2116
6122,0.4217
6126,0.5136
6128,0.6143
6136,0.6348
6142,0.4671
6143,0.512
6147,0.3517
6152,0.4893
6155,0.2902
6157,0.5088
6159,0.4112
6166,0.4331
6176,0.3917
6182,0.5118
6186,0.4036
6188,0.5886
6190,0.1068
6191,0.5507
6195,0.3399
6196,0.5086
6197,0.6429
6200,0.4913
6208,0.4693
6210,0.071
6221,0.586
6232,0.3369
6234,0.1681
6237,0.1287
6241,0.5188
6242,0.446
6249,0.1978
6263,0.4578
6269,0.2267
6270,0.555
6272,0.3049
6275,0.6578
6282,0.2451
6284,0.7619
6286,0.5819
6291,0.1548
6292,0.6955
6294,0.4679
6295,0.5636
6298,0.5376
6313,0.7559
6322,0.2366
6330,0.1903
6336,0.268
6357,0.6929
6361,0.2523
6369,0.6306
6383,0.6332
6395,0.5242
6397,0.4418
6398,0.6943
6410,0.5378
6412,0.7428
6417,0.6265
6422,0.4767
6423,0.3908
6426,0.4249
6428,0.3062
6429,0.2412
6434,0.5485
6439,0.4607
6440,0.2669
6443,0.357
6448,0.5675
6453,0.1087
6456,0.5434
6457,0.5955
6465,0.0608
6472,0.5072
6481,0.1697
6485,0.6249
6488,0.509
6491,0.7586
6495,0.1838
6503,0.208
6518,0.0702
6522,0.5265
6525,0.1683
6530,0.6064
6536,0.2711
6539,0.2451
6542,0.4816
6547,0.2835
6559,0.5628
6564,0.145
6568,0.4117
6570,0.4253
6580,0.661
6582,0.3627
6586,0.4985
6590,0.1832
6592,0.1774
6594,0.5563
6595,0.6255
6607,0.1314
6614,0.0864
6616,0.5662
6621,0.1406
6626,0.4453
6630,0.6416
6633,0.5421
6634,0.1726
6638,0.3995
6643,0.6
6646,0.6378
6653,0.1695
6660,0.6495
6662,0.1543
6666,0.4783
6669,0.6076
6671,0.681
6679,0.4795
6683,0.1012
6684,0.0664
6685,0.5284
6699,0.6367
6703,0.6615
6711,0.2017
6715,0.364
6726,0.5519
6727,0.1608
6735,0.435
6736,0.3564
6740,0.3687
6747,0.459
6749,0.7126
6751,0.5423
6752,0.4506
6756,0.5838
6761,0.4038
6770,0.4545
6771,0.5875
6772,0.3832
6775,0.4577
6777,0.294
6778,0.4213
6780,0.4118
6784,0.2497
6794,0.489
6798,0.3883
6801,0.1227
6816,0.367
6827,0.3972
6833,0.3232
6841,0.3318
6845,0.3625
6852,0.3041
6853,0.5955
6858,0.1165
6866,0.3208
6873,0.5296
6880,0.2229
6883,0.4046
6884,0.184
6885,0.5096
6890,0.063
6891,0.7535
6893,0.4982
6894,0.6537
6900,0.8128
6902,0.4667
6908,0.0799
6925,0.558
6929,0.5341
6932,0.6665
6934,0.268
6935,0.7316
6945,0.1954
6951,0.6028
6955,0.3849
6957,0.2036
6959,0.3828
6960,0.408
6961,0.2755
6966,0.1566
6971,0.6271
6974,0.3591
6975,0.365
6976,0.4297
6979,0.2718
6980,0.3268
6984,0.3527
6988,0.6708
6989,0.5531
6991,0.3914
6992,0.4741
6996,0.5671
6997,0.3916
7011,0.5036
7016,0.5033
7026,0.4515
7033,0.4898
7042,0.6121
7046,0.1602
7051,0.3333
7052,0.3797
7053,0.628
7059,0.5681
7063,0.2134
7064,0.4118
7065,0.3139
7066,0.4463
7070,0.288
7084,0.3691
7107,0.6542
7113,0.6277
7114,0.446
7116,0.5291
7124,0.7383
7127,0.4492
7135,0.3568
7140,0.4971
7149,0.2926
7152,0.6589
7158,0.4006
7162,0.586
7178,0.0942
7184,0.6127
7187,0.301
7192,0.6899
7195,0.4605
7198,0.4414
7202,0.558
7206,0.2567
7207,0.4283
7208,0.2679
7213,0.3902
7214,0.1045
7228,0.6098
7232,0.5406
7236,0.3031
7242,0.144
7243,0.2211
7248,0.5136
7251,0.389
7253,0.5112
7254,0.6439
7259,0.3573
7264,0.5032
7273,0.4924
7276,0.2814
7280,0.4225
7284,0.7687
7308,0.2543
7316,0.677
7341,0.4747
7347,0.4753
7353,0.4918
7356,0.5911
7357,0.0652
7376,0.3754
7392,0.3513
7396,0.394
7409,0.1189
7411,0.2801
7415,0.1619
7416,0.6444
7418,0.6423
7419,0.3719
7430,0.1742
7432,0.6994
7434,0.5958
7441,0.4094
7453,0.215
7465,0.5474
7470,0.5723
7471,0.4499
7472,0.5135
7494,0.2147
7496,0.6029
7513,0.4788
7518,0.4256
7521,0.4751
7524,0.3066
7530,0.2981
7531,0.6409
7535,0.2104
7543,0.4139
7552,0.6242
7556,0.6806
7561,0.1981
7573,0.5154
7576,0.5818
7584,0.6931
7592,0.2678
7593,0.3243
7594,0.6628
7601,0.213
7602,0.3258
7606,0.4913
7609,0.2923
7611,0.3811
7614,0.107
7618,0.6026
7619,0.1963
7629,0.4384
7645,0.1764
7647,0.3115
7650,0.4282
7659,0.4802
7665,0.3467
7666,0.5689
7668,0.4141
7671,0.3188
7673,0.41
7675,0.6205
7683,0.4781
7686,0.5382
7689,0.3128
7693,0.5628
7699,0.4492
7705,0.6009
7714,0.1066
7720,0.548
7723,0.6394
7726,0.5579
7729,0.2125
7730,0.5324
7736,0.5584
7744,0.3268
7752,0.1552
7753,0.4865
7754,0.3819
7755,0.2965
7757,0.4895
7760,0.078
7766,0.7009
7773,0.4034
7778,0.2841
7781,0.3916
7787,0.6516
7799,0.4928
7800,0.4464
7805,0.6461
7811,0.5012
7814,0.2407
7816,0.3461
7819,0.6128
7822,0.2411
7825,0.3439
7832,0.1073
7835,0.8
7839,0.2747
7842,0.6188
7848,0.6339
7852,0.5345
7854,0.5327
7858,0.4564
7859,0.4503
7865,0.6074
7869,0.2415
7870,0.4766
7876,0.3342
7882,0.2441
7887,0.5916
7889,0.4261
7891,0.8034
7894,0.279
7896,0.6662
7898,0.0839
7904,0.5173
7907,0.2876
7911,0.3712
7917,0.4415
7923,0.6846
7927,0.5049
7928,0.5205
7929,0.3486
7933,0.0791
7934,0.3837
7941,0.5922
7944,0.6077
7949,0.4083
7951,0.6054
7954,0.3878
7957,0.5488
7959,0.5799
7961,0.5641
7962,0.6004
7969,0.233
7973,0.1252
7974,0.6291
7979,0.493
7989,0.3842
7990,0.3297
8001,0.4067
8006,0.302
8010,0.4664
8015,0.6996
8018,0.3629
8027,0.626
8032,0.5185
8033,0.1826
8035,0.2392
8041,0.3706
8044,0.4346
8049,0.6749
8051,0.2071
8057,0.4408
8059,0.6508
8073,0.2327
8075,0.7724
8078,0.297
8081,0.633
8082,0.5971
8084,0.6362
8086,0.1734
8099,0.418
8101,0.2645
8104,0.6757
8108,0.58
8112,0.709
8117,0.6678
8119,0.2092
8124,0.2878
8125,0.4433
8137,0.77
8140,0.4574
8143,0.595
8154,0.1545
8164,0.6896
8174,0.4436
8192,0.166
8195,0.076
8196,0.4736
8197,0.5015
8201,0.4453
8202,0.5467
8208,0.3099
8214,0.142
8220,0.3574
8237,0.2186
8242,0.3203
8244,0.2469
8248,0.4457
8250,0.6059
8252,0.3028
8256,0.5191
8258,0.3002
8267,0.2708
8271,0.0858
8275,0.6655
8281,0.6762
8290,0.1239
8291,0.4807
8292,0.3938
8293,0.4484
8299,0.3366
8308,0.4893
8311,0.6293
8323,0.6341
8327,0.4855
8332,0.4084
8348,0.5446
8349,0.5604
8353,0.4863
8355,0.4125
8364,0.6565
8377,0.1339
8382,0.3382
8387,0.6431
8388,0.3901
8391,0.2419
8395,0.1496
8403,0.6474
8404,0.3956
8406,0.626
8410,0.5381
8416,0.3581
8417,0.5492
8419,0.5559
8421,0.5257
8426,0.4331
8429,0.3535
8454,0.2777
8459,0.2765
8468,0.3745
8469,0.5145
8477,0.6104
8482,0.3679
8483,0.4658
8487,0.5567
8492,0.278
8495,0.2347
8503,0.1897
8504,0.3992
8505,0.2086
8512,0.2034
8516,0.5269
8517,0.6658
8518,0.6199
8520,0.5252
8521,0.4562
8522,0.6041
8527,0.5526
8530,0.6877
8532,0.3838
8535,0.6566
8538,0.6343
8539,0.4227
8540,0.478
8545,0.3802
8548,0.6071
8561,0.4096
8563,0.5001
8587,0.1647
8590,0.4023
8599,0.2672
8601,0.5583
8607,0.3226
8613,0.2688
8616,0.4055
8618,0.7373
8625,0.2395
8629,0.4273
8630,0.297
8632,0.4884
8638,0.6321
8651,0.1639
8652,0.1219
8653,0.2957
8657,0.3252
8660,0.5651
8662,0.502
8663,0.4159
8670,0.302
8672,0.5682
8679,0.432
8685,0.4064
8686,0.3581
8692,0.4348
8704,0.2496
8705,0.2786
8711,0.5439
8715,0.7421
8720,0.3878
8735,0.3161
8737,0.3104
8740,0.2866
8744,0.3284
8747,0.4525
8748,0.1071
8762,0.7207
8767,0.4551
8770,0.4846
8771,0.409
8774,0.5335
8780,0.4431
8790,0.2885
8791,0.2583
8793,0.3034
8805,0.5591
8815,0.2041
8822,0.4634
8831,0.5594
8833,0.5579
8834,0.4695
8835,0.6333
8836,0.2863
8840,0.4151
8841,0.3651
8847,0.3874
8854,0.3837
8856,0.4209
8867,0.3491
8874,0.4758
8897,0.1207
8901,0.736
8914,0.1551
8917,0.3618
8920,0.4579
8922,0.6915
8923,0.7078
8931,0.5639
8935,0.3158
8936,0.6681
8937,0.1886
8941,0.374
8947,0.5574
8951,0.3464
8956,0.4286
8961,0.169
8964,0.4307
8970,0.6503
8975,0.1911
8978,0.2962
8983,0.2869
8991,0.5253
8998,0.5006
9006,0.4257
9016,0.4527
9018,0.3252
9019,0.4502
9023,0.3072
9039,0.0968
9040,0.5463
9045,0.2722
9050,0.6625
9059,0.2458
9062,0.7544
9063,0.5877
9066,0.5454
9070,0.3016
9073,0.5587
9075,0.5438
9077,0.3326
9078,0.6399
9083,0.297
9094,0.3004
9103,0.443
9104,0.6729
9108,0.3302
9113,0.0743
9115,0.3411
9116,0.2596
9118,0.5354
9126,0.1805
9143,0.3561
9146,0.6406
9150,0.1546
9151,0.3484
9153,0.3066
9158,0.3797
9160,0.2189
9162,0.672
9167,0.315
9179,0.4695
9192,0.2867
9209,0.7342
9223,0.3052
9239,0.2896
9254,0.1839
9259,0.2732
9263,0.5515
9267,0.1973
9271,0.519
9273,0.1771
9274,0.2809
9277,0.3887
9281,0.5504
9305,0.5737
9307,0.6767
9309,0.5474
9321,0.4302
9331,0.3552
9333,0.5934
9338,0.4637
9344,0.5203
9353,0.7357
9369,0.1421
9371,0.4483
9376,0.4505
9377,0.5904
9385,0.4677
9391,0.7106
9397,0.6415
9398,0.3399
9405,0.3256
9411,0.3414
9418,0.664
9421,0.184
9427,0.2292
9436,0.2759
9447,0.1169
9448,0.7056
9450,0.6709
9452,0.4187
9458,0.6496
9462,0.2858
9465,0.448
9466,0.4919
9472,0.7863
9474,0.3159
9485,0.4823
9492,0.3806
9493,0.1545
9497,0.2837
9504,0.6092
9505,0.4446
9519,0.6386
9527,0.6348
9528,0.7354
9536,0.6629
9537,0.5356
9538,0.5176
9542,0.3468
9543,0.1042
9544,0.4826
9545,0.4333
9548,0.4844
9549,0.254
9556,0.2563
9567,0.0816
9578,0.6854
9592,0.5628
9601,0.4966
9606,0.3561
9612,0.6898
9614,0.3115
9616,0.4895
9618,0.6107
9619,0.4919
9622,0.0984
9649,0.4264
9650,0.5033
9651,0.1027
9653,0.526
9662,0.1259
9663,0.3409
9665,0.646
9678,0.3129
9686,0.3255
9690,0.2204
9691,0.5596
9705,0.3816
9712,0.6554
9715,0.188
9717,0.5115
9719,0.3181
9727,0.7732
9728,0.5856
9744,0.5807
9746,0.3521
9755,0.1374
9756,0.468
9760,0.464
9762,0.2668
9767,0.2243
9768,0.3473
9770,0.7271
9778,0.2649
9787,0.1862
9789,0.3677
9790,0.4098
9791,0.5613
9794,0.3556
9799,0.4283
9808,0.4821
9814,0.572
9829,0.2895
9837,0.3924
9847,0.323
9848,0.1866
9850,0.5602
9853,0.6999
9857,0.5115
9859,0.4153
9864,0.5627
9867,0.0884
9868,0.4791
9872,0.1066
9874,0.1772
9876,0.2467
9881,0.7176
9888,0.681
9890,0.2224
9893,0.641
9897,0.2282
9901,0.3273
9904,0.1411
9905,0.3106
9907,0.4335
9909,0.6371
9911,0.5044
9915,0.2451
9920,0.6557
9926,0.492
9930,0.1898
9931,0.0606
9933,0.5859
9935,0.4886
9938,0.2902
9940,0.7842
9941,0.3242
9951,0.5135
9953,0.1694
9971,0.3469
9972,0.443
9973,0.1794
9974,0.4407
9975,0.2345
9978,0.5452
9981,0.5089
9982,0.5713
9987,0.6134
9999,0.5559
10001,0.2781
10003,0.1845
10005,0.3768
10015,0.223
10019,0.154
10029,0.7766
10032,0.3907
10039,0.4628
10051,0.2752
10052,0.5617
10055,0.8338
10058,0.5603
10063,0.0497
10067,0.6008
10068,0.7277
10080,0.2387
10082,0.619
10088,0.2366
10097,0.1316
10102,0.3697
10103,0.6404
10105,0.562
10111,0.5753
10120,0.4129
10133,0.5613
10136,0.3094
10150,0.0904
10160,0.694
10166,0.2466
10169,0.5181
10179,0.3946
10189,0.5176
10194,0.6256
10195,0.6858
10216,0.2496
10217,0.4903
10223,0.4554
10225,0.676
10228,0.7738
10231,0.4449
10233,0.054
10235,0.552
10244,0.4018
10246,0.5475
10247,0.309
10252,0.375
10255,0.4402
10257,0.4547
10260,0.2736
10261,0.3917
10265,0.1981
10269,0.6936
10270,0.5023
10272,0.6915
10275,0.2861
10278,0.7336
10282,0.5779
10284,0.5974
10288,0.3426
10289,0.631
10290,0.5068
10293,0.5505
10301,0.6728
10304,0.2858
10305,0.3865
10307,0.3037
10308,0.4735
10319,0.33
10321,0.2404
10328,0.1033
10329,0.4668
10330,0.2301
10336,0.6739
10339,0.1629
10340,0.6618
10352,0.4869
10353,0.2845
10367,0.2435
10376,0.4307
10387,0.4287
10403,0.4316
10425,0.6092
10426,0.6611
10435,0.2584
10441,0.4546
10461,0.6495
10465,0.2203
10469,0.5471
10479,0.1693
10483,0.4141
10490,0.2451
10495,0.4198
10496,0.2695
10499,0.3385
10500,0.2637
10509,0.0685
10510,0.3567
10517,0.179
10519,0.3943
10532,0.4852
10534,0.2633
10536,0.3483
10538,0.5258
10557,0.4743
10564,0.568
10572,0.4301
10582,0.5125
10587,0.5671
10590,0.5136
10592,0.4632
10595,0.5042
10606,0.1282
10607,0.6713
10609,0.2366
10611,0.3202
10612,0.1049
10613,0.4632
10622,0.7742
10623,0.4357
10626,0.516
10640,0.3566
10641,0.4058
10644,0.6153
10646,0.6193
10648,0.6464
10652,0.0516
10669,0.1648
10672,0.2054
10675,0.6547
10677,0.3362
10679,0.6739
10680,0.5444
10686,0.6588
10687,0.3593
10688,0.2405
10690,0.6212
10693,0.69
10694,0.5968
10698,0.3229
10701,0.3225
10702,0.4443
10705,0.5429
10706,0.6165
10707,0.5656
10710,0.2041
10719,0.1688
10721,0.5544
10722,0.3721
10723,0.2216
10728,0.6867
10731,0.1055
10735,0.3898
10736,0.4912
10749,0.1534
10766,0.4977
10772,0.6837
10781,0.3732
10782,0.4593
10785,0.1588
10786,0.563
10798,0.3702
10802,0.4911
10804,0.6045
10806,0.327
10807,0.4686
10811,0.112
10812,0.155
10813,0.5491
10821,0.3402
10829,0.5308
10830,0.5411
10832,0.3672
10838,0.6569
10840,0.5446
10858,0.4268
10870,0.5685
10872,0.7201
10883,0.6508
10884,0.5827
10887,0.673
10891,0.3214
10893,0.1521
10896,0.6032
10906,0.4294
10912,0.293
10915,0.4183
10920,0.7448
10921,0.6558
10923,0.2767
10926,0.7108
10929,0.1865
10931,0.0759
10947,0.3277
10950,0.567
10952,0.2779
10955,0.6299
10958,0.6372
10960,0.2964
10962,0.508
10967,0.2097
10973,0.5202
10974,0.4585
10976,0.352
10984,0.5912
10989,0.4917
10992,0.2743
10997,0.5078
11006,0.2627
11024,0.4811
11039,0.2987
11044,0.1949
11051,0.324
11054,0.5848
11066,0.4338
11069,0.4474
11082,0.5246
11083,0.7475
11085,0.7336
11087,0.4828
11092,0.2328
11105,0.6785
11109,0.3418
11114,0.7614
11124,0.7222
11125,0.4328
11130,0.5343
11131,0.7051
11132,0.6794
11134,0.4079
11139,0.4423
11142,0.2686
11148,0.4611
11165,0.4256
11167,0.4154
11171,0.0754
11175,0.143
11184,0.4353
11189,0.4932
11193,0.6242
11196,0.6489
11198,0.6415
11200,0.4277
11201,0.2197
11207,0.6648
11209,0.2807
11217,0.3492
11218,0.4832
11222,0.3205
11236,0.3244
11239,0.4079
11246,0.5531
11247,0.3799
11250,0.2778
11253,0.4481
11257,0.3409
11259,0.6304
11261,0.5151
11262,0.337
11264,0.1006
11265,0.0641
11267,0.2638
11272,0.2265
11279,0.3524
11281,0.3345
11283,0.2963
11286,0.2535
11288,0.5452
11291,0.6332
11297,0.3571
11299,0.682
11301,0.3403
11303,0.4667
11307,0.3336
11317,0.4874
11325,0.2277
11331,0.333
11332,0.4871
11333,0.6439
11334,0.4183
11356,0.2963
11357,0.2857
11358,0.7116
11369,0.5864
11380,0.2574
11381,0.8147
11391,0.3389
11400,0.0937
11404,0.634
11406,0.312
11408,0.0904
11418,0.5631
11424,0.5394
11427,0.2737
11431,0.0808
11437,0.1127
11451,0.5292
11458,0.2423
11466,0.289
11470,0.6843
11472,0.7103
11484,0.4278
11485,0.5881
11487,0.6521
11489,0.421
11490,0.168
11498,0.2672
11501,0.1272
11515,0.287
11517,0.5304
11519,0.3129
11522,0.3547
11525,0.599
11526,0.6847
11541,0.2917
11543,0.5749
11546,0.6547
11557,0.5565
11563,0.4612
11581,0.3247
11583,0.5388
11585,0.5559
11590,0.2735
11591,0.5929
11600,0.3158
11601,0.3997
11604,0.4265
11609,0.7644
11616,0.1703
11619,0.4279
11624,0.5163
11625,0.2726
11633,0.498
11640,0.3861
11667,0.6451
11668,0.5754
11675,0.4245
11676,0.4404
11679,0.3219
11681,0.5113
11684,0.3742
11699,0.4604
11702,0.5861
11712,0.4067
11713,0.2121
11716,0.6463
11724,0.7052
11730,0.7075
11737,0.1538
11749,0.6701
11754,0.3393
11757,0.4251
11768,0.2175
11775,0.2067
11777,0.5393
11791,0.5597
11798,0.5368
11801,0.565
11809,0.3112
11810,0.1766
11814,0.5742
11826,0.5257
11837,0.423
11844,0.3464
11848,0.1838
11858,0.3645
11859,0.1202
11862,0.1493
11866,0.535
11879,0.4933
11882,0.5124
11883,0.2601
11887,0.3391
11892,0.0693
11905,0.7108
11912,0.3716
11914,0.1737
11921,0.0878
11922,0.1226
11926,0.4239
11930,0.1469
11938,0.4943
11949,0.5249
11950,0.2484
11959,0.3677
11961,0.1434
11962,0.2148
11963,0.5121
11965,0.3726
11973,0.4927
11977,0.3281
11979,0.4612
11980,0.1702
11981,0.6351
11997,0.6121
11998,0.584
12000,0.2055
12005,0.4232
12009,0.4127
12012,0.5491
12016,0.6318
12029,0.5372
12032,0.4319
12038,0.1911
12039,0.4459
12065,0.5234
12073,0.2469
12075,0.4256
12076,0.0846
12080,0.2204
12082,0.3699
12090,0.3627
12095,0.432
12097,0.4424
12101,0.5248
12103,0.7165
12108,0.3162
12109,0.0758
12114,0.6039
12127,0.7567
12132,0.4791
12137,0.2818
12138,0.5587
12140,0.3127
12150,0.3417
12152,0.4396
12168,0.669
12169,0.4585
12177,0.7948
12183,0.3699
12187,0.3837
12191,0.5117
12196,0.2935
12199,0.5967
12201,0.1243
12202,0.3232
12204,0.4298
12206,0.6957
12207,0.6667
12208,0.3678
12219,0.2257
12222,0.5108
12225,0.6647
12232,0.3427
12237,0.402
12246,0.4181
12247,0.468
12263,0.5469
12268,0.5201
12275,0.5345
12281,0.6167
12298,0.6747
12304,0.3473
12305,0.3898
12306,0.2636
12311,0.3958
12313,0.5541
12319,0.3081
12324,0.6556
12326,0.5097
12327,0.2932
12336,0.4051
12339,0.2764
12340,0.5371
12345,0.4573
12347,0.5999
12350,0.5497
12351,0.5829
12356,0.2507
12363,0.5696
12364,0.6262
12367,0.4223
12368,0.1053
12371,0.2625
12375,0.3816
12381,0.4803
12384,0.2692
12400,0.24
12401,0.6633
12405,0.6044
12410,0.1343
12413,0.561
12420,0.3663
12422,0.6716
12426,0.5856
12430,0.5106
12435,0.6009
12443,0.4124
12444,0.4538
12446,0.5704
12448,0.5848
12453,0.2311
12456,0.6483
12461,0.2618
12464,0.1826
12467,0.2609
12472,0.6599
12475,0.6538
12477,0.2083
12482,0.5089
12487,0.3086
12506,0.5365
12509,0.2063
12517,0.6305
12529,0.1858
12536,0.5986
12545,0.4587
12551,0.291
12553,0.3489
12555,0.3389
12562,0.5366
12564,0.5776
12568,0.697
12569,0.2677
12572,0.1297
12575,0.1604
12577,0.386
12581,0.292
12588,0.5154
12597,0.3213
12606,0.4696
12623,0.2689
12628,0.535
12636,0.1948
12637,0.6657
12645,0.5211
12646,0.4542
12647,0.4031
12655,0.6623
12662,0.3967
12666,0.5374
12668,0.4693
12669,0.3629
12672,0.1922
12676,0.6144
12680,0.487
12684,0.5643
12686,0.101
12701,0.6113
12706,0.3827
12729,0.1395
12731,0.5735
12733,0.4156
12745,0.792
12747,0.539
12748,0.7237
12751,0.3124
12753,0.4807
12761,0.3376
12776,0.2528
12789,0.2605
12793,0.2266
12801,0.4971
12807,0.6582
12812,0.3928
12815,0.6434
12825,0.3729
12828,0.2944
12829,0.634
12838,0.4519
12851,0.5978
12857,0.2917
12862,0.6281
12872,0.2843
12874,0.2361
12877,0.2558
12886,0.0838
12888,0.5242
12890,0.6341
12895,0.2355
12896,0.5018
12902,0.5002
12903,0.5918
12913,0.1456
12915,0.3206
12919,0.1132
12927,0.1768
12928,0.4965
12930,0.3282
12931,0.6322
12932,0.2595
12935,0.6045
12939,0.1038
12942,0.4012
12949,0.6599
12954,0.751
12957,0.6367
12973,0.6763
12975,0.3204
12988,0.7196
13009,0.462
13017,0.1759
13018,0.4465
13020,0.2152
13026,0.3459
13033,0.6281
13036,0.461
13055,0.2376
13061,0.0738
13066,0.6827
13071,0.3755
13076,0.6769
13077,0.4929
13080,0.5487
13087,0.6554
13088,0.4826
13089,0.391
13111,0.1411
13115,0.6325
13121,0.5229
13122,0.6123
13136,0.6062
13143,0.11
13147,0.6266
13148,0.2172
13151,0.3034
13155,0.4656
13166,0.4556
13167,0.6425
13168,0.4317
13169,0.3851
13175,0.3133
13179,0.4972
13183,0.1994
13185,0.72
13186,0.5901
13189,0.6015
13195,0.5996
13201,0.3049
13207,0.36
13209,0.5657
13225,0.6567
13227,0.1578
13268,0.1169
13271,0.3533
13274,0.3349
13286,0.7272
13289,0.6441
13308,0.5894
13321,0.2871
13322,0.7258
13324,0.5773
13334,0.6934
13339,0.1973
13343,0.5271
13346,0.3795
13349,0.3011
13362,0.3123
13369,0.6866
13376,0.5813
13381,0.0786
13396,0.3549
13402,0.2841
13403,0.3078
13411,0.3218
13419,0.2015
13432,0.3542
13436,0.2566
13437,0.5564
13458,0.3606
13463,0.3985
13464,0.3968
13465,0.7061
13472,0.6434
13474,0.3901
13484,0.3009
13487,0.2018
13490,0.3883
13493,0.5236
13500,0.1685
13503,0.401
13506,0.278
13511,0.6376
13533,0.5816
13535,0.6267
13539,0.7032
13542,0.5909
13563,0.6304
13566,0.3719
13567,0.1706
13568,0.4952
13569,0.3914
13575,0.359
13576,0.2105
13579,0.6036
13584,0.686
13585,0.3808
13586,0.625
13589,0.2716
13590,0.5804
13592,0.5622
13596,0.632
13615,0.369
13617,0.5752
13618,0.5626
13625,0.3596
13626,0.2316
13630,0.4058
13632,0.6168
13637,0.0787
13638,0.4337
13640,0.6408
13644,0.2938
13646,0.3618
13654,0.3198
13662,0.3445
13663,0.1119
13678,0.3495
13680,0.7116
13681,0.4753
13686,0.632
13695,0.5016
13696,0.1584
13697,0.5542
13710,0.6282
13719,0.4234
13721,0.2916
13723,0.1087
13724,0.4277
13726,0.6084
13728,0.2254
13729,0.2132
13751,0.6709
13752,0.3264
13763,0.6915
13769,0.3462
13774,0.4416
13779,0.3209
13787,0.2857
13790,0.1168
13796,0.3076
13799,0.5046
13805,0.6445
13810,0.2828
13812,0.6069
13814,0.5493
13820,0.1264
13825,0.6657
13827,0.3097
13835,0.6024
13837,0.342
13841,0.203
13842,0.5752
13849,0.2131
13852,0.2688
13855,0.344
13858,0.5865
13861,0.3033
13862,0.1795
13863,0.6489
13869,0.5757
13870,0.5462
13888,0.2722
13896,0.6716
13900,0.1339
13907,0.3892
13912,0.2672
13925,0.3092
13932,0.1578
13933,0.6211
13936,0.673
13937,0.5133
13945,0.5852
13956,0.448
13958,0.7011
13967,0.3775
13968,0.1348
13975,0.1759
13993,0.231
13996,0.1824
14008,0.3684
14012,0.6312
14013,0.454
14018,0.3249
14022,0.4653
14023,0.2904
14024,0.5979
14028,0.6944
14034,0.5785
14038,0.7137
14044,0.1925
14054,0.7069
14056,0.2232
14069,0.7446
14073,0.5283
14074,0.3669
14081,0.1529
14085,0.5704
14086,0.6402
14090,0.1405
14094,0.5648
14107,0.3843
14108,0.2094
14117,0.6426
14122,0.5925
14137,0.1126
14146,0.6679
14150,0.2064
14151,0.3129
14155,0.4513
14159,0.5714
14160,0.5814
14166,0.1592
14173,0.6506
14175,0.3005
14185,0.6561
14186,0.4091
14192,0.6193
14198,0.3849
14203,0.5215
14209,0.4371
14212,0.4115
14213,0.6172
14219,0.3932
14230,0.1676
14231,0.4584
14235,0.4467
14237,0.1064
14243,0.5563
14252,0.5726
14263,0.6057
14269,0.5757
14280,0.7106
14282,0.5656
14295,0.3585
14300,0.5913
14303,0.4714
14307,0.1443
14320,0.3716
14323,0.195
14324,0.2143
14332,0.5262
14337,0.1265
14340,0.5933
14342,0.3959
14346,0.3059
14361,0.1296
14363,0.2954
14365,0.5839
14406,0.495
14408,0.2481
14409,0.1025
14412,0.3678
14416,0.4013
14425,0.6143
14427,0.6317
14431,0.6245
14434,0.3958
14436,0.5713
14437,0.3909
14439,0.542
14444,0.4556
14446,0.6481
14452,0.6634
14454,0.3842
14457,0.6262
14458,0.4014
14459,0.4594
14461,0.4441
14462,0.1985
14467,0.5262
14476,0.7221
14482,0.2077
14485,0.2539
14493,0.3571
14500,0.2604
14502,0.2137
14506,0.3728
14514,0.6724
14515,0.1127
14522,0.3816
14529,0.5713
14530,0.3458
14534,0.4709
14539,0.4859
14552,0.4676
14560,0.5688
14569,0.3801
14575,0.6566
14590,0.3758
14593,0.1736
14598,0.4603
14601,0.37
14602,0.3049
14605,0.5679
14619,0.4491
14620,0.3747
14622,0.5151
14625,0.0854
14630,0.1655
14631,0.6356
14632,0.1748
14645,0.3335
14653,0.5369
14654,0.4129
14659,0.3946
14667,0.3465
14674,0.4925
14675,0.5444
14678,0.0672
14681,0.6665
14690,0.1255
14702,0.1529
14710,0.4776
14711,0.3382
14715,0.4436
14720,0.5769
14721,0.4451
14722,0.3932
14724,0.559
14731,0.1505
14735,0.4586
14736,0.4572
14738,0.3928
14740,0.5998
14747,0.4887
14754,0.3629
14755,0.2872
14769,0.6165
14770,0.617
14776,0.5575
14784,0.6291
14793,0.4846
14796,0.384
14799,0.0935
14801,0.303
14807,0.4428
14811,0.3321
14816,0.5178
14819,0.3721
14824,0.233
14826,0.4089
14827,0.6673
14828,0.4372
14832,0.4225
14838,0.1776
14840,0.6908
14848,0.7004
14850,0.1894
14856,0.2418
14861,0.3813
14873,0.7008
14874,0.6517
14876,0.4387
14900,0.4748
14911,0.727
14912,0.797
14913,0.2191
14915,0.5556
14931,0.1649
14938,0.2275
14950,0.1288
14957,0.319
14958,0.4255
14960,0.367
14963,0.6465
14967,0.3413
14968,0.1435
14974,0.2584
14978,0.4733
14989,0.7222
14993,0.2789
15009,0.3303
15010,0.5075
15014,0.7601
15016,0.5745
15023,0.4527
15024,0.4464
15035,0.173
15039,0.1784
15040,0.3042
15041,0.4173
15050,0.6519
15063,0.597
15072,0.3979
15083,0.4565
15085,0.5778
15087,0.3213
15098,0.7119
15099,0.4817
15105,0.1963
15114,0.3739
15118,0.3634
15124,0.5091
15125,0.4859
15136,0.2424
15137,0.6359
15141,0.6711
15145,0.7456
15151,0.7969
15152,0.0766
15153,0.1621
15162,0.7072
15170,0.3066
15172,0.7226
15173,0.4082
15191,0.151
15192,0.1003
15205,0.2995
15206,0.2169
15208,0.2349
15211,0.4669
15231,0.4072
15233,0.5058
15235,0.5749
15242,0.6426
15249,0.3667
15256,0.3672
15257,0.3403
15265,0.3959
15266,0.3242
15269,0.6915
15270,0.3926
15272,0.2564
15274,0.4419
15275,0.6268
15286,0.5687
15288,0.7365
15292,0.6792
15301,0.1158
15304,0.4902
15307,0.5099
15311,0.3659
15320,0.1041
15329,0.4374
15344,0.1659
15345,0.5229
15346,0.3315
15350,0.6985
15356,0.5006
15358,0.6685
15359,0.3385
15361,0.5025
15363,0.5915
15370,0.2811
15377,0.7311
15387,0.4055
15389,0.5895
15400,0.1184
15406,0.6675
15417,0.2931
15423,0.2238
15433,0.557
15445,0.4204
15448,0.3571
15455,0.4605
15456,0.1003
15461,0.3645
15463,0.5301
15470,0.3405
15475,0.5645
15478,0.1592
15489,0.6679
15504,0.0925
15509,0.5344
15511,0.404
15512,0.3564
15513,0.2951
15514,0.7174
15522,0.172
15526,0.2129
15528,0.8174
15529,0.6867
15533,0.0873
15534,0.3606
15537,0.532
15544,0.0923
15578,0.6655
15584,0.5511
15587,0.4085
15589,0.2601
15591,0.1778
15592,0.5591
15596,0.2309
15603,0.4852
15606,0.491
15612,0.3117
15627,0.5213
15628,0.4613
15629,0.4165
15631,0.5609
15636,0.7282
15638,0.4037
15640,0.3829
15641,0.5601
15642,0.6272
15646,0.5075
15659,0.6552
15662,0.2343
15664,0.3502
15665,0.5806
15669,0.4024
15671,0.604
15675,0.319
15681,0.2903
15685,0.673
15688,0.3016
15699,0.3068
15703,0.7787
15706,0.6062
15711,0.7397
15723,0.297
15728,0.2531
15732,0.5985
15744,0.4893
15753,0.4539
15759,0.2345
15768,0.6519
15770,0.2267
15778,0.5837
15779,0.5231
15781,0.4051
15788,0.6166
15789,0.2993
15791,0.4784
15805,0.6208
15812,0.7161
15825,0.6231
15840,0.3599
15845,0.4031
15850,0.3524
15857,0.7323
15858,0.5747
15867,0.5203
15873,0.767
15882,0.4537
15884,0.2826
15885,0.439
15887,0.2036
15889,0.3844
15890,0.7963
15901,0.5502
15912,0.6212
15913,0.6255
15917,0.6716
15920,0.3365
15923,0.2959
15927,0.3821
15939,0.6121
15943,0.4091
15946,0.6035
15951,0.3425
15954,0.4979
15955,0.4887
15959,0.448
15960,0.1988
15968,0.2788
15973,0.5703
15974,0.1337
15982,0.5085
15985,0.6929
15991,0.3848
15996,0.2803
15998,0.5441
16004,0.369
16006,0.0679
16013,0.4669
16028,0.2505
16029,0.3545
16036,0.2101
16038,0.7421
16043,0.3786
16046,0.353
16052,0.339
16055,0.6047
16057,0.1403
16062,0.5414
16063,0.5742
16074,0.2443
16085,0.6472
16094,0.2104
16096,0.4714
16107,0.6622
16112,0.2324
16114,0.4496
16116,0.578
16118,0.122
16121,0.3792
16123,0.2709
16124,0.3513
16125,0.4329
16129,0.5995
16130,0.6081
16132,0.2703
16147,0.2912
16151,0.1477
16155,0.3131
16158,0.6197
16161,0.6845
16162,0.3058
16164,0.122
16166,0.6871
16169,0.5116
16180,0.6747
16185,0.0676
16187,0.1203
16191,0.4428
16192,0.5303
16195,0.389
16202,0.4885
16205,0.3118
16211,0.3236
16215,0.4292
16223,0.1091
16229,0.6438
16243,0.44
16244,0.3611
16252,0.4716
16253,0.0792
16265,0.5996
16266,0.4889
16286,0.2936
16288,0.2166
16293,0.1425
16302,0.5496
16305,0.4056
16325,0.5777
16327,0.2451
16329,0.6997
16330,0.6325
16337,0.23
16340,0.58
16341,0.2833
16343,0.5925
16357,0.6017
16361,0.3763
16362,0.5759
16365,0.4235
16366,0.4657
16398,0.7962
16405,0.356
16410,0.5134
16412,0.3515
16417,0.4349
16422,0.2314
16428,0.6247
16434,0.6081
16436,0.2293
16443,0.1612
16444,0.6489
16459,0.3354
16460,0.5858
16463,0.1137
16478,0.2951
16491,0.6628
16493,0.1127
16497,0.3235
16499,0.2717
16504,0.4155
16510,0.7687
16538,0.6232
16542,0.6153
16545,0.2699
16552,0.477
16555,0.5099
16556,0.6448
16560,0.3595
16562,0.4984
16565,0.093
16566,0.5397
16574,0.618
16578,0.3413
16583,0.3907
16591,0.3949
16598,0.6453
16600,0.2514
16603,0.3409
16617,0.4111
16641,0.1147
16642,0.3969
16646,0.392
16649,0.3165
16650,0.3725
16655,0.1845
16668,0.2456
16676,0.2069
16679,0.5835
16686,0.1253
16692,0.4024
16704,0.3138
16716,0.3077
16723,0.6635
16727,0.1988
16728,0.4477
16738,0.5478
16741,0.6594
16742,0.5691
16753,0.5813
16755,0.7679
16757,0.3458
16760,0.3112
16762,0.4384
16770,0.2763
16772,0.4886
16774,0.7142
16781,0.564
16782,0.3213
16793,0.4569
16794,0.5644
16796,0.505
16799,0.1305
16800,0.1285
16803,0.1724
16805,0.2214
16812,0.4961
16815,0.4311
16817,0.3059
16819,0.3649
16820,0.5586
16827,0.664
16828,0.6283
16831,0.5945
16833,0.4608
16835,0.54
16836,0.163
16841,0.5261
16843,0.259
16848,0.5871
16849,0.4491
16856,0.598
16859,0.2466
16861,0.4837
16867,0.1337
16869,0.2177
16876,0.6305
16878,0.3963
16881,0.1617
16884,0.2626
16891,0.5072
16895,0.1854
16909,0.5576
16916,0.7135
16919,0.3275
16923,0.7823
16926,0.6254
16936,0.1036
16945,0.4144
16946,0.219
16948,0.5257
16954,0.4069
16956,0.5792
16978,0.3585
16981,0.3316
16983,0.4971
16987,0.6096
16992,0.3418
16993,0.7087
17003,0.3482
17004,0.3734
17011,0.5382
17014,0.2721
17017,0.4367
17031,0.467
17032,0.5804
17036,0.2945
17049,0.649
17055,0.1882
17060,0.2555
17062,0.6699
17069,0.3943
17075,0.2795
17078,0.3952
17083,0.2169
17085,0.395
17088,0.6716
17089,0.1081
17091,0.7212
17095,0.4954
17096,0.1929
17101,0.4266
17107,0.4173
17112,0.4938
17117,0.5991
17120,0.5012
17131,0.4377
17140,0.3975
17141,0.3969
17150,0.6344
17154,0.4473
17155,0.4458
17157,0.1086
17163,0.0901
17165,0.3019
17167,0.2801
17174,0.6354
17186,0.5761
17189,0.6446
17190,0.4806
17205,0.1858
17209,0.4187
17210,0.5373
17215,0.3146
17219,0.1678
17221,0.7144
17222,0.5345
17231,0.3055
17232,0.2494
17235,0.4062
17241,0.4696
17253,0.5995
17268,0.7169
17270,0.681
17275,0.4309
17278,0.3707
17280,0.3693
17281,0.4004
17283,0.6864
17284,0.061
17288,0.6406
17289,0.7117
17291,0.2722
17299,0.6505
17309,0.2359
17310,0.6174
17314,0.3851
17315,0.2021
17320,0.5461
17328,0.4824
17330,0.531
17331,0.5608
17335,0.4717
17339,0.1673
17342,0.2828
17368,0.3257
17369,0.3325
17373,0.3346
17374,0.7041
17386,0.6626
17396,0.3658
17399,0.718
17411,0.2943
17424,0.46
17429,0.182
17433,0.3459
17445,0.4301
17453,0.5906
17456,0.6345
17461,0.3909
17467,0.3214
17477,0.6824
17481,0.2538
17498,0.39
17515,0.144
17518,0.4338
17520,0.4005
17538,0.3198
17542,0.1592
17546,0.2994
17548,0.3283
17549,0.0935
17560,0.5329
17562,0.66
17566,0.2904
17570,0.65
17573,0.5509
17588,0.225
17591,0.3118
17601,0.6405
17604,0.2228
17606,0.4229
17610,0.4876
17612,0.406
17618,0.4057
17623,0.0596
17629,0.2958
17631,0.3822
17639,0.2303
17651,0.2679
17653,0.2197
17654,0.4671
17657,0.6848
17659,0.5941
17662,0.1118
17667,0.1314
17668,0.3888
17670,0.7705
17689,0.4345
17691,0.3304
17692,0.2625
17697,0.1723
17702,0.4163
17710,0.3698
17730,0.5996
17731,0.7142
17732,0.6897
17734,0.3
17735,0.1591
17737,0.3253
17738,0.7412
17745,0.5063
17747,0.5715
17751,0.3033
17752,0.1306
17759,0.4214
17762,0.5102
17763,0.3791
17767,0.498
17774,0.2586
17777,0.4503
17781,0.2702
17787,0.2837
17788,0.3174
17793,0.5025
17797,0.6152
17803,0.3918
17805,0.534
17806,0.1271
17814,0.0534
17816,0.3654
17818,0.2181
17819,0.5272
17820,0.7045
17822,0.4265
17827,0.3935
17830,0.224
17838,0.7672
17840,0.5641
17846,0.5139
17856,0.2929
17862,0.3429
17870,0.356
17872,0.2704
17875,0.6671
17881,0.2976
17882,0.3611
17889,0.3277
17890,0.0581
17892,0.5321
17895,0.7602
17896,0.4805
17902,0.3445
17905,0.471
17907,0.2531
17922,0.5887
17927,0.32
17933,0.429
17934,0.5993
17937,0.5803
17941,0.1763
17946,0.2152
17956,0.5684
17959,0.3874
17964,0.1364
17969,0.1806
17975,0.1686
17982,0.2661
17983,0.2285
17985,0.2429
17996,0.5986
17998,0.1485
18002,0.594
18004,0.3031
18006,0.4718
18007,0.3473
18028,0.4195
18029,0.4902
18032,0.1815
18033,0.3849
18039,0.0559
18047,0.4898
18050,0.193
18052,0.6234
18053,0.617
18056,0.0911
18072,0.4899
18075,0.2962
18076,0.2217
18084,0.3679
18088,0.5154
18095,0.4274
18100,0.1924
18104,0.2004
18105,0.3007
18110,0.2573
18114,0.116
18117,0.1572
18124,0.6316
18125,0.4397
18138,0.2847
18141,0.2051
18144,0.0921
18151,0.088
18154,0.3754
18156,0.566
18162,0.1372
18163,0.5707
18172,0.4716
18175,0.4092
18180,0.3472
18185,0.5907
18188,0.608
18190,0.2249
18200,0.3765
18205,0.3333
18208,0.5473
18212,0.4911
18214,0.2134
18217,0.3396
18219,0.2994
18220,0.3313
18221,0.4274
18223,0.4164
18224,0.3844
18244,0.4831
18245,0.4231
18257,0.4281
18262,0.535
18263,0.5132
18268,0.2111
18272,0.6423
18273,0.205
18274,0.5038
18275,0.6647
18290,0.4896
18292,0.2803
18294,0.1951
18298,0.4081
18301,0.5816
18306,0.5241
18309,0.5739
18310,0.6066
18313,0.6481
18322,0.5223
18325,0.6217
18328,0.5614
18335,0.6392
18341,0.4654
18343,0.4811
18361,0.2274
18362,0.4134
18365,0.1815
18370,0.3671
18371,0.4888
18378,0.1734
18386,0.319
18396,0.7289
18403,0.0721
18425,0.1373
18436,0.3837
18437,0.6596
18439,0.2063
18440,0.5613
18443,0.4849
18444,0.5343
18448,0.3646
18453,0.7774
18454,0.3696
18458,0.5808
18460,0.63
18461,0.6003
18465,0.5304
18467,0.441
18469,0.6117
18472,0.4048
18474,0.282
18478,0.4449
18485,0.0839
18489,0.7135
18494,0.2328
18495,0.459
18497,0.6531
18500,0.3231
18514,0.7105
18519,0.3404
18527,0.548
18530,0.5068
18531,0.5198
18532,0.4643
18536,0.5011
18543,0.4277
18548,0.2363
18553,0.0645
18554,0.2421
18558,0.2239
18559,0.3892
18562,0.2501
18564,0.3042
18569,0.1962
18581,0.1732
18587,0.6044
18590,0.2586
18605,0.6964
18606,0.0831
18612,0.4333
18616,0.2487
18625,0.7284
18627,0.4176
18628,0.324
18629,0.3215
18631,0.5458
18637,0.3244
18639,0.4968
18650,0.2042
18654,0.4198
18657,0.6225
18664,0.2915
18668,0.2329
18670,0.3335
18677,0.1594
18680,0.4552
18681,0.4494
18682,0.5621
18685,0.4455
18688,0.4727
18691,0.4108
18694,0.6778
18710,0.0727
18711,0.6586
18715,0.354
18726,0.3387
18728,0.4321
18733,0.3474
18738,0.2697
18743,0.1477
18746,0.5035
18748,0.6194
18755,0.7538
18759,0.4525
18761,0.5756
18763,0.5827
18764,0.5189
18765,0.3234
18770,0.5145
18773,0.5638
18782,0.31
18787,0.3516
18792,0.4177
18793,0.4286
18794,0.3542
18801,0.2347
18805,0.1954
18807,0.6964
18811,0.6864
18820,0.5162
18821,0.0754
18822,0.284
18825,0.224
18827,0.4294
18831,0.4795
18833,0.2634
18841,0.6717
18851,0.6104
18852,0.4041
18857,0.1231
18865,0.6153
18871,0.0975
18872,0.4143
18873,0.3117
18876,0.5438
18879,0.2223
18885,0.4093
18887,0.4964
18902,0.752
18905,0.5693
18914,0.5821
18915,0.7101
18923,0.1907
18924,0.3984
18925,0.5724
18930,0.2788
18935,0.5204
18937,0.6466
18941,0.6727
18946,0.5533
18948,0.3835
18958,0.3122
18959,0.0878
18961,0.2456
18964,0.648
18972,0.2908
18975,0.1173
18978,0.4349
18985,0.5048
18988,0.4614
18991,0.5319
18998,0.229
18999,0.2112
19001,0.276
19003,0.4581
19005,0.6631
19013,0.5653
19016,0.4643
19022,0.3883
19032,0.3455
19036,0.3575
19047,0.5043
19048,0.3018
19059,0.7516
19072,0.2086
19074,0.5079
19090,0.7382
19106,0.1201
19109,0.3048
19113,0.3411
19114,0.3644
19129,0.5293
19133,0.6699
19138,0.3948
19139,0.5722
19144,0.441
19148,0.3503
19149,0.471
19152,0.142
19153,0.452
19164,0.5075
19188,0.1888
19193,0.0953
19194,0.521
19198,0.2624
19200,0.5519
19204,0.2353
19207,0.1191
19214,0.2911
19215,0.4872
19225,0.3673
19226,0.3802
19236,0.595
19240,0.1913
19261,0.146
19273,0.3357
19275,0.3815
19278,0.3014
19279,0.1195
19285,0.4412
19289,0.3926
19295,0.5931
19307,0.3185
19312,0.4405
19315,0.4091
19317,0.6979
19325,0.6341
19332,0.5889
19349,0.4305
19351,0.2804
19353,0.3035
19354,0.4975
19362,0.5947
19373,0.5957
19374,0.448
19387,0.4376
19389,0.508
19394,0.2726
19399,0.6251
19404,0.264
19419,0.3768
19422,0.4737
19423,0.5565
19427,0.4687
19438,0.6998
19442,0.5246
19450,0.5761
19466,0.6802
19471,0.5701
19474,0.5075
19476,0.7021
19493,0.3059
19502,0.2373
19505,0.3366
19507,0.5312
19528,0.2487
19544,0.4524
19547,0.5839
19557,0.1165
19562,0.4439
19571,0.5902
19575,0.6789
19578,0.3654
19580,0.6332
19585,0.5067
19586,0.5938
19587,0.5516
19591,0.6123
19595,0.2591
19597,0.1682
19604,0.3357
19605,0.4978
19608,0.4716
19619,0.097
19625,0.1806
19626,0.5167
19627,0.2899
19634,0.4619
19640,0.3739
19663,0.4468
19666,0.2808
19670,0.7194
19674,0.245
19675,0.3699
19678,0.4481
19686,0.4437
19690,0.3795
19697,0.3895
19703,0.4142
19705,0.3909
19711,0.2498
19712,0.467
19730,0.397
19732,0.3379
19742,0.4744
19744,0.2671
19748,0.4451
19757,0.5668
19769,0.3445
19778,0.3116
19782,0.5848
19783,0.6636
19786,0.1443
19794,0.2682
19798,0.2275
19811,0.2738
19814,0.5809
19818,0.3425
19819,0.51
19820,0.6866
19821,0.6946
19825,0.5015
19826,0.2018
19827,0.1918
19833,0.1554
19834,0.4255
19841,0.4062
19851,0.3298
19853,0.0626
19864,0.2159
19867,0.5382
19871,0.5732
19876,0.2983
19877,0.4348
19880,0.3604
19891,0.2183
19893,0.3237
19896,0.5894
19897,0.2673
19919,0.4365
19921,0.3397
19926,0.4693
19928,0.2761
19931,0.3474
19932,0.0859
19935,0.5175
19938,0.1852
19939,0.3583
19943,0.3102
19951,0.3783
19961,0.5767
19965,0.6124
19971,0.6373
19979,0.1852
19994,0.4607
20003,0.2523
20022,0.3334
20029,0.3424
20031,0.5196
20044,0.2392
20051,0.4834
20057,0.2848
20058,0.154
20064,0.7105
20069,0.2876
20071,0.4283
20074,0.3549
20076,0.1284
20085,0.4236
20088,0.1833
20097,0.3333
20098,0.7107
20106,0.527
20117,0.6639
20120,0.7438
20128,0.3358
20131,0.4738
20135,0.5155
20146,0.5133
20152,0.2912
20153,0.6483
20156,0.6124
20160,0.609
20161,0.2124
20162,0.1906
20170,0.4098
20171,0.2593
20174,0.419
20175,0.0702
20179,0.1016
20183,0.2783
20184,0.2998
20186,0.6196
20192,0.3601
20195,0.362
20203,0.1185
20204,0.3383
20207,0.2513
20208,0.3876
20211,0.5724
20215,0.5616
20218,0.645
20219,0.2988
20225,0.3301
20229,0.5337
20241,0.5677
20242,0.5394
20246,0.4504
20247,0.276
20251,0.6171
20259,0.2594
20267,0.1737
20269,0.3607
20284,0.3431
20289,0.3278
20294,0.5558
20303,0.517
20322,0.4508
20324,0.4851
20332,0.2736
20334,0.3736
20336,0.2466
20342,0.6419
20343,0.6363
20344,0.335
20346,0.3656
20348,0.1625
20349,0.2709
20359,0.5712
20364,0.2734
20369,0.1591
20374,0.0923
20382,0.6761
20384,0.0985
20388,0.6364
20389,0.489
20395,0.0949
20400,0.5768
20405,0.5543
20406,0.3092
20410,0.3678
20413,0.2103
20415,0.092
20419,0.4168
20425,0.6376
20441,0.5293
20448,0.5297
20451,0.5873
20461,0.3701
20463,0.4644
20465,0.6467
20467,0.6538
20473,0.1678
20481,0.4461
20483,0.4483
20486,0.3168
20487,0.2327
20488,0.5047
20491,0.562
20492,0.3652
20498,0.1134
20499,0.6425
20533,0.2994
20536,0.1599
20537,0.4113
20543,0.5182
20545,0.322
20551,0.3786
20559,0.7138
20562,0.2286
20569,0.1174
20571,0.6752
20575,0.2804
20582,0.4388
20592,0.6385
20594,0.4037
20595,0.3149
20607,0.3025
20613,0.3501
20615,0.2006
20619,0.367
20640,0.3229
20643,0.3735
20649,0.4085
20650,0.7539
20658,0.5308
20660,0.4811
20662,0.4484
20664,0.2092
20665,0.3918
20667,0.5715
20672,0.6973
20674,0.5164
20676,0.6832
20683,0.415
20690,0.1592
20693,0.2542
20708,0.2396
20710,0.4673
20714,0.5591
20723,0.4462
20728,0.4631
20742,0.3332
20747,0.1992
20751,0.5744
20754,0.4871
20757,0.2714
20764,0.3612
20766,0.2048
20767,0.3236
20770,0.6224
20782,0.0829
20787,0.3426
20788,0.4691
20789,0.3525
20795,0.5028
20806,0.349
20807,0.5814
20811,0.6155
20813,0.2285
20817,0.5271
20822,0.5241
20823,0.5577
20826,0.1432
20836,0.2674
20850,0.4151
20855,0.5918
20863,0.4924
20867,0.1639
20868,0.6252
20875,0.3701
20877,0.3877
20878,0.6055
20881,0.3779
20885,0.3122
20886,0.104
20888,0.3174
20901,0.2601
20902,0.6464
20904,0.2874
20905,0.6976
20907,0.3711
20914,0.2423
20928,0.5446
20931,0.3581
20932,0.1729
20933,0.4917
20934,0.5687
20939,0.2647
20943,0.5197
20951,0.2725
20952,0.5356
20953,0.3976
20957,0.1977
20967,0.7604
20972,0.5906
20973,0.4539
20977,0.2266
20980,0.4807
20985,0.2893
20988,0.552
20989,0.6059
20992,0.4617
20999,0.3968
21001,0.4012
21014,0.3963
21026,0.546
21039,0.4028
21046,0.1818
21049,0.3747
21055,0.1839
21058,0.5749
21060,0.344
21061,0.324
21069,0.3888
21077,0.3447
21082,0.6599
21088,0.4546
21092,0.4298
21093,0.5435
21095,0.4924
21096,0.7452
21101,0.2572
21103,0.1241
21112,0.3329
21114,0.6389
21117,0.6498
21119,0.3272
21127,0.1138
21128,0.168
21131,0.5627
21134,0.6651
21135,0.3503
21136,0.5593
21137,0.1656
21138,0.3632
21139,0.1474
21147,0.0811
21148,0.4083
21150,0.4834
21160,0.2989
21163,0.378
21165,0.2767
21167,0.6246
21169,0.3674
21172,0.2837
21176,0.5417
21181,0.2747
21182,0.5278
21183,0.538
21186,0.2271
21187,0.3602
21196,0.485
21201,0.1025
21205,0.4864
21206,0.4099
21215,0.6506
21217,0.492
21221,0.2075
21224,0.2885
21227,0.5844
21239,0.2653
21243,0.5699
21244,0.2792
21253,0.6427
21255,0.6062
21257,0.3883
21259,0.4302
21260,0.2217
21262,0.7343
21266,0.3422
21270,0.4075
21288,0.2176
21292,0.6973
21301,0.3599
21302,0.6749
21304,0.5922
21306,0.4876
21311,0.2008
21312,0.3253
21323,0.276
21330,0.2328
21331,0.4468
21335,0.4582
21336,0.4432
21348,0.4361
21355,0.5805
21360,0.1213
21365,0.3246
21371,0.5009
21377,0.5482
21379,0.0747
21383,0.4944
21384,0.7826
21395,0.7978
21397,0.2323
21398,0.4849
21400,0.1242
21405,0.4154
21411,0.4249
21413,0.2246
21422,0.2711
21423,0.5536
21430,0.3765
21440,0.097
21452,0.6963
21459,0.2062
21464,0.5049
21465,0.6216
21466,0.3834
21471,0.4534
21476,0.6579
21484,0.2437
21486,0.3702
21490,0.3183
21493,0.3299
21497,0.6667
21499,0.662
21500,0.2389
21508,0.2308
21521,0.2774
21523,0.4715
21525,0.3256
21526,0.1666
21531,0.608
21532,0.5334
21534,0.343
21536,0.4322
21538,0.3516
21539,0.6605
21547,0.4901
21553,0.3734
21554,0.6122
21566,0.5556
21570,0.4514
21572,0.3827
21579,0.5834
21590,0.1556
21591,0.6094
21594,0.3415
21597,0.2923
21601,0.6118
21602,0.1215
21603,0.4509
21604,0.7297
21605,0.1993
21609,0.6674
21616,0.3276
21617,0.601
21625,0.2048
21637,0.4556
21648,0.3001
21649,0.5029
21652,0.6153
21654,0.2617
21657,0.3186
21663,0.196
21683,0.3092
21692,0.4853
21693,0.7788
21704,0.5647
21713,0.4749
21714,0.5239
21717,0.6319
21723,0.5186
21727,0.4273
21734,0.3504
21745,0.6875
21748,0.2736
21749,0.207
21751,0.1981
21753,0.1933
21765,0.3997
21769,0.4006
21774,0.6024
21778,0.3809
21782,0.3436
21787,0.3397
21790,0.2819
21800,0.564
21802,0.695
21808,0.0904
21814,0.36
21817,0.662
21824,0.2674
21835,0.5163
21836,0.4492
21843,0.3331
21844,0.7881
21850,0.0861
21852,0.2396
21855,0.4354
21864,0.7502
21869,0.272
21870,0.5187
21875,0.5448
21881,0.4516
21899,0.3399
21901,0.1316
21902,0.2397
21907,0.4597
21910,0.2606
21914,0.7433
21920,0.7248
21928,0.2837
21945,0.4674
21960,0.3802
21967,0.2557
21974,0.3463
21976,0.2411
21979,0.2347
21981,0.2616
21982,0.2333
21986,0.4273
21996,0.3936
21997,0.5187
21998,0.2364
22015,0.2525
22017,0.5617
22020,0.3918
22025,0.6224
22034,0.3433
22050,0.3805
22057,0.4562
22060,0.6096
22069,0.1366
22077,0.2877
22081,0.2606
22087,0.4047
22088,0.685
22089,0.478
22093,0.4305
22102,0.279
22106,0.3948
22108,0.4026
22109,0.3795
22113,0.4063
22116,0.3932
22118,0.4351
22123,0.3048
22125,0.3676
22131,0.4658
22141,0.2135
22145,0.0818
22151,0.5517
22164,0.65
22166,0.4735
22169,0.2408
22176,0.2406
22177,0.4661
22192,0.5878
22195,0.2923
22202,0.5038
22208,0.1162
22212,0.3737
22217,0.366
22219,0.3959
22221,0.3548
22227,0.6921
22234,0.6342
22235,0.2398
22237,0.3676
22240,0.5752
22242,0.6032
22247,0.5711
22249,0.357
22259,0.4018
22265,0.5306
22269,0.4564
22270,0.5404
22274,0.5756
22277,0.5268
22285,0.3665
22287,0.4369
22288,0.5944
22289,0.5849
22295,0.4235
22302,0.5067
22306,0.6218
22310,0.4791
22314,0.326
22322,0.6275
22326,0.2715
22329,0.4723
22336,0.6134
22343,0.6279
22345,0.4698
22356,0.5
22361,0.5406
22368,0.6801
22369,0.4734
22371,0.299
22377,0.5371
22385,0.626
22390,0.1073
22392,0.5497
22396,0.4567
22405,0.2188
22406,0.3124
22411,0.2323
22424,0.2325
22429,0.2178
22432,0.2917
22434,0.7475
22436,0.6369
22442,0.4202
22443,0.101
22448,0.342
22451,0.3771
22452,0.2626
22459,0.7207
22469,0.5302
22489,0.2569
22495,0.3383
22496,0.3017
22497,0.2447
22500,0.3916
22507,0.3601
22509,0.2648
22511,0.4493
22516,0.3623
22535,0.2179
22539,0.4392
22542,0.6463
22556,0.4342
22558,0.1815
22559,0.2699
22561,0.5993
22564,0.618
22574,0.5616
22576,0.3045
22578,0.273
22585,0.6879
22587,0.3095
22593,0.3515
22596,0.3047
22604,0.1906
22607,0.6648
22609,0.2085
22613,0.3695
22625,0.4219
22627,0.6366
22629,0.513
22632,0.4843
22638,0.1559
22642,0.2706
22644,0.4181
22645,0.1718
22651,0.5591
22654,0.4854
22656,0.3701
22657,0.0842
22658,0.4212
22659,0.125
22666,0.4513
22667,0.406
22670,0.2771
22675,0.1442
22678,0.2858
22692,0.5814
22694,0.4888
22700,0.2701
22711,0.2733
22714,0.7015
22716,0.308
22725,0.2286
22734,0.098
22735,0.4184
22736,0.5857
22743,0.2734
22749,0.6659
22762,0.398
22764,0.2208
22774,0.6434
22775,0.6143
22779,0.4178
22781,0.5187
22784,0.598
22791,0.3225
22799,0.7244
22802,0.3068
22814,0.6122
22816,0.2309
22817,0.2242
22819,0.4557
22826,0.4061
22827,0.209
22831,0.602
22832,0.3855
22856,0.3401
22857,0.3446
22860,0.209
22862,0.1813
22865,0.2618
22872,0.125
22873,0.2426
22874,0.5212
22878,0.2319
22884,0.5679
22903,0.1482
22911,0.4873
22915,0.4083
22927,0.6358
22936,0.5993
22938,0.0998
22939,0.7194
22940,0.3378
22941,0.5024
22942,0.37
22951,0.6503
22952,0.3229
22965,0.4499
22973,0.0953
22976,0.3527
22983,0.3827
22984,0.3208
22987,0.3653
22993,0.3469
22999,0.5181
23000,0.5913
23011,0.597
23012,0.4673
23024,0.3728
23025,0.5726
23028,0.6657
23029,0.6537
23037,0.3734
23041,0.3393
23044,0.2902
23052,0.1234
23083,0.4397
23087,0.404
23092,0.6566
23093,0.4674
23094,0.5282
23096,0.3143
23105,0.5956
23110,0.2316
23120,0.189
23123,0.2734
23132,0.2187
23134,0.3648
23141,0.4049
23144,0.5827
23150,0.2965
23154,0.2928
23155,0.2054
23161,0.3753
23164,0.1507
23167,0.4
23168,0.3867
23170,0.5014
23173,0.2395
23176,0.1274
23185,0.7044
23195,0.1932
23198,0.3431
23201,0.5379
23203,0.3788
23205,0.4569
23206,0.4108
23208,0.1582
23218,0.2666
23226,0.6538
23230,0.3588
23234,0.6977
23237,0.6267
23243,0.5328
23247,0.4354
23252,0.6278
23255,0.2641
23263,0.2762
23271,0.2449
23275,0.6414
23284,0.5942
23295,0.5555
23300,0.5635
23301,0.2023
23303,0.4726
23306,0.3655
23311,0.3467
23312,0.4952
23316,0.2945
23317,0.4825
23319,0.2859
23326,0.5658
23327,0.2188
23328,0.5853
23330,0.3217
23332,0.3563
23335,0.629
23343,0.0774
23344,0.4394
23345,0.2684
23346,0.4854
23347,0.5944
23348,0.3877
23351,0.6181
23360,0.3594
23363,0.6691
23368,0.0654
23369,0.5456
23370,0.679
23374,0.4651
23385,0.5389
23399,0.6047
23405,0.6244
23406,0.3647
23412,0.4636
23417,0.7236
23424,0.2807
23427,0.2045
23429,0.1389
23431,0.4905
23432,0.133
23441,0.1658
23449,0.4713
23453,0.4433
23454,0.3335
23457,0.7187
23471,0.438
23472,0.2475
23480,0.6559
23489,0.4272
23492,0.4118
23494,0.2447
23497,0.6428
23516,0.4302
23518,0.2502
23523,0.6113
23529,0.6706
23534,0.6998
23543,0.2351
23546,0.4193
23547,0.3974
23553,0.5409
23554,0.2819
23555,0.2522
23559,0.5068
23568,0.1879
23576,0.3795
23580,0.1538
23582,0.129
23587,0.5836
23595,0.4334
23596,0.3511
23617,0.5973
23624,0.499
23626,0.2521
23628,0.6539
23631,0.3772
23634,0.2862
23637,0.3286
23639,0.5213
23647,0.2168
23650,0.1409
23657,0.3989
23659,0.5594
23661,0.5388
23662,0.0807
23666,0.5279
23669,0.4441
23683,0.537
23692,0.3269
23695,0.5597
23698,0.1461
23699,0.537
23702,0.6477
23704,0.321
23715,0.125
23722,0.3996
23723,0.5623
23728,0.6179
23729,0.1601
23731,0.3614
23733,0.2353
23738,0.1427
23741,0.1065
23746,0.6873
23764,0.6606
23765,0.1689
23767,0.1884
23779,0.5015
23781,0.7372
23787,0.5744
23788,0.4666
23789,0.4819
23793,0.4796
23794,0.701
23796,0.5338
23797,0.1264
23798,0.6882
23799,0.7258
23805,0.2699
23809,0.4659
23812,0.5332
23817,0.3152
23821,0.2802
23823,0.4713
23830,0.3683
23842,0.0886
23845,0.7042
23855,0.671
23864,0.3255
23865,0.3051
23867,0.2784
23873,0.2346
23876,0.3194
23877,0.2061
23880,0.4015
23883,0.6145
23888,0.5825
23890,0.2193
23892,0.589
23898,0.4273
23904,0.1472
23911,0.6639
23912,0.2958
23916,0.2281
23917,0.073
23921,0.2798
23922,0.4967
23924,0.1022
23928,0.6831
23930,0.2799
23931,0.2203
23932,0.4905
23934,0.7331
23947,0.4423
23952,0.7504
23954,0.3603
23955,0.7619
23956,0.4347
23964,0.2683
23965,0.7314
23972,0.5428
23989,0.2623
23990,0.1516
23992,0.2341
23993,0.2464
23994,0.4259
23996,0.0764
24001,0.4932
24005,0.2183
24007,0.6009
24011,0.6608
24012,0.3108
24013,0.1905
24015,0.3382
24016,0.0576
24018,0.5204
24019,0.6185
24023,0.3849
24030,0.5075
24031,0.2068
24038,0.4747
24043,0.354
24047,0.6115
24048,0.2451
24054,0.3473
24063,0.4812
24065,0.5808
24066,0.3069
24068,0.4496
24071,0.5688
24072,0.7774
24073,0.4087
24077,0.6617
24080,0.1745
24088,0.1969
24091,0.6937
24093,0.5121
24096,0.5373
24103,0.5622
24105,0.125
24106,0.4806
24120,0.0948
24127,0.4143
24130,0.303
24131,0.3181
24132,0.295
24135,0.6298
24139,0.4213
24140,0.5047
24142,0.603
24148,0.4603
24149,0.5898
24157,0.37
24158,0.6761
24162,0.412
24164,0.6402
24166,0.1675
24171,0.249
24173,0.5501
24176,0.5132
24177,0.6617
24180,0.5524
24184,0.1431
24185,0.4062
24193,0.5859
24196,0.4491
24210,0.3572
24212,0.3906
24221,0.672
24225,0.1414
24233,0.5643
24236,0.4334
24238,0.4289
24241,0.6175
24246,0.7296
24249,0.147
24252,0.6732
24260,0.3657
24262,0.065
24264,0.3094
24292,0.2578
24293,0.2285
24301,0.3314
24309,0.6256
24323,0.3757
24330,0.4288
24333,0.6461
24338,0.5386
24351,0.3659
24357,0.359
24359,0.0728
24365,0.0823
24368,0.2707
24373,0.6483
24379,0.5582
24382,0.4194
24386,0.3554
24389,0.5506
24397,0.5616
24398,0.0742
24400,0.4098
24401,0.5335
24403,0.2766
24407,0.0649
24415,0.3578
24420,0.4039
24422,0.3623
24428,0.6823
24436,0.4142
24437,0.449
24441,0.567
24449,0.4926
24465,0.6416
24466,0.5394
24470,0.4334
24475,0.3423
24476,0.345
24494,0.1784
24497,0.591
24502,0.3378
24508,0.1878
24525,0.3902
24526,0.3925
24527,0.1706
24529,0.3737
24535,0.1705
24538,0.4941
24547,0.5815
24549,0.3264
24554,0.41
24562,0.439
24571,0.6906
24573,0.5928
24586,0.4723
24596,0.3383
24603,0.2587
24605,0.2719
24612,0.0746
24619,0.5314
24621,0.6537
24624,0.357
24637,0.1781
24638,0.2142
24640,0.4626
24643,0.3112
24647,0.3062
24648,0.6577
24650,0.241
24653,0.7241
24663,0.7343
24665,0.2735
24682,0.3744
24684,0.3642
24692,0.5499
24695,0.4939
24696,0.6384
24707,0.6285
24708,0.4905
24709,0.5407
24715,0.5659
24716,0.2043
24718,0.2573
24721,0.6869
24728,0.4928
24730,0.2619
24731,0.4551
24735,0.5473
24737,0.6099
24739,0.3516
24745,0.3067
24747,0.2355
24752,0.1042
24756,0.5663
24766,0.2845
24776,0.1113
24780,0.6274
24812,0.7113
24813,0.5012
24816,0.7621
24840,0.4557
24844,0.6482
24850,0.2653
24857,0.6007
24858,0.3502
24862,0.3477
24863,0.3752
24868,0.3408
24877,0.6496
24881,0.2861
24883,0.562
24884,0.3342
24893,0.1227
24894,0.4292
24896,0.4163
24902,0.3061
24905,0.1403
24907,0.4449
24912,0.5792
24922,0.393
24933,0.4713
24941,0.2393
24942,0.6479
24948,0.5476
24949,0.3875
24953,0.3262
24958,0.3905
24966,0.4697
24969,0.186
24978,0.5709
24979,0.2761
24985,0.5769
24997,0.2916
25001,0.3479
25003,0.324
25005,0.6508
25008,0.0915
25009,0.6462
25011,0.6923
25019,0.5888
25043,0.7786
25058,0.5956
25059,0.0843
25061,0.3683
25062,0.6779
25068,0.1081
25071,0.2088
25076,0.5223
25078,0.2371
25079,0.4654
25081,0.4983
25087,0.3666
25092,0.1429
25095,0.3202
25102,0.1144
25106,0.5508
25110,0.1891
25112,0.1751
25123,0.5129
25126,0.232
25128,0.1259
25133,0.1647
25134,0.5893
25135,0.5116
25137,0.4954
25138,0.0993
25146,0.4224
25152,0.2068
25153,0.3369
25156,0.6864
25164,0.3399
25169,0.4064
25171,0.6292
25183,0.2333
25191,0.3253
25195,0.2573
25199,0.0913
25214,0.299
25217,0.6328
25231,0.7611
25240,0.529
25242,0.4071
25244,0.4685
25245,0.2283
25253,0.6132
25260,0.3785
25264,0.5425
25267,0.423
25271,0.4568
25279,0.2328
25284,0.5414
25285,0.1856
25287,0.1635
25288,0.2882
25290,0.6358
25308,0.5814
25312,0.3619
25323,0.085
25331,0.4961
25333,0.5736
25337,0.7669
25344,0.4286
25354,0.3623
25356,0.4162
25360,0.34
25364,0.7832
25365,0.5932
25366,0.1729
25372,0.5839
25373,0.0939
25383,0.4041
25414,0.5663
25419,0.3721
25436,0.1774
25445,0.4033
25446,0.5252
25447,0.296
25449,0.6066
25450,0.4675
25454,0.3378
25466,0.1072
25479,0.1985
25487,0.279
25488,0.3416
25493,0.4052
25495,0.4521
25502,0.3709
25504,0.4912
25516,0.5068
25519,0.4179
25526,0.3017
25536,0.4536
25539,0.5496
25540,0.1246
25545,0.3974
25563,0.2352
25565,0.614
25583,0.0892
25588,0.5266
25590,0.4778
25602,0.317
25605,0.5937
25609,0.3826
25616,0.6062
25617,0.6404
25636,0.4768
25638,0.4123
25641,0.5112
25643,0.4618
25649,0.6203
25660,0.6607
25661,0.206
25671,0.3362
25672,0.3332
25685,0.4078
25688,0.3156
25690,0.7634
25696,0.2474
25700,0.4337
25702,0.5139
25706,0.5241
25721,0.5751
25723,0.3288
25725,0.5317
25727,0.223
25728,0.1448
25732,0.5231
25741,0.7566
25745,0.2336
25746,0.3851
25748,0.6435
25752,0.4058
25753,0.5869
25757,0.7158
25760,0.1592
25761,0.6092
25764,0.6032
25765,0.256
25773,0.5102
25780,0.4258
25800,0.6022
25802,0.4752
25817,0.3747
25818,0.1646
25825,0.6707
25839,0.409
25842,0.3495
25848,0.5672
25850,0.464
25855,0.5253
25861,0.6659
25866,0.2713
25875,0.3993
25887,0.6256
25888,0.4131
25894,0.0883
25909,0.3779
25911,0.6335
25912,0.1267
25914,0.658
25915,0.6098
25918,0.6605
25929,0.6145
25935,0.3816
25936,0.6146
25940,0.5148
25944,0.6373
25945,0.5899
25948,0.7302
25957,0.5565
25976,0.2756
25983,0.1949
25985,0.3301
25988,0.6574
25995,0.5569
25996,0.7029
26004,0.5083
26006,0.7067
26007,0.098
26008,0.256
26009,0.4505
26012,0.2381
26013,0.5577
26015,0.4353
26022,0.2494
26032,0.2388
26035,0.24
26036,0.4314
26042,0.3286
26059,0.1252
26067,0.2837
26068,0.3985
26080,0.1494
26090,0.0874
26093,0.4147
26095,0.2805
26097,0.508
26099,0.6572
26102,0.325
26104,0.3088
26108,0.7314
26109,0.2406
26112,0.6602
26120,0.2554
26121,0.3199
26123,0.4633
26134,0.335
26140,0.4936
26142,0.2311
26144,0.119
26145,0.7103
26152,0.6693
26154,0.5729
26156,0.4225
26159,0.363
26164,0.6528
26171,0.5405
26174,0.5951
26184,0.572
26189,0.0905
26197,0.6097
26199,0.3649
26203,0.7992
26212,0.6996
26216,0.5073
26219,0.5259
26223,0.6663
26248,0.4849
26253,0.5774
26257,0.4943
26259,0.202
26262,0.2551
26268,0.3101
26275,0.7741
26276,0.1385
26286,0.6267
26290,0.4448
26297,0.151
26300,0.6061
26308,0.3612
26312,0.4375
26316,0.3747
26327,0.6969
26328,0.254
26329,0.1972
26338,0.5492
26342,0.4225
26344,0.4694
26367,0.3915
26374,0.0658
26375,0.2187
26380,0.578
26382,0.282
26384,0.4728
26386,0.5206
26401,0.578
26404,0.3288
26409,0.1902
26416,0.2558
26422,0.271
26426,0.6686
26431,0.2613
26432,0.6437
26441,0.538
26448,0.2349
26455,0.3393
26457,0.3113
26469,0.6351
26470,0.4851
26474,0.4356
26475,0.384
26481,0.4332
26484,0.2867
26493,0.5353
26508,0.4936
26509,0.4507
26512,0.1077
26516,0.4423
26519,0.247
26521,0.4519
26523,0.4094
26525,0.3569
26526,0.586
26528,0.4224
26531,0.4773
26534,0.3589
26537,0.4704
26540,0.4816
26541,0.6109
26544,0.4701
26549,0.5624
26553,0.2822
26557,0.5925
26558,0.2174
26567,0.6625
26570,0.5074
26590,0.2829
26594,0.2217
26595,0.0934
26599,0.6142
26603,0.3494
26605,0.2625
26617,0.338
26622,0.3677
26623,0.66
26624,0.3837
26627,0.3
26633,0.5368
26634,0.3377
26640,0.5156
26643,0.2848
26647,0.5503
26654,0.5916
26655,0.7784
26657,0.4462
26661,0.5402
26663,0.4483
26675,0.2249
26677,0.2769
26680,0.4262
26681,0.6197
26685,0.5992
26686,0.4661
26688,0.1149
26696,0.6308
26697,0.3314
26698,0.488
26703,0.5322
26713,0.3669
26717,0.6744
26718,0.6502
26721,0.5762
26728,0.5773
26736,0.474
26737,0.5337
26741,0.522
26747,0.4431
26749,0.5965
26754,0.3435
26761,0.4304
26762,0.1555
26763,0.1853
26766,0.6002
26767,0.5922
26778,0.3535
26789,0.3231
26796,0.371
26797,0.5024
26802,0.232
26806,0.3182
26811,0.2514
26813,0.2126
26816,0.635
26819,0.5529
26820,0.1579
26825,0.6238
26834,0.4428
26851,0.4281
26855,0.6865
26856,0.2016
26857,0.1594
26859,0.7226
26860,0.2695
26879,0.3339
26881,0.6021
26892,0.6583
26901,0.5034
26902,0.5508
26904,0.7328
26908,0.325
26912,0.3824
26913,0.3219
26917,0.5801
26919,0.0674
26921,0.6547
26925,0.5827
26926,0.4329
26933,0.4055
26947,0.3583
26953,0.1527
26964,0.2771
26974,0.6186
26977,0.4965
26979,0.6299
26992,0.4863
26995,0.2205
26996,0.4702
26998,0.4933
27003,0.2021
27009,0.4328
27011,0.3267
27018,0.638
27020,0.4246
27031,0.3457
27033,0.5534
27034,0.5391
27036,0.0817
27037,0.343
27041,0.5531
27043,0.2199
27048,0.6202
27049,0.6747
27057,0.3893
27062,0.6649
27072,0.3164
27080,0.535
27085,0.5449
27091,0.621
27092,0.0956
27097,0.3666
27100,0.2108
27104,0.6072
27109,0.2864
27110,0.2577
27111,0.558
27114,0.3386
27117,0.133
27118,0.6188
27119,0.3603
27123,0.3364
27125,0.1339
27133,0.4113
27137,0.1932
27138,0.1756
27147,0.1097
27151,0.2713
27156,0.4218
27158,0.7092
27165,0.4751
27182,0.6846
27185,0.7093
27187,0.3674
27199,0.5556
27206,0.6287
27212,0.4257
27216,0.6602
27218,0.4816
27219,0.3896
27226,0.6948
27239,0.6003
27244,0.6041
27248,0.415
27254,0.6171
27255,0.6025
27258,0.3443
27271,0.6472
27278,0.6537
27281,0.3153
27282,0.4155
27285,0.5546
27291,0.1598
27295,0.0864
27300,0.2663
27308,0.5665
27312,0.2824
27315,0.3907
27318,0.1766
27323,0.4906
27324,0.6926
27330,0.4706
27333,0.7159
27334,0.4125
27337,0.1622
27346,0.1766
27359,0.6342
27379,0.5839
27392,0.3155
27404,0.2872
27411,0.6047
27414,0.7016
27415,0.2522
27423,0.4962
27427,0.5589
27429,0.3826
27431,0.6468
27447,0.287
27466,0.5253
27471,0.3691
27478,0.3317
27495,0.4505
27497,0.4331
27498,0.6073
27499,0.3357
27501,0.5536
27503,0.5761
27510,0.5377
27512,0.5026
27523,0.4003
27533,0.4305
27542,0.3192
27545,0.589
27556,0.1848
27557,0.7264
27560,0.5241
27565,0.4815
27570,0.1037
27579,0.4781
27582,0.1327
27584,0.6014
27597,0.4549
27609,0.5697
27621,0.4415
27632,0.4791
27635,0.5928
27645,0.0892
27646,0.484
27647,0.636
27659,0.7435
27665,0.4818
27675,0.1281
27676,0.0769
27691,0.5966
27692,0.1647
27693,0.2853
27697,0.4211
27706,0.5529
27708,0.3732
27710,0.5856
27719,0.4014
27724,0.3769
27744,0.5098
27745,0.2401
27750,0.3245
27755,0.2829
27759,0.3058
27764,0.3136
27767,0.5554
27769,0.416
27773,0.616
27776,0.6674
27781,0.4962
27782,0.5593
27790,0.5967
27792,0.4077
27794,0.3721
27797,0.5153
27802,0.5161
27810,0.6422
27822,0.3749
27826,0.6704
27829,0.499
27834,0.2415
27838,0.3913
27842,0.6027
27847,0.6385
27858,0.479
27861,0.34
27867,0.2486
27869,0.6804
27872,0.7001
27873,0.398
27877,0.7848
27882,0.4926
27883,0.5661
27892,0.1223
27896,0.3522
27898,0.513
27902,0.4016
27905,0.5952
27913,0.6819
27920,0.3261
27929,0.5687
27935,0.3242
27937,0.5284
27940,0.3019
27943,0.3451
27948,0.3666
27949,0.2596
27953,0.1563
27967,0.1805
27976,0.4005
27981,0.5209
27986,0.0652
27988,0.5441
27989,0.3739
27991,0.526
27992,0.4815
27993,0.674
27995,0.1683
27996,0.6271
27998,0.4812
27999,0.5767
28004,0.3447
28010,0.4073
28012,0.4664
28017,0.1819
28028,0.2362
28036,0.5143
28040,0.4226
28043,0.5958
28053,0.368
28057,0.0614
28066,0.4156
28069,0.1411
28071,0.4326
28077,0.514
28079,0.3361
28086,0.5738
28088,0.2046
28090,0.4595
28093,0.4313
28094,0.6856
28101,0.3471
28104,0.6116
28107,0.3714
28125,0.6096
28127,0.4491
28128,0.5134
28129,0.4989
28133,0.2859
28136,0.1623
28138,0.221
28139,0.5678
28140,0.4165
28146,0.3634
28150,0.5349
28155,0.3401
28161,0.6439
28162,0.5163
28184,0.6759
28185,0.4366
28186,0.5263
28189,0.6752
28190,0.7409
28191,0.1248
28194,0.3506
28197,0.2509
28203,0.624
28211,0.5203
28225,0.6251
28227,0.6201
28237,0.41
28247,0.3732
28249,0.3824
28260,0.4335
28262,0.628
28271,0.1545
28278,0.5914
28280,0.214
28281,0.4689
28294,0.5607
28300,0.5096
28304,0.2323
28306,0.1617
28314,0.4006
28320,0.3801
28322,0.586
28324,0.3353
28328,0.808
28331,0.2344
28339,0.3813
28345,0.1826
28348,0.313
28354,0.6193
28384,0.2608
28385,0.6253
28386,0.3873
28389,0.3403
28390,0.5362
28391,0.6239
28393,0.4974
28397,0.3201
28398,0.1266
28401,0.3677
28403,0.3463
28411,0.2922
28419,0.6103
28421,0.3938
28422,0.3663
28429,0.4416
28438,0.3205
28441,0.3812
28442,0.6958
28457,0.0499
28459,0.404
28464,0.3071
28471,0.4829
28478,0.0775
28480,0.3729
28482,0.4544
28485,0.499
28500,0.625
28522,0.4118
28527,0.6197
28545,0.4033
28546,0.3559
28547,0.5968
28550,0.6248
28557,0.5703
28572,0.5103
28574,0.6017
28577,0.5293
28580,0.6266
28581,0.2452
28587,0.5199
28591,0.1921
28600,0.1641
28605,0.3151
28631,0.4999
28632,0.2435
28640,0.5223
28643,0.3862
28647,0.5812
28648,0.3109
28651,0.476
28667,0.6495
28670,0.3377
28672,0.6674
28687,0.152
28702,0.3381
28706,0.2831
28707,0.601
28709,0.4736
28711,0.4174
28718,0.5777
28719,0.5111
28720,0.2922
28729,0.5491
28730,0.3582
28733,0.6097
28747,0.4952
28751,0.1024
28756,0.1149
28761,0.188
28778,0.493
28783,0.194
28787,0.5084
28788,0.3434
28790,0.408
28801,0.2593
28802,0.6763
28807,0.0763
28819,0.5087
28820,0.3372
28827,0.0556
28831,0.2748
28832,0.3871
28837,0.4773
28839,0.4268
28843,0.1765
28844,0.4683
28860,0.5976
28863,0.4534
28870,0.6316
28874,0.3181
28880,0.4327
28899,0.3922
28908,0.388
28912,0.4168
28913,0.5051
28915,0.2819
28919,0.6932
28927,0.305
28931,0.1003
28938,0.5861
28946,0.231
28949,0.2894
28957,0.3753
28962,0.2512
28964,0.2015
28969,0.4012
28974,0.2233
28976,0.2826
28988,0.4131
29008,0.4217
29011,0.13
29019,0.7366
29022,0.0848
29023,0.4359
29029,0.2047
29035,0.1449
29038,0.4892
29039,0.3558
29047,0.3835
29049,0.5855
29050,0.6462
29053,0.398
29058,0.1784
29060,0.6691
29070,0.5263
29075,0.6311
29076,0.2221
29083,0.2859
29089,0.3237
29091,0.4453
29092,0.2736
29093,0.315
29098,0.4801
29105,0.6243
29106,0.4535
29107,0.3903
29108,0.6637
29137,0.3264
29138,0.7229
29148,0.3918
29158,0.3904
29165,0.4178
29170,0.3439
29172,0.3334
29179,0.627
29184,0.6752
29186,0.5337
29189,0.3702
29200,0.4592
29206,0.4871
29213,0.6705
29215,0.2148
29218,0.1263
29238,0.3507
29240,0.4158
29242,0.6447
29246,0.2595
29263,0.5966
29273,0.4556
29279,0.6575
29283,0.493
29284,0.3466
29289,0.4112
29292,0.4736
29297,0.739
29298,0.6356
29300,0.683
29313,0.6658
29327,0.3751
29331,0.5183
29335,0.5389
29336,0.7261
29338,0.282
29345,0.6293
29350,0.5817
29354,0.6739
29365,0.2892
29368,0.8018
29370,0.1485
29373,0.4586
29376,0.5541
29379,0.3153
29400,0.3109
29401,0.5117
29405,0.3348
29406,0.3949
29418,0.2651
29419,0.3685
29420,0.2907
29421,0.4548
29425,0.4092
29431,0.4265
29450,0.21
29451,0.3572
29452,0.2848
29457,0.3059
29460,0.5434
29468,0.5906
29486,0.4403
29490,0.7076
29493,0.2472
29499,0.2736
29503,0.3997
29504,0.2166
29523,0.197
29525,0.517
29527,0.4202
29529,0.2664
29533,0.227
29534,0.5642
29539,0.4304
29541,0.6242
29547,0.1782
29556,0.4358
29563,0.3387
29566,0.2911
29568,0.3879
29571,0.3139
29572,0.7064
29582,0.6568
29588,0.5519
29589,0.2156
29594,0.3482
29595,0.3681
29597,0.4888
29604,0.0959
29605,0.4887
29609,0.4378
29637,0.4601
29639,0.5565
29644,0.6712
29650,0.289
29657,0.4603
29665,0.3326
29668,0.6039
29674,0.6916
29675,0.7292
29677,0.5794
29686,0.2862
29693,0.3079
29707,0.4948
29711,0.5862
29712,0.5972
29720,0.5918
29723,0.1692
29731,0.4255
29732,0.3811
29734,0.4019
29763,0.3866
29774,0.222
29776,0.5273
29778,0.1197
29793,0.3225
29796,0.6872
29811,0.5192
29815,0.4652
29817,0.4888
29830,0.6102
29844,0.6049
29847,0.272
29860,0.3907
29862,0.7116
29864,0.4808
29872,0.2784
29873,0.5141
29875,0.6328
29876,0.3615
29884,0.2586
29889,0.6714
29890,0.3318
29895,0.2256
29897,0.3415
29899,0.5519
29905,0.3529
29906,0.4247
29909,0.3863
29912,0.7015
29924,0.5976
29930,0.3504
29931,0.4252
29944,0.2638
29946,0.3994
29951,0.5798
29955,0.5457
29959,0.2542
29960,0.3561
29966,0.3422
29969,0.7368
29980,0.6489
29983,0.3187
29985,0.1881
30005,0.2426
30009,0.4296
30031,0.4734
30038,0.3406
30041,0.4918
30051,0.694
30053,0.5741
30054,0.7149
30063,0.1133
30065,0.5815
30069,0.3681
30074,0.1631
30082,0.6631
30085,0.1945
30089,0.6173
30098,0.3035
30104,0.3172
30112,0.4408
30120,0.2885
30121,0.5725
30128,0.2753
30134,0.5307
30136,0.4873
30139,0.4995
30142,0.474
30148,0.2575
30149,0.5412
30150,0.3893
30152,0.6246
30155,0.6104
30164,0.4262
30179,0.1817
30180,0.4726
30185,0.5788
30188,0.6419
30189,0.531
30197,0.3614
30198,0.431
30205,0.8049
30209,0.2874
30229,0.6984
30231,0.5584
30235,0.5397
30237,0.4277
30245,0.0731
30249,0.5421
30250,0.2169
30254,0.498
30255,0.6332
30262,0.634
30271,0.2511
30280,0.441
30281,0.3181
30292,0.1756
30305,0.358
30311,0.1576
30313,0.2954
30320,0.7288
30325,0.1891
30330,0.3408
30331,0.529
30334,0.3954
30337,0.3129
30339,0.3611
30342,0.2362
30350,0.3445
30363,0.4541
30365,0.2297
30374,0.3573
30382,0.1144
30386,0.3453
30396,0.3199
30400,0.6981
30402,0.3252
30404,0.1318
30409,0.1236
30415,0.5437
30425,0.3179
30433,0.3562
30436,0.5744
30437,0.6962
30441,0.1813
30458,0.4928
30463,0.3681
30464,0.5677
30471,0.1472
30478,0.428
30480,0.1869
30481,0.2411
30486,0.4807
30490,0.4459
30491,0.4083
30494,0.117
30499,0.5986
30500,0.3196
30513,0.3793
30516,0.5964
30521,0.3678
30524,0.6738
30530,0.6547
30548,0.4548
30551,0.27
30556,0.3515
30561,0.4451
30573,0.4966
30574,0.5204
30591,0.5617
30607,0.4656
30616,0.6194
30617,0.2572
30623,0.1887
30629,0.2506
30630,0.0643
30632,0.2803
30633,0.1868
30638,0.7334
30639,0.196
30640,0.5113
30643,0.4035
30645,0.5275
30652,0.3288
30657,0.2163
30665,0.5253
30682,0.336
30683,0.6016
30686,0.3119
30690,0.2645
30694,0.4548
30709,0.2273
30722,0.2307
30737,0.1798
30738,0.3887
30745,0.6112
30749,0.5765
30751,0.2022
30753,0.7399
30756,0.6719
30764,0.204
30766,0.0711
30779,0.3641
30789,0.3632
30791,0.5967
30801,0.6575
30804,0.6128
30806,0.4507
30810,0.4258
30814,0.2715
30817,0.4538
30829,0.1819
30834,0.4186
30838,0.307
30839,0.5232
30841,0.4674
30845,0.4163
30869,0.4298
30872,0.4184
30884,0.2042
30891,0.6053
30892,0.4015
30894,0.6674
30898,0.5564
30903,0.6083
30904,0.4503
30908,0.644
30914,0.1973
30918,0.6784
30923,0.6493
30927,0.5746
30928,0.3549
30931,0.4312
30935,0.6136
30944,0.2017
30953,0.2464
30958,0.3729
30962,0.4184
30964,0.5491
30967,0.3138
30973,0.0843
30989,0.627
30990,0.5805
30991,0.5418
30996,0.218
30999,0.3475
31009,0.4286
31011,0.2099
31020,0.5291
31026,0.1517
31027,0.2853
31030,0.4846
31037,0.1543
31045,0.5277
31047,0.362
31055,0.5687
31058,0.2663
31059,0.4864
31063,0.279
31067,0.5478
31077,0.1849
31081,0.0697
31086,0.4492
31100,0.3656
31101,0.236
31104,0.4365
31113,0.4452
31114,0.1754
31121,0.3636
31126,0.6202
31129,0.6553
31133,0.3044
31141,0.7055
31150,0.7276
31152,0.59
31155,0.2717
31162,0.2538
31171,0.5861
31172,0.5367
31176,0.487
31180,0.2653
31183,0.4281
31190,0.3458
31191,0.6792
31193,0.1988
31196,0.3554
31204,0.1278
31206,0.5606
31208,0.282
31213,0.4827
31221,0.0643
31228,0.3513
31232,0.6707
31233,0.4056
31247,0.3925
31251,0.3592
31259,0.1964
31267,0.4682
31283,0.6757
31286,0.3868
31287,0.1564
31293,0.1792
31296,0.6695
31298,0.1962
31302,0.334
31303,0.5357
31306,0.4437
31307,0.4276
31310,0.2752
31317,0.1113
31319,0.4079
31320,0.2893
31326,0.2764
31328,0.2032
31349,0.327
31356,0.3712
31361,0.3295
31369,0.3423
31370,0.1957
31375,0.1812
31381,0.2464
31383,0.2536
31392,0.2964
31397,0.3204
31403,0.4535
31410,0.2446
31418,0.3778
31425,0.56
31431,0.4526
31448,0.549
31450,0.2384
31455,0.5047
31459,0.3302
31461,0.0534
31462,0.1594
31478,0.2333
31484,0.4252
31487,0.2527
31488,0.3777
31489,0.4867
31491,0.6879
31497,0.2837
31498,0.3301
31505,0.7431
31507,0.4832
31519,0.3656
31520,0.0892
31521,0.2596
31525,0.4094
31536,0.5667
31553,0.2234
31564,0.4684
31574,0.4227
31587,0.5037
31590,0.3036
31591,0.494
31595,0.2414
31602,0.3878
31607,0.4591
31608,0.5053
31612,0.5862
31616,0.0532
31618,0.3751
31622,0.1251
31623,0.5509
31627,0.3288
31638,0.2976
31640,0.4815
31653,0.369
31672,0.3873
31681,0.4658
31683,0.1153
31688,0.51
31690,0.4428
31696,0.5909
31711,0.3867
31712,0.1784
31716,0.6287
31719,0.2195
31721,0.2429
31732,0.6522
31738,0.4482
31747,0.3396
31752,0.602
31755,0.4713
31757,0.7098
31766,0.4631
31768,0.0739
31769,0.3676
31773,0.1845
31780,0.4176
31787,0.5527
31793,0.4417
31794,0.3738
31804,0.7008
31813,0.4485
31815,0.4543
31819,0.4395
31820,0.441
31825,0.4568
31826,0.4944
31827,0.2914
31828,0.6023
31831,0.3013
31837,0.6777
31838,0.3061
31839,0.3706
31843,0.4282
31846,0.4983
31850,0.3334
31853,0.4172
31857,0.3721
31860,0.5759
31868,0.474
31870,0.663
31882,0.1206
31883,0.4325
31889,0.4962
31890,0.4458
31891,0.2369
31893,0.4998
31895,0.2837
31903,0.2862
31907,0.5656
31910,0.5679
31911,0.5475
31913,0.2954
31926,0.4988
31952,0.3216
31962,0.6824
31969,0.43
31975,0.6223
31984,0.4003
31992,0.6018
31996,0.7186
31998,0.2803
32005,0.528
32008,0.6227
32019,0.1779
32024,0.3747
32025,0.3327
32026,0.4866
32027,0.5866
32036,0.663
32039,0.4922
32041,0.6949
32052,0.4074
32054,0.1812
32069,0.0919
32076,0.6131
32078,0.6106
32079,0.6683
32080,0.5539
32082,0.3386
32085,0.0669
32086,0.409
32091,0.1512
32103,0.4538
32107,0.3827
32113,0.1234
32118,0.2504
32129,0.1897
32143,0.5316
32145,0.4329
32147,0.2188
32148,0.3444
32150,0.5099
32152,0.3711
32154,0.5705
32162,0.5105
32164,0.2103
32174,0.1128
32189,0.4839
32190,0.5772
32192,0.1486
32199,0.3411
32201,0.4192
32202,0.626
32214,0.5904
32226,0.7008
32227,0.5166
32228,0.7154
32240,0.2419
32241,0.2509
32252,0.2453
32260,0.2895
32276,0.2745
32293,0.2746
32295,0.5521
32300,0.3244
32311,0.6163
32314,0.645
32322,0.382
32324,0.7085
32331,0.3338
32333,0.5095
32334,0.4087
32336,0.2753
32342,0.311
32343,0.3631
32345,0.2999
32348,0.4874
32352,0.3229
32363,0.3468
32365,0.7405
32368,0.388
32373,0.1122
32377,0.2779
32386,0.6305
32387,0.1637
32389,0.5733
32390,0.5735
32399,0.1267
32400,0.3626
32406,0.3217
32407,0.5976
32408,0.5177
32413,0.2529
32416,0.3418
32422,0.2073
32428,0.5121
32429,0.1811
32430,0.2397
32431,0.3443
32440,0.6283
32445,0.2289
32447,0.305
32448,0.4658
32453,0.5538
32454,0.3603
32463,0.676
32464,0.5652
32472,0.3637
32474,0.337
32477,0.3375
32482,0.6112
32486,0.4069
32487,0.1186
32488,0.4557
32499,0.2894
32501,0.1911
32508,0.2945
32516,0.625
32518,0.5633
32527,0.2654
32528,0.6152
32539,0.4881
32541,0.6307
32542,0.4374
32543,0.3312
32544,0.6242
32546,0.3137
32553,0.4531
32554,0.205
32558,0.5269
32560,0.1502
32563,0.3402
32566,0.5942
32570,0.5777
32576,0.2003
32583,0.2506
32585,0.6348
32586,0.4195
32594,0.2354
32595,0.504
32602,0.6867
32620,0.2685
32622,0.6287
32623,0.6658
32626,0.4012
32651,0.3923
32652,0.59
32653,0.3517
32654,0.2802
32666,0.1232
32670,0.1589
32673,0.4132
32677,0.1734
32696,0.3738
32704,0.5105
32710,0.5115
32712,0.3978
32716,0.5306
32719,0.6648
32720,0.4846
32724,0.3326
32728,0.2184
32729,0.4237
32731,0.3839
32735,0.2602
32737,0.5987
32738,0.6776
32741,0.3406
32765,0.7656
32769,0.1047
32777,0.2052
32780,0.5993
32781,0.4568
32786,0.3813
32790,0.6614
32801,0.4029
32803,0.219
32812,0.1862
32814,0.4028
32818,0.6722
32824,0.3535
32832,0.3158
32834,0.5834
32840,0.1675
32842,0.6053
32848,0.0958
32849,0.7661
32851,0.4338
32862,0.4583
32865,0.599
32867,0.3199
32871,0.6704
32878,0.497
32880,0.3742
32902,0.3516
32904,0.4602
32913,0.3661
32916,0.4298
32920,0.205
32923,0.4099
32933,0.3086
32947,0.452
32952,0.775
32954,0.1934
32957,0.1133
32961,0.2552
32975,0.3577
32979,0.1116
32981,0.4347
32983,0.3707
33010,0.5734
33015,0.1556
33017,0.7139
33018,0.1223
33026,0.2521
33027,0.2376
33041,0.4686
33048,0.364
33057,0.1495
33069,0.6222
33071,0.3424
33072,0.0886
33074,0.5109
33093,0.2712
33096,0.7574
33098,0.4576
33099,0.0719
33113,0.129
33115,0.2819
33119,0.2545
33128,0.4602
33134,0.434
33139,0.2222
33141,0.6762
33145,0.4696
33149,0.727
33151,0.692
33154,0.6286
33155,0.4019
33157,0.4267
33166,0.5707
33167,0.6023
33169,0.6515
33174,0.3652
33176,0.2328
33177,0.5458
33184,0.3167
33190,0.1326
33197,0.3988
33200,0.6886
33205,0.4751
33208,0.6082
33210,0.7719
33212,0.6824
33214,0.3634
33221,0.5507
33228,0.1954
33229,0.6497
33233,0.3324
33240,0.5686
33245,0.2249
33246,0.221
33253,0.7337
33257,0.3654
33259,0.1617
33261,0.2713
33264,0.4134
33267,0.3342
33271,0.6505
33277,0.7189
33279,0.7102
33282,0.3254
33283,0.3155
33291,0.4188
33303,0.1204
33307,0.1441
33311,0.3874
33319,0.1263
33320,0.2176
33325,0.3748
33326,0.2658
33331,0.3676
33335,0.5239
33336,0.4808
33338,0.535
33351,0.2989
33360,0.4102
33367,0.3004
33371,0.326
33373,0.1331
33380,0.5442
33382,0.4959
33384,0.1092
33387,0.331
33396,0.6299
33407,0.5734
33412,0.5651
33422,0.5891
33441,0.2274
33442,0.707
33445,0.2045
33458,0.3117
33462,0.5702
33463,0.2905
33465,0.4226
33467,0.6001
33476,0.594
33478,0.539
33479,0.2427
33486,0.4168
33499,0.1657
33501,0.3932
33508,0.3995
33517,0.4746
33543,0.5959
33544,0.4692
33552,0.2917
33558,0.3713
33561,0.689
33567,0.4909
33576,0.635
33577,0.4083
33580,0.3892
33587,0.5591
33599,0.4632
33618,0.7162
33620,0.5464
33639,0.6036
33646,0.418
33649,0.1527
33654,0.1554
33665,0.347
33674,0.2395
33682,0.4675
33689,0.0975
33704,0.3136
33709,0.1386
33717,0.723
33723,0.1656
33727,0.2736
33732,0.0684
33736,0.6194
33753,0.219
33755,0.5303
33756,0.192
33760,0.0973
33762,0.2981
33765,0.7789
33769,0.6754
33773,0.4885
33779,0.1426
33781,0.2361
33783,0.4249
33785,0.1608
33786,0.2537
33789,0.5695
33790,0.3999
33809,0.2707
33810,0.1348
33812,0.2884
33818,0.2168
33819,0.4482
33828,0.3128
33831,0.3752
33835,0.4394
33839,0.1371
33850,0.5517
33852,0.2707
33859,0.5254
33862,0.531
33865,0.1644
33867,0.3527
33869,0.5047
33876,0.6117
33889,0.5844
33893,0.3203
33896,0.3637
33901,0.712
33903,0.5702
33910,0.564
33920,0.3303
33921,0.3486
33923,0.2859
33924,0.2845
33928,0.0968
33930,0.479
33933,0.727
33934,0.5255
33935,0.2494
33939,0.4994
33944,0.2177
33947,0.5703
33949,0.2518
33950,0.5913
33952,0.5441
33954,0.3947
33959,0.4467
33960,0.7079
33961,0.5045
33966,0.4455
33967,0.4952
33975,0.1893
33981,0.6145
33994,0.6125
34009,0.5169
34026,0.7281
34031,0.2819
34040,0.1614
34046,0.5933
34053,0.5386
34058,0.5256
34074,0.3981
34077,0.1627
34079,0.2086
34088,0.6568
34091,0.2554
34096,0.6277
34102,0.629
34115,0.7096
34119,0.4076
34122,0.4977
34123,0.1967
34127,0.6145
34131,0.4009
34135,0.5588
34143,0.2498
34147,0.5906
34154,0.3817
34157,0.3329
34159,0.08
34163,0.1283
34167,0.2832
34175,0.2079
34185,0.1881
34186,0.3527
34190,0.1137
34197,0.5623
34201,0.3826
34204,0.5356
34206,0.3468
34215,0.4618
34220,0.8337
34225,0.4204
34228,0.1403
34229,0.4837
34230,0.2322
34239,0.6469
34240,0.2976
34242,0.3819
34250,0.3094
34260,0.4307
34261,0.3396
34263,0.5705
34265,0.4939
34267,0.5326
34268,0.6909
34272,0.7292
34274,0.6545
34276,0.6833
34284,0.3185
34285,0.2852
34286,0.3568
34287,0.39
34298,0.1317
34299,0.4916
34305,0.3383
34320,0.4954
34321,0.104
34322,0.2836
34334,0.3298
34344,0.0549
34346,0.1316
34351,0.3565
34361,0.6576
34369,0.6062
34370,0.6236
34371,0.6225
34376,0.279
34381,0.4437
34385,0.6245
34387,0.2628
34388,0.2802
34391,0.4705
34393,0.4551
34397,0.327
34405,0.6683
34407,0.2556
34408,0.226
34412,0.4621
34413,0.7217
34418,0.6505
34420,0.3277
34423,0.3449
34424,0.3832
34427,0.6148
34433,0.26
34434,0.3716
34443,0.4126
34446,0.5297
34454,0.5949
34455,0.1347
34457,0.0825
34459,0.2138
34461,0.4535
34467,0.2882
34470,0.5464
34473,0.3696
34485,0.2516
34487,0.4079
34490,0.4066
34502,0.2616
34503,0.1249
34505,0.2898
34506,0.1267
34508,0.5006
34512,0.108
34513,0.3014
34521,0.7066
34523,0.5455
34526,0.1919
34531,0.2035
34547,0.1967
34552,0.482
34564,0.4417
34567,0.303
34571,0.3601
34585,0.3995
34586,0.711
34594,0.2821
34598,0.4275
34600,0.4097
34603,0.3432
34605,0.4708
34608,0.2786
34613,0.5824
34614,0.3613
34616,0.3557
34621,0.3287
34631,0.1864
34636,0.2664
34643,0.5736
34644,0.5526
34660,0.1861
34668,0.2003
34671,0.7522
34673,0.3529
34675,0.6268
34679,0.4991
34685,0.6358
34687,0.36
34695,0.6852
34696,0.2303
34697,0.4912
34698,0.6477
34699,0.183
34706,0.6353
34709,0.1955
34712,0.4399
34720,0.6614
34724,0.4736
34726,0.6657
34730,0.1767
34745,0.257
34747,0.2495
34749,0.6286
34755,0.1366
34761,0.43
34778,0.345
34780,0.2787
34787,0.5024
34789,0.6431
34794,0.3425
34796,0.5952
34799,0.3344
34804,0.4706
34807,0.2038
34811,0.4422
34814,0.3226
34819,0.3981
34826,0.2438
34830,0.5793
34833,0.6725
34846,0.1378
34857,0.4981
34861,0.3581
34862,0.1431
34869,0.0536
34874,0.3966
34876,0.2577
34883,0.3573
34884,0.686
34888,0.3454
34890,0.5891
34892,0.4277
34893,0.2466
34896,0.396
34898,0.294
34901,0.3387
34904,0.6628
34914,0.4463
34915,0.2315
34925,0.4518
34927,0.4691
34930,0.1521
34934,0.1899
34938,0.4689
34945,0.4616
34948,0.1485
34957,0.6872
34963,0.424
34975,0.4401
34976,0.2293
34978,0.4867
34985,0.4518
34986,0.4326
34993,0.7025
34996,0.6977
34998,0.1092
35000,0.7169
35001,0.6815
35004,0.1999
35006,0.3551
35011,0.2815
35015,0.1134
35018,0.5269
35022,0.359
35024,0.4493
35032,0.7495
35037,0.1056
35043,0.5294
35057,0.3104
35061,0.6063
35068,0.1606
35076,0.4646
35077,0.2023
35084,0.676
35085,0.7609
35092,0.2084
35097,0.3285
35102,0.6467
35104,0.7873
35109,0.6295
35127,0.1968
35136,0.4852
35139,0.5169
35159,0.324
35165,0.4252
35170,0.4127
35175,0.4289
35181,0.5426
35183,0.1058
35186,0.1904
35192,0.4309
35194,0.4455
35198,0.6337
35199,0.2565
35203,0.6613
35204,0.3598
35206,0.37
35207,0.4581
35212,0.4491
35213,0.6561
35217,0.4634
35227,0.4181
35231,0.5965
35232,0.4255
35233,0.452
35237,0.2511
35239,0.5265
35244,0.7208
35245,0.4651
35246,0.2684
35249,0.7067
35260,0.3814
35269,0.3633
35271,0.1448
35273,0.3455
35279,0.6846
35281,0.3775
35287,0.4382
35292,0.1699
35293,0.4386
35294,0.3248
35296,0.0822
35302,0.4081
35307,0.5988
35308,0.6343
35319,0.4668
35331,0.1787
35336,0.2001
35342,0.6053
35344,0.6146
35353,0.5111
35356,0.7053
35361,0.6094
35367,0.4711
35370,0.2465
35374,0.6958
35383,0.6538
35404,0.5316
35405,0.4609
35408,0.446
35410,0.5102
35412,0.365
35425,0.6267
35427,0.4497
35430,0.1997
35442,0.564
35466,0.486
35468,0.6194
35469,0.3457
35482,0.4399
35484,0.1692
35486,0.6138
35490,0.1948
35495,0.5707
35496,0.2441
35501,0.2175
35523,0.4345
35526,0.5679
35529,0.3301
35533,0.338
35534,0.5177
35536,0.3006
35537,0.6437
35539,0.4152
35546,0.5855
35550,0.394
35561,0.62
35564,0.3898
35565,0.4922
35576,0.5648
35586,0.308
35588,0.2155
35592,0.0934
35593,0.4142
35594,0.2816
35600,0.4258
35603,0.1754
35611,0.4374
35618,0.3638
35630,0.7327
35639,0.3328
35642,0.6707
35647,0.3052
35648,0.5998
35651,0.369
35653,0.4087
35656,0.6746
35657,0.1117
35660,0.565
35668,0.2452
35669,0.4745
35680,0.4887
35681,0.5592
35684,0.6784
35690,0.2147
35694,0.4433
35706,0.4078
35709,0.3488
35717,0.0946
35728,0.6884
35733,0.4166
35735,0.6027
35738,0.5884
35746,0.3333
35752,0.509
35756,0.4597
35759,0.2094
35761,0.2059
35762,0.4725
35763,0.3759
35765,0.6154
35773,0.4317
35776,0.5149
35777,0.1864
35784,0.2807
35788,0.6554
35802,0.4166
35803,0.5928
35811,0.2885
35814,0.2902
35819,0.5561
35838,0.2823
35848,0.5632
35852,0.4507
35855,0.3211
35857,0.3983
35858,0.3827
35860,0.3895
35867,0.4564
35869,0.3988
35872,0.3527
35874,0.2041
35875,0.3423
35886,0.5686
35898,0.5799
35908,0.5669
35910,0.1597
35915,0.1795
35925,0.2373
35940,0.5205
35944,0.7449
35946,0.3125
35950,0.1766
35960,0.6307
35966,0.6683
35973,0.613
35981,0.3887
35989,0.5771
36001,0.4997
36010,0.2694
36012,0.2349
36017,0.3431
36023,0.1521
36030,0.1466
36034,0.5973
36041,0.2815
36047,0.1891
36050,0.3535
36052,0.4389
36059,0.7427
36060,0.6239
36065,0.4761
36066,0.2589
36084,0.5715
36085,0.6247
36086,0.6332
36087,0.4384
36091,0.5002
36096,0.2559
36112,0.5546
36113,0.3107
36118,0.5718
36124,0.6444
36127,0.3114
36130,0.4994
36136,0.4449
36149,0.5812
36157,0.6546
36160,0.1532
36172,0.248
36176,0.4053
36182,0.7443
36184,0.3062
36187,0.5953
36190,0.3302
36200,0.2756
36202,0.5568
36204,0.43
36213,0.4357
36217,0.629
36219,0.3666
36228,0.5065
36234,0.6456
36235,0.3867
36239,0.5053
36244,0.2485
36246,0.7807
36261,0.3219
36263,0.2951
36264,0.1946
36269,0.3926
36276,0.2803
36278,0.4238
36282,0.6574
36293,0.5069
36300,0.3874
36305,0.0949
36311,0.0538
36315,0.4925
36322,0.1703
36328,0.4679
36346,0.7159
36357,0.5174
36358,0.1778
36359,0.4448
36376,0.4371
36388,0.2242
36391,0.3278
36393,0.6152
36394,0.5532
36395,0.5657
36408,0.2598
36413,0.7538
36416,0.1229
36420,0.6969
36422,0.6291
36435,0.1188
36440,0.3552
36443,0.7436
36447,0.5239
36450,0.6367
36457,0.3295
36465,0.3306
36475,0.206
36481,0.6167
36488,0.7014
36490,0.6115
36500,0.5181
36502,0.6511
36512,0.6254
36514,0.699
36516,0.5355
36518,0.6223
36530,0.2402
36537,0.4354
36545,0.18
36546,0.2313
36550,0.3126
36557,0.2592
36561,0.4889
36564,0.4654
36572,0.1773
36575,0.6084
36576,0.3427
36580,0.4287
36586,0.4023
36588,0.6432
36600,0.3177
36614,0.1176
36621,0.3039
36623,0.3179
36624,0.083
36632,0.3892
36639,0.5313
36642,0.4239
36644,0.5625
36646,0.2762
36653,0.392
36656,0.2786
36661,0.3639
36662,0.2084
36671,0.268
36679,0.4241
36692,0.2795
36698,0.5326
36707,0.1913
36711,0.0832
36712,0.6031
36718,0.5608
36722,0.5001
36725,0.4591
36740,0.5512
36743,0.6113
36751,0.5077
36754,0.5174
36756,0.3525
36764,0.3374
36768,0.4008
36770,0.1223
36772,0.529
36775,0.5394
36776,0.5267
36778,0.6856
36779,0.5972
36781,0.5366
36792,0.5369
36796,0.498
36803,0.0886
36813,0.4686
36827,0.5915
36830,0.5071
36836,0.5961
36839,0.3629
36841,0.6394
36846,0.7572
36848,0.0762
36850,0.0518
36851,0.7622
36856,0.2505
36857,0.6467
36858,0.4993
36860,0.4759
36861,0.2741
36862,0.3331
36868,0.2539
36882,0.4581
36883,0.2826
36888,0.6964
36889,0.2465
36896,0.3953
36898,0.3627
36906,0.5768
36910,0.4045
36919,0.1269
36924,0.3932
36930,0.296
36935,0.5584
36936,0.0819
36937,0.4263
36950,0.3928
36957,0.2761
36963,0.5012
36968,0.6367
36983,0.2935
36988,0.6583
36994,0.5782
37002,0.2536
37004,0.6873
37008,0.1236
37009,0.7469
37018,0.4812
37022,0.336
37032,0.5462
37033,0.4635
37034,0.2988
37040,0.4143
37056,0.4549
37062,0.2056
37063,0.2088
37064,0.114
37065,0.2722
37078,0.4388
37082,0.1271
37085,0.4146
37089,0.1388
37092,0.6
37102,0.3267
37108,0.3589
37109,0.472
37114,0.2184
37115,0.5334
37118,0.4699
37129,0.3395
37158,0.7582
37167,0.2759
37169,0.6018
37174,0.5218
37178,0.5524
37182,0.7674
37183,0.3878
37187,0.2617
37190,0.3391
37196,0.3437
37197,0.3079
37198,0.198
37200,0.5395
37201,0.3236
37210,0.6967
37217,0.4786
37221,0.431
37224,0.5752
37226,0.4646
37236,0.395
37244,0.5654
37247,0.6224
37256,0.2293
37263,0.2632
37268,0.3511
37270,0.2772
37273,0.4969
37279,0.4504
37289,0.2234
37291,0.5715
37304,0.2057
37305,0.3037
37309,0.5884
37311,0.3328
37314,0.2205
37318,0.6229
37327,0.3588
37328,0.6893
37333,0.6567
37338,0.7213
37340,0.6863
37347,0.5378
37356,0.1528
37359,0.521
37364,0.6866
37365,0.2378
37369,0.3366
37371,0.5733
37375,0.1691
37377,0.2343
37383,0.3221
37387,0.648
37390,0.4265
37393,0.5881
37397,0.5949
37399,0.1664
37404,0.157
37405,0.1699
37410,0.6232
37413,0.2798
37425,0.6233
37426,0.3283
37430,0.6713
37433,0.3043
37436,0.431
37443,0.5945
37445,0.3834
37447,0.4091
37449,0.3721
37458,0.2446
37469,0.4583
37471,0.5992
37472,0.4996
37478,0.5077
37480,0.4702
37493,0.2468
37495,0.6403
37499,0.2723
37503,0.0667
37507,0.3323
37517,0.2422
37521,0.3472
37523,0.4484
37535,0.4832
37537,0.423
37539,0.294
37546,0.6524
37551,0.7695
37558,0.189
37563,0.2286
37565,0.5474
37568,0.2457
37574,0.3203
37585,0.0868
37586,0.2324
37587,0.4068
37589,0.4495
37591,0.3889
37596,0.4219
37599,0.2125
37601,0.5725
37602,0.6736
37605,0.4512
37606,0.5429
37622,0.4571
37624,0.2224
37625,0.1782
37629,0.6126
37639,0.2878
37644,0.5438
37655,0.5337
37678,0.1701
37679,0.2451
37684,0.1628
37685,0.1587
37701,0.373
37707,0.5474
37712,0.243
37713,0.4948
37714,0.2711
37720,0.2424
37727,0.659
37729,0.3919
37736,0.115
37756,0.4406
37757,0.3051
37772,0.4341
37774,0.2943
37779,0.1679
37782,0.5752
37787,0.7286
37790,0.55
37796,0.5152
37797,0.3759
37805,0.7006
37808,0.5991
37810,0.1614
37813,0.4044
37814,0.5831
37815,0.6841
37818,0.6848
37831,0.5115
37836,0.6413
37847,0.4088
37849,0.0805
37863,0.7607
37866,0.3934
37875,0.4923
37877,0.1913
37896,0.4504
37899,0.4708
37902,0.337
37904,0.4514
37905,0.4586
37911,0.5529
37915,0.4572
37924,0.2767
37930,0.6405
37932,0.2224
37938,0.4027
37939,0.3455
37944,0.2757
37946,0.4431
37958,0.5381
37959,0.4371
37990,0.2051
37993,0.3071
37997,0.4068
37998,0.5496
38005,0.4162
38016,0.1068
38022,0.5139
38023,0.1358
38024,0.5896
38028,0.6805
38029,0.5663
38032,0.175
38036,0.5646
38037,0.5949
38039,0.6183
38044,0.3622
38048,0.4496
38050,0.5852
38056,0.3477
38060,0.2834
38068,0.5807
38069,0.3891
38076,0.5063
38079,0.4414
38083,0.642
38094,0.6867
38104,0.6065
38118,0.5675
38123,0.4413
38128,0.2048
38131,0.5614
38136,0.4344
38137,0.2085
38139,0.1792
38151,0.6482
38152,0.5845
38159,0.3139
38162,0.5513
38164,0.2604
38167,0.3621
38173,0.2428
38180,0.4622
38185,0.5114
38188,0.0674
38189,0.1766
38190,0.5534
38209,0.5059
38212,0.5014
38213,0.3414
38216,0.3678
38218,0.1779
38226,0.3209
38227,0.431
38228,0.1354
38244,0.492
38256,0.3214
38257,0.4351
38264,0.5901
38265,0.4988
38266,0.4124
38268,0.3009
38269,0.5047
38272,0.2377
38287,0.5713
38295,0.3325
38302,0.2638
38306,0.1322
38309,0.409
38310,0.4695
38315,0.6943
38316,0.4758
38329,0.3949
38342,0.3211
38353,0.3498
38355,0.1768
38358,0.118
38359,0.3857
38361,0.3634
38376,0.6905
38380,0.6806
38390,0.5416
38391,0.3319
38402,0.4058
38407,0.3622
38413,0.3728
38415,0.3785
38416,0.5224
38426,0.284
38430,0.5977
38433,0.5508
38444,0.1123
38455,0.2721
38457,0.613
38479,0.1934
38487,0.5706
38490,0.7226
38494,0.3824
38496,0.6195
38498,0.3481
38515,0.1727
38520,0.3909
38529,0.4938
38532,0.4726
38535,0.4251
38537,0.6164
38539,0.3097
38551,0.5622
38552,0.805
38562,0.4577
38563,0.4557
38582,0.3782
38593,0.2181
38605,0.5397
38606,0.5243
38612,0.0966
38617,0.3588
38618,0.2444
38621,0.0805
38629,0.4288
38633,0.2545
38650,0.1408
38655,0.6
38661,0.7916
38663,0.5458
38665,0.4567
38669,0.3522
38671,0.5812
38674,0.5467
38678,0.4839
38690,0.516
38694,0.6951
38707,0.573
38715,0.4475
38716,0.7211
38718,0.3764
38719,0.1087
38724,0.3085
38726,0.1426
38730,0.4276
38744,0.5229
38748,0.3581
38749,0.3383
38755,0.3488
38768,0.4498
38771,0.466
38778,0.1927
38780,0.3018
38782,0.2236
38790,0.3342
38791,0.6899
38794,0.4551
38797,0.0933
38798,0.1846
38803,0.3702
38812,0.6192
38813,0.4612
38820,0.3894
38827,0.5056
38829,0.6806
38832,0.3773
38836,0.283
38838,0.6041
38844,0.4251
38852,0.1265
38862,0.52
38865,0.455
38868,0.299
38874,0.3881
38880,0.4407
38882,0.576
38884,0.0961
38885,0.2779
38889,0.5478
38891,0.5858
38902,0.4738
38904,0.5905
38906,0.4493
38914,0.6861
38920,0.1166
38929,0.112
38932,0.625
38933,0.3265
38934,0.5031
38935,0.3183
38950,0.3853
38960,0.3693
38962,0.5127
38963,0.2656
38974,0.4333
38983,0.3488
38986,0.1008
38989,0.3194
38990,0.3829
38991,0.4693
38996,0.2947
39008,0.6116
39012,0.2868
39014,0.3893
39016,0.0725
39025,0.6653
39026,0.2382
39031,0.2885
39039,0.5966
39045,0.1847
39051,0.4897
39052,0.2601
39056,0.439
39063,0.3338
39069,0.7147
39072,0.2611
39074,0.5423
39080,0.4181
39082,0.4472
39092,0.4409
39094,0.7477
39103,0.5566
39104,0.3635
39109,0.1236
39110,0.2296
39116,0.2872
39129,0.5148
39131,0.241
39135,0.3667
39143,0.5221
39144,0.6089
39150,0.3276
39151,0.4184
39170,0.2334
39171,0.0875
39179,0.6202
39181,0.4292
39183,0.551
39186,0.6628
39191,0.2755
39196,0.2673
39200,0.4594
39204,0.2887
39212,0.3408
39214,0.2952
39225,0.5688
39231,0.3473
39242,0.5441
39265,0.3239
39268,0.6287
39278,0.4029
39280,0.3454
39287,0.4428
39307,0.3899
39309,0.6744
39310,0.7071
39311,0.1948
39312,0.3272
39314,0.5118
39321,0.2868
39324,0.2527
39327,0.2189
39328,0.3397
39329,0.2943
39330,0.4704
39338,0.0626
39344,0.3042
39349,0.1886
39354,0.4998
39356,0.1545
39358,0.1437
39363,0.2172
39365,0.5351
39366,0.6314
39367,0.5391
39377,0.4468
39387,0.7399
39403,0.6377
39406,0.7641
39414,0.6456
39415,0.4576
39421,0.384
39431,0.5328
39433,0.618
39435,0.4956
39445,0.5889
39455,0.3788
39463,0.4806
39471,0.6234
39473,0.4887
39480,0.3166
39486,0.055
39497,0.0952
39505,0.56
39506,0.5479
39517,0.4383
39520,0.8217
39526,0.4002
39530,0.7068
39539,0.2126
39543,0.2276
39549,0.3599
39552,0.4026
39560,0.7661
39562,0.4991
39573,0.5941
39575,0.1439
39578,0.6905
39579,0.1914
39580,0.0746
39582,0.1251
39586,0.6272
39593,0.4608
39596,0.3981
39597,0.1128
39598,0.3503
39605,0.3032
39608,0.4904
39610,0.4027
39615,0.5361
39617,0.4311
39620,0.0683
39621,0.4627
39623,0.4169
39627,0.4542
39635,0.1992
39642,0.2833
39643,0.5845
39645,0.652
39646,0.2314
39648,0.3251
39652,0.2156
39654,0.2888
39655,0.2787
39662,0.5208
39669,0.234
39670,0.6436
39671,0.5693
39675,0.3009
39677,0.2467
39689,0.7066
39691,0.1828
39701,0.3332
39707,0.0636
39721,0.3437
39728,0.253
39733,0.4235
39734,0.4943
39736,0.342
39737,0.6204
39744,0.3216
39761,0.2374
39763,0.2495
39773,0.3499
39782,0.294
39788,0.5604
39792,0.7774
39795,0.5732
39796,0.3027
39797,0.2177
39799,0.283
39801,0.5227
39808,0.5447
39812,0.3298
39814,0.1988
39815,0.4451
39816,0.4741
39817,0.1688
39818,0.2081
39820,0.3492
39828,0.1603
39829,0.4785
39833,0.6795
39838,0.3798
39841,0.4422
39854,0.7344
39858,0.386
39861,0.504
39864,0.4997
39866,0.0982
39869,0.4399
39874,0.5635
39890,0.1254
39895,0.715
39896,0.139
39897,0.5257
39903,0.4391
39904,0.3829
39905,0.4568
39906,0.2474
39907,0.119
39908,0.5728
39915,0.2224
39919,0.203
39920,0.4583
39926,0.6656
39927,0.434
39933,0.3911
39936,0.3087
39943,0.237
39945,0.2355
39946,0.2903
39970,0.6362
39977,0.368
39978,0.4211
39986,0.6901
39988,0.3435
39989,0.1644
39993,0.2488
39994,0.1469
40003,0.5093
40007,0.5551
40013,0.3
40014,0.681
40016,0.3389
40018,0.5136
40044,0.4428
40049,0.6528
40056,0.3283
40061,0.3685
40064,0.6715
40071,0.2906
40073,0.5853
40074,0.4877
40077,0.4204
40080,0.1972
40083,0.4039
40086,0.7129
40092,0.6939
40099,0.204
40100,0.6379
40103,0.3935
40113,0.648
40114,0.5873
40117,0.0739
40118,0.3003
40126,0.2763
40129,0.4739
40131,0.257
40132,0.4265
40144,0.5627
40145,0.3317
40149,0.5315
40162,0.5742
40163,0.3657
40164,0.4483
40167,0.1301
40169,0.5287
40174,0.4502
40178,0.4111
40183,0.6392
40184,0.558
40201,0.5387
40213,0.4329
40220,0.6143
40228,0.3303
40233,0.5815
40244,0.457
40247,0.2535
40251,0.5266
40252,0.4055
40255,0.3855
40258,0.1948
40260,0.3617
40268,0.4846
40281,0.5575
40285,0.3905
40291,0.3606
40296,0.1548
40304,0.6639
40306,0.3508
40308,0.5092
40309,0.3506
40315,0.3177
40319,0.1924
40321,0.3507
40323,0.1032
40324,0.3419
40326,0.4365
40327,0.3762
40352,0.5237
40358,0.6418
40359,0.3671
40376,0.2772
40380,0.6447
40387,0.2224
40388,0.4545
40392,0.5522
40394,0.7575
40397,0.2454
40400,0.3124
40401,0.5722
40402,0.6034
40406,0.615
40408,0.4745
40422,0.5867
40424,0.1521
40432,0.0791
40434,0.3791
40446,0.3903
40461,0.3105
40463,0.6258
40477,0.6129
40481,0.3444
40484,0.4786
40485,0.3616
40492,0.4081
40498,0.4369
40499,0.4756
40514,0.4006
40517,0.4513
40518,0.6263
40520,0.6273
40523,0.3666
40527,0.4723
40528,0.5855
40533,0.5565
40536,0.4873
40537,0.5533
40539,0.371
40541,0.6468
40543,0.6662
40545,0.5238
40556,0.5781
40561,0.4787
40566,0.664
40570,0.1018
40571,0.3822
40577,0.3156
40589,0.208
40618,0.2446
40627,0.44
40635,0.2557
40646,0.569
40648,0.564
40649,0.4791
40662,0.2539
40665,0.5901
40666,0.6154
40668,0.3937
40672,0.4829
40677,0.372
40684,0.7027
40687,0.1406
40689,0.6664
40698,0.3876
40699,0.4965
40701,0.4297
40702,0.2973
40704,0.3634
40706,0.3595
40708,0.6914
40709,0.7133
40710,0.2591
40717,0.371
40719,0.3822
40723,0.5081
40730,0.5061
40739,0.1969
40747,0.3435
40749,0.4787
40752,0.3113
40754,0.2131
40757,0.429
40761,0.6428
40764,0.1938
40766,0.7145
40767,0.7641
40770,0.1273
40776,0.19
40794,0.7162
40795,0.6399
40809,0.1104
40816,0.5793
40818,0.0645
40819,0.3419
40828,0.3499
40836,0.5682
40839,0.5105
40843,0.6659
40844,0.5773
40850,0.1722
40855,0.0857
40858,0.5434
40865,0.3622
40873,0.6038
40874,0.2605
40901,0.6416
40902,0.5676
40911,0.3128
40914,0.6255
40918,0.0999
40919,0.4144
40920,0.4838
40922,0.2403
40925,0.4464
40928,0.529
40930,0.0766
40936,0.7026
40939,0.4843
40942,0.5734
40947,0.1923
40948,0.2599
40952,0.6445
40953,0.748
40954,0.4913
40959,0.6253
40961,0.2016
40963,0.4399
40964,0.5118
40970,0.2467
40989,0.5789
40990,0.4148
41007,0.2523
41011,0.4084
41015,0.4856
41019,0.4838
41022,0.2712
41026,0.4938
41030,0.7694
41036,0.1699
41038,0.5042
41039,0.776
41043,0.5683
41050,0.4401
41056,0.4043
41059,0.3295
41062,0.2039
41070,0.2877
41073,0.3515
41077,0.5112
41083,0.6209
41084,0.1803
41091,0.4015
41092,0.3062
41094,0.4768
41098,0.41
41104,0.134
41127,0.5077
41128,0.6881
41142,0.5487
41143,0.4182
41144,0.3426
41150,0.5024
41158,0.5667
41163,0.2428
41169,0.2625
41170,0.6652
41181,0.7711
41193,0.5674
41195,0.3982
41199,0.633
41201,0.6081
41205,0.6662
41208,0.3957
41215,0.669
41220,0.7005
41222,0.2157
41225,0.4342
41230,0.7085
41235,0.4521
41239,0.341
41246,0.1259
41247,0.4569
41248,0.5577
41249,0.2205
41253,0.6285
41264,0.6994
41267,0.4208
41281,0.1599
41286,0.6479
41287,0.3142
41298,0.3629
41299,0.5593
41302,0.1159
41309,0.0892
41311,0.4707
41338,0.2337
41341,0.6733
41343,0.5942
41346,0.4531
41354,0.3147
41364,0.6796
41366,0.3781
41370,0.158
41374,0.3247
41382,0.6588
41386,0.3299
41391,0.3304
41396,0.0863
41400,0.2139
41407,0.4665
41414,0.4223
41417,0.2004
41429,0.5966
41434,0.5174
41437,0.2261
41449,0.3908
41454,0.5909
41460,0.6904
41464,0.2293
41468,0.2323
41474,0.3991
41476,0.2458
41478,0.6199
41483,0.2568
41484,0.4231
41498,0.5515
41500,0.4268
41512,0.3505
41518,0.1951
41530,0.53
41535,0.3959
41538,0.5847
41543,0.2336
41552,0.2485
41556,0.665
41563,0.1729
41564,0.5561
41565,0.4659
41567,0.5783
41571,0.3825
41573,0.5555
41589,0.3398
41599,0.3354
41605,0.6887
41620,0.677
41621,0.5199
41627,0.7112
41630,0.5488
41631,0.6145
41643,0.5494
41652,0.6036
41656,0.6509
41657,0.2618
41663,0.5491
41671,0.4576
41672,0.1733
41689,0.2436
41699,0.3034
41706,0.2154
41707,0.4281
41708,0.4747
41717,0.0931
41723,0.7053
41730,0.2626
41731,0.3533
41738,0.1697
41753,0.4825
41755,0.1158
41757,0.3321
41772,0.1624
41781,0.3784
41786,0.3577
41790,0.3544
41800,0.7283
41810,0.5406
41811,0.7144
41814,0.3388
41815,0.6342
41819,0.5157
41823,0.5135
41828,0.2795
41831,0.2712
41837,0.562
41846,0.4094
41848,0.0976
41853,0.3508
41857,0.2712
41861,0.1118
41862,0.434
41863,0.6304
41869,0.4645
41870,0.351
41877,0.4456
41881,0.5857
41882,0.0833
41883,0.6369
41886,0.5869
41895,0.311
41899,0.5751
41906,0.6479
41908,0.4424
41909,0.1588
41910,0.6583
41922,0.5107
41925,0.1344
41926,0.4974
41927,0.5282
41929,0.6051
41932,0.5799
41933,0.3079
41935,0.4162
41939,0.4443
41942,0.6862
41943,0.318
41947,0.4475
41954,0.5098
41956,0.6509
41958,0.2514
41962,0.2443
41963,0.113
41966,0.41
41969,0.7229
41982,0.3551
41990,0.5786
42010,0.3424
42014,0.6476
42032,0.1825
42034,0.543
42037,0.1716
42038,0.419
42043,0.1107
42044,0.5853
42046,0.6025
42048,0.5757
42050,0.5949
42051,0.6611
42052,0.3594
42054,0.2909
42060,0.7579
42063,0.5021
42079,0.4398
42089,0.7188
42101,0.3354
42102,0.331
42105,0.3516
42106,0.7223
42107,0.5227
42110,0.6495
42111,0.6422
42116,0.5753
42117,0.705
42127,0.604
42140,0.5111
42143,0.6105
42144,0.5021
42146,0.6664
42157,0.486
42166,0.1015
42170,0.3277
42171,0.3622
42172,0.5977
42187,0.1231
42191,0.5826
42196,0.4491
42199,0.406
42201,0.3751
42202,0.2863
42204,0.6172
42205,0.0792
42208,0.3651
42211,0.4646
42215,0.426
42223,0.659
42226,0.4465
42229,0.5533
42234,0.2697
42242,0.1219
42248,0.1594
42258,0.2801
42264,0.6569
42275,0.4954
42277,0.3107
42283,0.5883
42286,0.2847
42287,0.4358
42288,0.5002
42289,0.3113
42290,0.793
42298,0.7516
42300,0.4362
42308,0.6211
42309,0.5624
42314,0.6572
42318,0.4335
42319,0.1021
42320,0.5316
42324,0.1911
42325,0.3773
42327,0.2839
42335,0.0739
42339,0.4447
42347,0.5948
42348,0.703
42351,0.3555
42359,0.1946
42363,0.116
42371,0.6045
42373,0.5278
42374,0.3675
42377,0.5689
42385,0.6416
42392,0.6562
42397,0.5507
42406,0.4446
42413,0.3826
42415,0.3846
42421,0.662
42423,0.6187
42435,0.2105
42436,0.2094
42437,0.3245
42439,0.6841
42440,0.6052
42456,0.6433
42457,0.754
42458,0.4932
42460,0.7779
42466,0.3044
42467,0.4017
42468,0.4686
42470,0.2195
42475,0.5099
42478,0.5441
42483,0.4472
42487,0.6979
42491,0.61
42492,0.236
42499,0.3649
42504,0.6187
42514,0.5057
42532,0.3497
42533,0.2842
42539,0.611
42542,0.1161
42545,0.424
42548,0.06
42551,0.2531
42555,0.4237
42560,0.4078
42569,0.2464
42571,0.6522
42572,0.46
42575,0.2701
42582,0.1859
42584,0.5194
42586,0.5927
42591,0.6109
42593,0.3786
42596,0.5165
42600,0.2665
42606,0.3896
42607,0.8078
42611,0.5396
42614,0.2747
42616,0.0928
42618,0.5638
42623,0.549
42624,0.3143
42635,0.7967
42652,0.3777
42656,0.3268
42665,0.3498
42666,0.4009
42671,0.4665
42700,0.3424
42705,0.354
42706,0.3729
42720,0.5928
42724,0.4418
42738,0.2892
42742,0.2361
42743,0.6257
42745,0.4259
42746,0.7583
42752,0.2562
42757,0.1804
42762,0.2908
42765,0.2662
42768,0.4599
42769,0.3186
42771,0.4686
42780,0.4199
42781,0.1452
42793,0.5504
42803,0.2999
42805,0.6449
42807,0.4919
42808,0.185
42809,0.4173
42812,0.4264
42813,0.176
42817,0.3841
42827,0.2631
42828,0.5751
42831,0.343
42833,0.2577
42835,0.3601
42836,0.4859
42837,0.4812
42838,0.7225
42839,0.6309
42845,0.3088
42849,0.6119
42852,0.566
42873,0.451
42874,0.4598
42876,0.3008
42887,0.2429
42895,0.2814
42899,0.3113
42903,0.5601
42909,0.52
42912,0.3551
42915,0.1821
42916,0.2222
42926,0.412
42936,0.3611
42938,0.2696
42944,0.1917
42951,0.3778
42956,0.3701
42961,0.548
42968,0.6362
42970,0.3933
42981,0.3468
42985,0.472
42988,0.4657
42991,0.6109
43002,0.4534
43004,0.2297
43006,0.7039
43009,0.2137
43024,0.3933
43029,0.3957
43034,0.2871
43037,0.0834
43041,0.6562
43042,0.6032
43043,0.2752
43053,0.4594
43059,0.1289
43061,0.2997
43065,0.3069
43069,0.7052
43077,0.5269
43082,0.757
43097,0.4469
43102,0.1975
43106,0.663
43107,0.4791
43113,0.4121
43121,0.5413
43123,0.3815
43128,0.6732
43140,0.093
43141,0.3514
43150,0.0897
43154,0.7445
43162,0.0898
43163,0.2998
43165,0.3434
43169,0.153
43173,0.0818
43179,0.5112
43188,0.5684
43189,0.3391
43195,0.5887
43196,0.5261
43208,0.6106
43210,0.4317
43218,0.4885
43219,0.7603
43234,0.405
43243,0.6502
43246,0.4333
43251,0.2137
43254,0.363
43255,0.5642
43260,0.2067
43267,0.3259
43272,0.1561
43280,0.2671
43290,0.6449
43292,0.5199
43297,0.2937
43303,0.4225
43309,0.7339
43319,0.5214
43328,0.4711
43331,0.6717
43333,0.3317
43340,0.5125
43342,0.626
43343,0.3185
43346,0.1281
43358,0.5358
43361,0.5823
43378,0.6788
43380,0.2825
43382,0.6111
43383,0.2103
43388,0.2252
43390,0.3669
43397,0.2967
43408,0.5921
43419,0.1178
43421,0.3978
43423,0.1313
43424,0.6302
43426,0.2425
43431,0.4902
43434,0.4409
43436,0.1718
43441,0.4418
43451,0.1866
43452,0.6043
43455,0.2174
43460,0.2745
43461,0.5338
43464,0.5173
43469,0.4154
43470,0.6171
43472,0.6636
43475,0.66
43482,0.2123
43488,0.2058
43489,0.2763
43495,0.5557
43501,0.622
43509,0.2595
43511,0.3913
43516,0.4966
43524,0.5962
43526,0.6355
43529,0.7228
43533,0.6512
43534,0.1954
43535,0.5719
43538,0.0976
43540,0.4481
43541,0.1213
43543,0.4626
43549,0.2767
43550,0.7498
43552,0.1319
43555,0.3987
43556,0.7744
43559,0.5271
43561,0.3744
43565,0.5901
43567,0.204
43575,0.2497
43582,0.689
43584,0.5615
43589,0.5955
43601,0.2949
43604,0.3578
43605,0.3963
43607,0.7753
43611,0.3477
43613,0.6598
43620,0.601
43632,0.086
43633,0.5918
43637,0.3169
43646,0.3475
43653,0.3623
43658,0.231
43660,0.4666
43665,0.4014
43668,0.3445
43670,0.359
43672,0.6086
43674,0.4443
43682,0.3906
43683,0.2909
43684,0.1941
43687,0.2814
43691,0.6467
43705,0.5766
43707,0.4534
43709,0.6034
43711,0.7103
43714,0.5611
43717,0.5529
43720,0.6329
43727,0.521
43730,0.5636
43731,0.3383
43732,0.3711
43733,0.2765
43735,0.458
43737,0.585
43739,0.2886
43756,0.5426
43766,0.5407
43767,0.2124
43782,0.6568
43784,0.7429
43785,0.6747
43797,0.4964
43799,0.3178
43801,0.472
43802,0.6262
43803,0.2391
43814,0.4073
43817,0.7437
43819,0.0635
43822,0.217
43825,0.3548
43834,0.5414
43836,0.3207
43837,0.2688
43847,0.0979
43848,0.3926
43861,0.6621
43864,0.4881
43884,0.4165
43887,0.6792
43891,0.442
43897,0.3024
43900,0.679
43912,0.6755
43915,0.5963
43922,0.3497
43925,0.5207
43926,0.4983
43930,0.2547
43933,0.4524
43936,0.1115
43941,0.676
43956,0.3441
43958,0.1238
43963,0.1929
43965,0.4179
43969,0.7118
43971,0.4962
43972,0.5065
43973,0.2296
43976,0.2333
43977,0.3201
43979,0.3004
43987,0.4745
43993,0.4072
43998,0.6974
44009,0.4514
44010,0.5441
44019,0.1591
44020,0.5553
44025,0.4998
44027,0.381
44032,0.2779
44036,0.5368
44040,0.1043
44041,0.63
44046,0.2689
44050,0.1911
44053,0.6426
44056,0.49
44058,0.6663
44066,0.5771
44067,0.5379
44069,0.5091
44070,0.3317
44071,0.5604
44075,0.6936
44076,0.3351
44077,0.1802
44085,0.2774
44086,0.5004
44087,0.5407
44089,0.7523
44103,0.6632
44109,0.2262
44112,0.5781
44113,0.1248
44126,0.6073
44130,0.4998
44134,0.2409
44143,0.421
44147,0.6871
44158,0.4755
44160,0.4987
44165,0.3454
44169,0.332
44172,0.4358
44178,0.4879
44183,0.6664
44186,0.6947
44191,0.4561
44194,0.5982
44201,0.3866
44206,0.5262
44213,0.5683
44219,0.3452
44220,0.2803
44226,0.627
44237,0.3179
44240,0.2344
44246,0.7715
44250,0.495
44252,0.4654
44256,0.1476
44257,0.2509
44259,0.7448
44272,0.1956
44273,0.2603
44281,0.4183
44283,0.5433
44291,0.3464
44294,0.3923
44321,0.2798
44322,0.2879
44331,0.4167
44337,0.2009
44339,0.5946
44359,0.5005
44361,0.2611
44362,0.5462
44363,0.274
44366,0.2677
44372,0.659
44373,0.264
44376,0.3126
44379,0.6485
44387,0.7377
44388,0.6473
44391,0.3829
44402,0.4178
44409,0.4618
44416,0.5273
44417,0.6472
44423,0.5335
44428,0.4464
44432,0.6866
44435,0.3252
44448,0.5812
44451,0.4254
44452,0.3968
44456,0.3149
44466,0.1436
44467,0.1299
44471,0.5262
44473,0.2066
44474,0.3885
44476,0.4511
44477,0.5736
44481,0.4143
44484,0.6133
44491,0.2103
44495,0.4184
44498,0.4846
44500,0.4901
44520,0.2163
44536,0.6659
44540,0.7173
44549,0.4745
44551,0.4114
44556,0.3118
44557,0.5228
44565,0.4164
44566,0.6897
44568,0.4326
44572,0.299
44578,0.4759
44580,0.5079
44589,0.1591
44590,0.4757
44596,0.2178
44597,0.626
44604,0.4066
44605,0.6344
44608,0.3132
44611,0.336
44622,0.5138
44624,0.2602
44645,0.3601
44656,0.2505
44659,0.5545
44671,0.4705
44672,0.4387
44673,0.4435
44678,0.1315
44681,0.0609
44696,0.3171
44702,0.2361
44717,0.341
44718,0.5619
44719,0.5367
44721,0.1179
44722,0.0978
44729,0.494
44730,0.4983
44733,0.4036
44737,0.2796
44738,0.2954
44744,0.6344
44748,0.2632
44765,0.3323
44771,0.6858
44776,0.3513
44777,0.3062
44781,0.2607
44786,0.6994
44795,0.4419
44797,0.2604
44798,0.0853
44800,0.6323
44814,0.5657
44818,0.0912
44825,0.4177
44828,0.2233
44829,0.4679
44834,0.6753
44837,0.5373
44839,0.4555
44840,0.1801
44845,0.4378
44855,0.5515
44863,0.5095
44870,0.4529
44871,0.4649
44875,0.3614
44879,0.5165
44886,0.5813
44893,0.4269
44904,0.4348
44919,0.2088
44922,0.2891
44924,0.4848
44943,0.4679
44944,0.2701
44954,0.6342
44956,0.6422
44963,0.4303
44971,0.2414
44975,0.5722
44996,0.2094
45008,0.482
45015,0.4015
45019,0.4072
45036,0.4363
45038,0.1048
45043,0.7652
45044,0.1392
45046,0.2672
45050,0.4396
45063,0.6067
45069,0.5799
45072,0.6109
45077,0.6472
45078,0.6234
45079,0.5354
45081,0.6675
45094,0.3903
45112,0.4006
45115,0.511
45127,0.5636
45129,0.1578
45142,0.6291
45145,0.6046
45146,0.082
45150,0.6294
45156,0.4225
45161,0.7318
45177,0.5184
45184,0.3558
45187,0.3913
45188,0.4123
45189,0.1316
45194,0.5388
45202,0.3567
45204,0.4592
45206,0.6865
45210,0.5656
45215,0.3393
45218,0.3356
45230,0.301
45244,0.3717
45246,0.3724
45254,0.4778
45276,0.5415
45277,0.5379
45279,0.4971
45285,0.5906
45292,0.0557
45298,0.5645
45301,0.5898
45305,0.2501
45311,0.4732
45312,0.1795
45322,0.4109
45327,0.2155
45338,0.6782
45339,0.556
45341,0.4182
45352,0.7806
45355,0.3851
45359,0.7095
45360,0.5618
45362,0.2192
45364,0.0957
45365,0.5667
45379,0.4076
45384,0.3957
45385,0.4171
45389,0.663
45390,0.3472
45392,0.252
45394,0.42
45396,0.6898
45405,0.1717
45408,0.4983
45409,0.4674
45414,0.6779
45416,0.5954
45423,0.5478
45429,0.7217
45433,0.2605
45436,0.6565
45438,0.3332
45439,0.2682
45440,0.584
45444,0.3518
45450,0.7372
45457,0.1453
45462,0.6196
45464,0.4153
45467,0.2136
45471,0.5624
45473,0.377
45476,0.6987
45479,0.4298
45484,0.0614
45489,0.2365
45496,0.2328
45497,0.2644
45501,0.2919
45504,0.3728
45516,0.6263
45518,0.2558
45524,0.5778
45529,0.3928
45532,0.442
45537,0.2227
45538,0.4693
45541,0.2642
45545,0.3156
45553,0.5441
45555,0.6654
45557,0.1621
45563,0.1651
45586,0.0816
45594,0.4345
45606,0.1355
45609,0.5374
45613,0.2529
45614,0.3522
45628,0.714
45638,0.3251
45647,0.215
45650,0.2831
45656,0.4001
45658,0.2011
45660,0.5238
45662,0.4848
45668,0.5106
45669,0.2819
45670,0.344
45673,0.4375
45674,0.3745
45675,0.3194
45676,0.1006
45680,0.441
45681,0.6046
45684,0.1952
45689,0.7483
45692,0.2446
45693,0.4354
45700,0.1792
45713,0.4441
45714,0.3012
45716,0.1139
45717,0.376
45725,0.5347
45728,0.3077
45729,0.3418
45735,0.3471
45754,0.6522
45755,0.7134
45756,0.4195
45760,0.3839
45761,0.1778
45765,0.6647
45766,0.0627
45768,0.1509
45775,0.1082
45776,0.6293
45781,0.1578
45797,0.3442
45799,0.3164
45800,0.1318
45802,0.1302
45804,0.3919
45806,0.6367
45811,0.4762
45813,0.5096
45816,0.6487
45821,0.3946
45826,0.3884
45827,0.2264
45829,0.6286
45830,0.6456
45833,0.2126
45835,0.0875
45851,0.4488
45857,0.6036
45860,0.2347
45867,0.2708
45869,0.4182
45875,0.71
45876,0.271
45880,0.4845
45881,0.0635
45883,0.7843
45894,0.4649
45905,0.4262
45911,0.6856
45913,0.5954
45918,0.0827
45923,0.3502
45929,0.3392
45933,0.4581
45940,0.4683
45945,0.2675
45946,0.4975
45948,0.2536
45949,0.5521
45952,0.514
45954,0.0644
45964,0.2865
45974,0.665
45976,0.5368
45979,0.5492
45983,0.2003
45987,0.2902
45990,0.578
45993,0.5969
45994,0.2961
45997,0.3847
45998,0.4171
45999,0.4241
46000,0.5635
46011,0.4471
46015,0.6101
46016,0.2801
46028,0.5825
46029,0.7072
46032,0.2936
46033,0.7299
46043,0.1297
46047,0.4798
46048,0.2928
46051,0.7379
46062,0.2962
46072,0.4347
46079,0.582
46083,0.1101
46093,0.3142
46096,0.255
46098,0.4249
46102,0.3631
46107,0.6633
46108,0.5297
46109,0.3738
46110,0.2929
46120,0.3762
46125,0.5757
46133,0.1568
46135,0.4736
46136,0.5225
46145,0.6537
46148,0.4751
46149,0.4137
46151,0.46
46155,0.1441
46158,0.6992
46167,0.5572
46168,0.3186
46170,0.2946
46171,0.3136
46175,0.6187
46184,0.6712
46185,0.5368
46187,0.1265
46190,0.1265
46197,0.7072
46200,0.5929
46201,0.5932
46204,0.2536
46216,0.2638
46220,0.4324
46228,0.5972
46229,0.1407
46230,0.5905
46231,0.3563
46235,0.4923
46236,0.2591
46243,0.2374
46252,0.3338
46257,0.2562
46263,0.3887
46266,0.1752
46269,0.1728
46271,0.4703
46272,0.5899
46280,0.2791
46281,0.5406
46282,0.5175
46286,0.3292
46290,0.3603
46291,0.6416
46293,0.1566
46296,0.5443
46303,0.103
46308,0.4361
46313,0.6357
46316,0.1512
46323,0.4321
46326,0.448
46334,0.5165
46343,0.2911
46349,0.3439
46350,0.4751
46356,0.5521
46358,0.4575
46360,0.3114
46371,0.6911
46375,0.6115
46377,0.548
46381,0.3118
46382,0.4957
46383,0.4254
46389,0.5422
46397,0.6018
46406,0.3095
46411,0.5747
46412,0.1984
46416,0.5913
46427,0.4472
46429,0.2538
46438,0.5423
46442,0.5157
46446,0.1919
46452,0.4216
46453,0.3366
46454,0.4451
46456,0.5703
46459,0.7039
46465,0.317
46472,0.1052
46477,0.5894
46480,0.3973
46488,0.3837
46492,0.2719
46493,0.5427
46501,0.3459
46508,0.509
46510,0.2741
46515,0.379
46516,0.4584
46518,0.4808
46523,0.4682
46529,0.5659
46537,0.5583
46553,0.2833
46557,0.6904
46558,0.4823
46565,0.5014
46607,0.1983
46626,0.5948
46629,0.1495
46630,0.4623
46637,0.2036
46638,0.3116
46654,0.4734
46656,0.1914
46664,0.4942
46668,0.7878
46669,0.4109
46674,0.4498
46679,0.2376
46683,0.5299
46708,0.168
46715,0.3789
46717,0.4689
46724,0.1304
46728,0.5737
46732,0.2869
46734,0.5565
46737,0.6436
46741,0.2996
46751,0.4579
46755,0.4782
46756,0.3749
46759,0.2672
46762,0.2789
46767,0.6206
46770,0.3022
46771,0.5957
46780,0.4743
46784,0.1066
46785,0.2891
46786,0.6047
46788,0.6622
46791,0.3975
46795,0.4026
46804,0.5826
46805,0.502
46806,0.4162
46817,0.1321
46824,0.2741
46827,0.6234
46834,0.4885
46837,0.7413
46839,0.6914
46852,0.3853
46858,0.3508
46864,0.2175
46870,0.2791
46871,0.6249
46873,0.2456
46875,0.4614
46877,0.2647
46886,0.1444
46897,0.6333
46900,0.2945
46903,0.3632
46924,0.3404
46938,0.4404
46940,0.4162
46942,0.6346
46957,0.6469
46961,0.6258
46967,0.4999
46969,0.5169
46973,0.2036
46974,0.1322
47006,0.5352
47008,0.4723
47014,0.4437
47015,0.3192
47016,0.3417
47019,0.5054
47027,0.2879
47029,0.1579
47033,0.0911
47046,0.204
47059,0.3996
47072,0.3554
47088,0.3298
47091,0.4034
47097,0.6074
47098,0.5726
47102,0.3213
47118,0.4524
47121,0.6475
47125,0.6002
47138,0.4145
47145,0.0778
47146,0.2532
47148,0.0606
47155,0.2792
47160,0.2467
47162,0.0745
47170,0.3997
47171,0.3504
47172,0.6588
47173,0.3624
47180,0.6016
47182,0.1059
47185,0.3179
47201,0.6529
47202,0.5086
47213,0.6166
47226,0.4524
47229,0.3434
47241,0.5999
47248,0.2309
47253,0.3188
47254,0.8136
47255,0.4836
47262,0.1266
47264,0.4234
47267,0.093
47273,0.2099
47280,0.3635
47283,0.3479
47293,0.4021
47296,0.7212
47298,0.4866
47304,0.401
47314,0.7479
47322,0.2629
47329,0.1862
47330,0.2721
47337,0.333
47338,0.549
47343,0.3008
47344,0.4012
47347,0.4592
47357,0.7564
47370,0.4379
47372,0.5464
47374,0.2042
47375,0.3393
47377,0.1011
47380,0.3114
47385,0.4226
47389,0.4235
47390,0.4148
47395,0.25
47401,0.2848
47403,0.5263
47404,0.3504
47408,0.5565
47431,0.4917
47440,0.5527
47448,0.6347
47451,0.5305
47455,0.3173
47461,0.3245
47464,0.5418
47466,0.2735
47473,0.3827
47477,0.7076
47478,0.3105
47479,0.2579
47485,0.5123
47488,0.4387
47490,0.7409
47493,0.3668
47498,0.2216
47501,0.649
47509,0.3945
47512,0.2544
47520,0.6586
47523,0.2375
47524,0.3305
47530,0.3093
47536,0.53
47537,0.4894
47539,0.7053
47541,0.466
47543,0.5543
47546,0.3836
47547,0.2909
47551,0.3845
47560,0.1627
47563,0.5699
47567,0.4532
47570,0.2902
47580,0.5453
47582,0.5508
47584,0.6608
47590,0.3163
47604,0.2157
47611,0.1476
47625,0.2942
47638,0.6536
47650,0.4256
47652,0.1265
47657,0.1598
47659,0.3655
47662,0.2432
47663,0.5599
47664,0.171
47675,0.5728
47679,0.4146
47683,0.4132
47691,0.5323
47702,0.6072
47703,0.2205
47714,0.4575
47723,0.5653
47724,0.2634
47735,0.6246
47743,0.5362
47744,0.6967
47751,0.2382
47752,0.2704
47755,0.3362
47758,0.6423
47760,0.4591
47771,0.1572
47778,0.2303
47781,0.4469
47796,0.6775
47802,0.3443
47803,0.4777
47804,0.4025
47811,0.6461
47812,0.2653
47814,0.2949
47837,0.5903
47844,0.4425
47846,0.5956
47856,0.1283
47868,0.5703
47876,0.3038
47883,0.5162
47890,0.2537
47910,0.1075
47918,0.0709
47921,0.5211
47922,0.4338
47928,0.2481
47930,0.2706
47942,0.1215
47950,0.5582
47970,0.6421
47972,0.3627
47975,0.7659
47976,0.5164
47981,0.1777
47983,0.2189
47989,0.3754
47997,0.2189
48001,0.2877
48020,0.1284
48022,0.3451
48024,0.5479
48032,0.6837
48053,0.6315
48060,0.6352
48063,0.4615
48066,0.4076
48067,0.6317
48069,0.5575
48070,0.4607
48072,0.5946
48079,0.625
48084,0.3372
48086,0.5899
48088,0.4717
48109,0.1149
48112,0.79
48141,0.1325
48161,0.5239
48166,0.118
48170,0.5898
48173,0.1741
48174,0.4355
48177,0.5368
48179,0.3932
48185,0.6266
48189,0.4078
48192,0.568
48195,0.5914
48212,0.3605
48221,0.3485
48240,0.2207
48254,0.3706
48262,0.2204
48265,0.3519
48267,0.577
48269,0.4493
48271,0.4876
48279,0.1689
48282,0.6211
48291,0.415
48294,0.1672
48301,0.6207
48303,0.608
48304,0.3797
48305,0.3796
48310,0.6087
48313,0.5873
48315,0.1872
48322,0.2887
48323,0.1308
48326,0.4959
48332,0.3197
48349,0.576
48364,0.2674
48367,0.546
48368,0.6493
48370,0.591
48379,0.2344
48384,0.3188
48387,0.3114
48398,0.2538
48402,0.2471
48403,0.421
48404,0.2324
48411,0.5834
48412,0.5085
48418,0.1733
48420,0.2271
48421,0.7217
48422,0.5582
48424,0.2113
48432,0.2541
48435,0.4911
48436,0.2063
48443,0.4184
48444,0.6296
48447,0.1306
48449,0.5573
48452,0.1032
48458,0.1863
48459,0.5177
48470,0.5472
48472,0.2979
48477,0.2793
48478,0.6615
48482,0.4265
48488,0.2895
48489,0.3971
48493,0.6935
48496,0.3634
48498,0.4855
48501,0.4008
48502,0.1708
48507,0.289
48508,0.2209
48511,0.6944
48514,0.5864
48519,0.5531
48524,0.6134
48529,0.6688
48534,0.3289
48540,0.3483
48543,0.2539
48553,0.288
48556,0.5705
48559,0.6756
48573,0.4414
48576,0.7624
48584,0.1699
48591,0.0719
48593,0.536
48599,0.6684
48603,0.1134
48609,0.6186
48610,0.1852
48614,0.0677
48616,0.4987
48624,0.6293
48628,0.5764
48637,0.5959
48638,0.2528
48642,0.2463
48644,0.4771
48645,0.2935
48646,0.6266
48650,0.3563
48651,0.4775
48652,0.3546
48653,0.5475
48659,0.6756
48669,0.4082
48684,0.2524
48689,0.5474
48690,0.1882
48698,0.6021
48700,0.5939
48708,0.4563
48709,0.134
48715,0.5969
48716,0.6406
48718,0.498
48723,0.2815
48726,0.6252
48729,0.7633
48730,0.348
48731,0.109
48738,0.2615
48744,0.4029
48751,0.6419
48757,0.395
48761,0.5995
48769,0.6055
48771,0.6707
48784,0.3625
48785,0.386
48797,0.5605
48798,0.5279
48811,0.4394
48812,0.072
48816,0.336
48821,0.5629
48824,0.2667
48826,0.4533
48836,0.2797
48842,0.5396
48847,0.4622
48849,0.1599
48851,0.4999
48856,0.4686
48879,0.3582
48890,0.1892
48909,0.5252
48916,0.7753
48917,0.6263
48926,0.4501
48927,0.6864
48929,0.0687
48935,0.5037
48939,0.2997
48942,0.1711
48947,0.4956
48953,0.6587
48958,0.4147
48961,0.7031
48964,0.4611
48965,0.2533
48966,0.7705
48978,0.2377
48981,0.5279
48984,0.2642
48987,0.5837
48989,0.681
49007,0.3921
49008,0.5727
49012,0.302
49031,0.412
49045,0.4317
49050,0.347
49053,0.6882
49054,0.5189
49056,0.5882
49059,0.502
49060,0.4636
49062,0.0584
49066,0.2218
49067,0.5896
49073,0.5177
49074,0.5374
49076,0.2151
49077,0.0836
49088,0.6256
49090,0.5534
49096,0.1751
49097,0.4315
49098,0.6308
49100,0.387
49107,0.3717
49113,0.21
49118,0.4468
49128,0.4116
49140,0.3292
49145,0.5093
49154,0.5944
49155,0.4438
49158,0.4371
49159,0.2957
49172,0.4032
49174,0.2451
49183,0.2768
49189,0.4542
49194,0.2298
49206,0.4796
49207,0.4216
49208,0.3837
49211,0.3132
49214,0.4674
49226,0.1652
49231,0.1586
49244,0.3512
49247,0.2711
49252,0.3541
49263,0.407
49267,0.6908
49271,0.2892
49275,0.3729
49279,0.5009
49288,0.7249
49290,0.2355
49291,0.62
49304,0.2863
49305,0.4093
49309,0.7421
49321,0.5494
49327,0.5698
49329,0.4748
49332,0.2306
49337,0.1845
49344,0.3521
49345,0.4199
49346,0.4345
49361,0.6329
49362,0.6218
49369,0.4473
49377,0.3924
49378,0.629
49380,0.4382
49383,0.1573
49386,0.0719
49390,0.57
49392,0.2365
49395,0.5493
49398,0.5973
49401,0.3685
49413,0.6001
49415,0.1398
49416,0.253
49417,0.4054
49418,0.5769
49428,0.1559
49435,0.2591
49436,0.4106
49443,0.2582
49445,0.3519
49460,0.5121
49467,0.3987
49470,0.31
49475,0.6972
49476,0.252
49477,0.347
49478,0.2913
49480,0.401
49482,0.4359
49496,0.6442
49506,0.4034
49513,0.3768
49517,0.4521
49520,0.0686
49522,0.3108
49533,0.3094
49535,0.3714
49538,0.571
49540,0.2637
49556,0.5343
49561,0.4368
49564,0.5424
49568,0.3518
49569,0.2837
49579,0.6632
49581,0.5699
49583,0.2661
49594,0.4022
49596,0.636
49599,0.4587
49601,0.6008
49603,0.378
49604,0.5241
49605,0.6528
49606,0.543
49610,0.4939
49623,0.6417
49628,0.1245
49637,0.4137
49640,0.2268
49642,0.3472
49643,0.3217
49644,0.3452
49646,0.4621
49651,0.7168
49652,0.293
49656,0.3068
49658,0.3489
49661,0.294
49662,0.5668
49666,0.23
49671,0.2944
49672,0.1365
49677,0.3079
49679,0.3928
49680,0.2955
49683,0.599
49684,0.3253
49688,0.6647
49695,0.6334
49700,0.2922
49705,0.4384
49706,0.6429
49709,0.35
49711,0.3553
49714,0.5478
49716,0.2413
49728,0.3699
49735,0.6285
49737,0.5681
49739,0.3302
49740,0.6164
49745,0.4111
49746,0.3893
49752,0.2985
49754,0.4192
49760,0.3593
49761,0.6743
49768,0.5565
49773,0.6097
49774,0.518
49784,0.5505
49788,0.1979
49790,0.4474
49797,0.6443
49798,0.6054
49799,0.1584
49806,0.3503
49814,0.3972
49819,0.3082
49824,0.5464
49846,0.3778
49848,0.5985
49854,0.5879
49861,0.2459
49862,0.2867
49864,0.5932
49869,0.589
49872,0.2555
49882,0.3269
49888,0.2586
49892,0.3715
49894,0.4331
49900,0.6395
49903,0.5618
49914,0.4609
49918,0.3273
49922,0.3609
49939,0.2096
49946,0.8195
49947,0.278
49948,0.2654
49955,0.7161
49962,0.7166
49964,0.1132
49966,0.2123
49969,0.5247
49976,0.3752
49977,0.2385
49981,0.7541
49984,0.365
49987,0.1974
49988,0.2117
49994,0.7298
49999,0.1472
50002,0.4949
50003,0.6864
50005,0.2469
50006,0.5511
50018,0.1904
50019,0.5036
50020,0.5534
50026,0.0907
50028,0.4132
50029,0.6639
50032,0.2279
50045,0.3912
50046,0.6777
50047,0.3357
50050,0.5963
50053,0.4615
50058,0.0998
50067,0.5214
50069,0.359
50070,0.729
50071,0.4952
50072,0.5798
50078,0.1884
50079,0.1035
50080,0.1856
50082,0.6598
50093,0.4528
50099,0.2557
50104,0.3658
50108,0.0768
50111,0.3224
50114,0.7397
50120,0.4301
50124,0.4092
50131,0.5153
50135,0.3239
50142,0.3054
50149,0.375
50153,0.7153
50169,0.5808
50181,0.1259
50187,0.1923
50194,0.6011
50196,0.5759
50200,0.5843
50207,0.4161
50211,0.274
50212,0.4699
50214,0.3529
50216,0.6064
50221,0.3456
50224,0.6182
50225,0.1204
50235,0.2379
50238,0.53
50255,0.5666
50260,0.2868
50262,0.6892
50263,0.1645
50273,0.623
50276,0.3498
50285,0.3537
50329,0.1439
50330,0.3957
50338,0.1222
50343,0.6138
50344,0.2961
50346,0.3978
50347,0.2886
50349,0.6222
50356,0.7174
50359,0.5179
50362,0.5455
50364,0.5638
50377,0.5388
50378,0.4712
50388,0.4377
50395,0.3579
50401,0.4137
50404,0.3176
50406,0.3729
50412,0.3277
50414,0.6178
50415,0.631
50416,0.5233
50419,0.2966
50420,0.6364
50425,0.7508
50428,0.4961
50434,0.5192
50435,0.5258
50436,0.1378
50437,0.2728
50440,0.0987
50441,0.5218
50443,0.0844
50447,0.2563
50450,0.3342
50455,0.4757
50456,0.6112
50463,0.3374
50464,0.6155
50471,0.608
50473,0.4998
50474,0.417
50477,0.3613
50483,0.1856
50486,0.4261
50488,0.5434
50491,0.1767
50497,0.4445
50505,0.4155
50510,0.6169
50519,0.4129
50524,0.2457
50532,0.4519
50536,0.4104
50545,0.3565
50551,0.4619
50569,0.5155
50580,0.5915
50594,0.3871
50595,0.5054
50601,0.5406
50606,0.1544
50609,0.2154
50610,0.697
50612,0.3113
50632,0.6016
50646,0.2483
50650,0.2781
50653,0.3231
50656,0.1521
50665,0.3836
50667,0.5256
50672,0.5092
50673,0.6098
50677,0.124
50683,0.0806
50685,0.184
50696,0.65
50697,0.612
50698,0.1666
50707,0.3907
50709,0.1272
50710,0.4565
50718,0.4194
50731,0.3567
50734,0.6826
50735,0.6057
50736,0.2205
50741,0.5313
50755,0.6123
50756,0.4892
50757,0.6228
50758,0.5871
50762,0.707
50763,0.1234
50768,0.674
50770,0.4649
50773,0.1643
50786,0.5111
50793,0.0966
50801,0.4849
50814,0.4892
50816,0.2856
50817,0.5904
50821,0.7531
50825,0.2507
50839,0.3126
50847,0.4101
50849,0.349
50853,0.4827
50854,0.3499
50855,0.6524
50869,0.5487
50870,0.3773
50872,0.6713
50874,0.76
50876,0.701
50887,0.2479
50892,0.2262
50893,0.4246
50897,0.7526
50904,0.6523
50909,0.4672
50910,0.2758
50914,0.6765
50916,0.5576
50918,0.3846
50929,0.4353
50935,0.3958
50937,0.6577
50939,0.4111
50940,0.3731
50941,0.3385
50945,0.3189
50952,0.1725
50959,0.5893
50967,0.3467
50968,0.6631
50971,0.424
50972,0.4951
50976,0.226
50985,0.3993
50986,0.5182
50987,0.4091
50991,0.3263
51008,0.4247
51012,0.2025
51013,0.3369
51016,0.6726
51021,0.3557
51032,0.4655
51036,0.1517
51063,0.479
51064,0.6212
51066,0.3503
51069,0.3307
51080,0.4925
51089,0.215
51090,0.19
51097,0.4671
51110,0.188
51116,0.2943
51120,0.6034
51121,0.5905
51122,0.2535
51129,0.3526
51131,0.5203
51132,0.6913
51139,0.5276
51158,0.145
51164,0.5678
51168,0.6029
51176,0.2176
51177,0.5746
51188,0.1385
51197,0.3676
51198,0.3815
51202,0.3087
51210,0.2157
51214,0.6873
51216,0.5683
51223,0.1659
51225,0.65
51226,0.4349
51228,0.4264
51234,0.4803
51244,0.5002
51251,0.6195
51252,0.5672
51256,0.5779
51261,0.0993
51263,0.4047
51264,0.4681
51268,0.5626
51276,0.4831
51278,0.2386
51288,0.1641
51294,0.584
51297,0.5401
51312,0.3933
51313,0.553
51314,0.3587
51315,0.3441
51316,0.4945
51317,0.3493
51319,0.1837
51328,0.094
51329,0.103
51338,0.4778
51344,0.1931
51345,0.1889
51347,0.424
51359,0.1649
51365,0.4336
51367,0.2098
51369,0.3996
51373,0.2001
51374,0.1347
51394,0.2735
51400,0.3166
51404,0.4337
51422,0.6207
51425,0.3194
51432,0.2742
51435,0.3743
51441,0.4284
51444,0.2521
51451,0.5423
51460,0.2283
51466,0.6608
51468,0.7073
51479,0.3811
51483,0.0797
51487,0.3073
51488,0.3991
51489,0.4733
51494,0.3201
51495,0.4159
51510,0.6191
51515,0.5891
51517,0.4953
51518,0.3713
51519,0.6902
51520,0.3239
51527,0.2728
51537,0.1655
51543,0.5974
51553,0.4728
51558,0.3064
51566,0.2874
51567,0.4272
51571,0.4379
51585,0.6841
51586,0.629
51596,0.1574
51609,0.6996
51614,0.4794
51618,0.7071
51622,0.4597
51624,0.152
51641,0.2342
51644,0.2428
51646,0.5755
51647,0.3171
51666,0.2249
51679,0.3292
51683,0.6377
51686,0.1773
51693,0.129
51696,0.7106
51698,0.4468
51703,0.4573
51704,0.2506
51708,0.2967
51709,0.1884
51718,0.6648
51728,0.3597
51730,0.395
51733,0.3441
51734,0.2294
51744,0.1096
51748,0.4725
51753,0.5187
51755,0.5743
51761,0.3685
51764,0.3037
51766,0.2172
51769,0.2024
51772,0.4297
51774,0.4805
51775,0.1322
51784,0.2488
51788,0.3171
51801,0.4015
51802,0.3747
51803,0.6083
51806,0.2315
51809,0.1929
51810,0.2495
51824,0.2682
51838,0.2609
51854,0.1612
51856,0.5337
51866,0.0859
51874,0.4886
51887,0.4796
51888,0.2241
51892,0.5181
51900,0.4026
51908,0.3441
51912,0.3601
51914,0.42
51923,0.378
51924,0.4406
51926,0.7298
51927,0.0607
51928,0.7118
51933,0.5568
51941,0.6329
51950,0.225
51952,0.4039
51955,0.1122
51957,0.5263
51966,0.5008
51969,0.4902
51971,0.2834
51973,0.1512
51977,0.5724
51984,0.3556
51994,0.4747
51995,0.1174
51997,0.1004
52001,0.6789
52004,0.3549
52012,0.4892
52017,0.6224
52021,0.5241
52040,0.325
52053,0.2975
52089,0.3478
52091,0.3633
52092,0.2416
52097,0.3407
52099,0.6255
52108,0.108
52112,0.5356
52119,0.1533
52122,0.6029
52124,0.4061
52125,0.4554
52143,0.2184
52144,0.4483
52145,0.6172
52151,0.4641
52152,0.1641
52157,0.3401
52161,0.4385
52164,0.3641
52165,0.3933
52166,0.7923
52167,0.526
52169,0.3606
52171,0.387
52176,0.0923
52180,0.4141
52183,0.6623
52194,0.3166
52196,0.4628
52198,0.2892
52200,0.3215
52212,0.345
52214,0.677
52215,0.6174
52218,0.3377
52219,0.6006
52220,0.324
52232,0.4912
52238,0.6795
52239,0.3206
52249,0.4353
52254,0.1564
52255,0.3546
52259,0.1737
52261,0.2521
52262,0.6246
52264,0.1372
52265,0.2199
52273,0.0701
52275,0.3485
52281,0.5721
52283,0.1805
52290,0.1459
52297,0.5748
52298,0.3277
52301,0.2563
52302,0.5577
52303,0.4928
52306,0.6727
52309,0.3254
52311,0.6602
52317,0.22
52318,0.3737
52319,0.4635
52327,0.4437
52329,0.6804
52331,0.238
52334,0.3376
52338,0.3443
52342,0.464
52349,0.4386
52351,0.5584
52355,0.5244
52358,0.369
52372,0.4176
52373,0.2693
52386,0.0931
52387,0.7099
52391,0.4369
52392,0.5371
52393,0.1926
52394,0.509
52400,0.3704
52406,0.4042
52415,0.0928
52427,0.5792
52438,0.6463
52439,0.3358
52440,0.2618
52446,0.4995
52474,0.4459
52477,0.3755
52478,0.302
52504,0.3354
52507,0.2815
52508,0.381
52510,0.4073
52515,0.2391
52527,0.4597
52535,0.4052
52553,0.3971
52559,0.3836
52564,0.2698
52568,0.6252
52570,0.5057
52575,0.595
52579,0.4148
52583,0.3895
52596,0.2134
52599,0.6977
52602,0.3426
52607,0.6611
52622,0.5024
52623,0.7148
52625,0.42
52626,0.7187
52629,0.3321
52633,0.0823
52637,0.0561
52638,0.4968
52642,0.5649
52648,0.5593
52649,0.2632
52655,0.4906
52658,0.5498
52659,0.4301
52660,0.2297
52675,0.299
52678,0.5992
52679,0.3887
52681,0.2916
52685,0.6482
52686,0.6611
52694,0.5269
52696,0.3305
52700,0.1002
52713,0.2431
52720,0.6654
52726,0.5992
52739,0.4873
52740,0.168
52742,0.7252
52744,0.65
52747,0.3112
52750,0.4067
52751,0.1684
52759,0.4154
52760,0.4748
52772,0.2462
52778,0.0993
52780,0.508
52783,0.2298
52804,0.3591
52811,0.5109
52812,0.3374
52827,0.5654
52832,0.308
52833,0.1522
52834,0.4266
52845,0.2942
52849,0.2618
52851,0.4382
52861,0.138
52865,0.5377
52870,0.2891
52871,0.3535
52872,0.5419
52878,0.3424
52879,0.3738
52881,0.4884
52883,0.747
52889,0.6011
52890,0.3104
52902,0.3307
52908,0.408
52911,0.4702
52916,0.1326
52918,0.1397
52925,0.3645
52935,0.6127
52948,0.2926
52949,0.3605
52950,0.644
52952,0.2806
52957,0.55
52963,0.4477
52970,0.433
52971,0.3309
52974,0.5729
52975,0.3158
52989,0.1044
52992,0.1921
53004,0.3095
53007,0.3391
53015,0.1939
53018,0.4631
53021,0.4318
53038,0.4149
53040,0.6849
53041,0.3571
53045,0.4197
53049,0.443
53052,0.5705
53054,0.4574
53059,0.1133
53063,0.569
53070,0.2488
53075,0.6974
53077,0.2085
53080,0.3267
53082,0.4826
53090,0.683
53092,0.1413
53098,0.352
53099,0.4529
53107,0.5894
53114,0.4822
53121,0.4161
53125,0.4707
53127,0.5371
53131,0.2316
53135,0.5327
53137,0.284
53156,0.1554
53157,0.1917
53162,0.7046
53164,0.1553
53166,0.5208
53167,0.3557
53182,0.6162
53188,0.1721
53194,0.4813
53213,0.1862
53215,0.3639
53218,0.7526
53228,0.1439
53231,0.3585
53237,0.1799
53238,0.26
53244,0.4153
53245,0.5634
53246,0.3075
53250,0.1364
53263,0.1337
53267,0.649
53268,0.3489
53270,0.0913
53274,0.5047
53275,0.1141
53276,0.4358
53285,0.3947
53287,0.3227
53293,0.5235
53300,0.2953
53318,0.2169
53319,0.7251
53324,0.4071
53325,0.5683
53326,0.3992
53329,0.072
53331,0.5394
53332,0.3309
53339,0.1172
53343,0.204
53349,0.5741
53357,0.063
53359,0.071
53366,0.6954
53368,0.3826
53369,0.303
53372,0.5825
53374,0.1981
53376,0.2662
53377,0.3448
53385,0.2622
53391,0.0993
53393,0.3166
53401,0.5195
53404,0.5734
53406,0.6064
53410,0.3154
53427,0.5775
53433,0.6174
53443,0.3755
53444,0.273
53446,0.3518
53459,0.5534
53460,0.6857
53469,0.4294
53471,0.6908
53475,0.5774
53476,0.4193
53483,0.3165
53486,0.2476
53496,0.7046
53498,0.6307
53502,0.3462
53505,0.6076
53506,0.3779
53508,0.5099
53512,0.5786
53514,0.2164
53541,0.3072
53544,0.3053
53553,0.2659
53556,0.2278
53557,0.5141
53560,0.1995
53578,0.5113
53579,0.352
53582,0.1407
53595,0.0945
53603,0.2627
53606,0.4749
53612,0.3529
53624,0.2875
53631,0.0714
53638,0.6342
53641,0.2768
53642,0.1602
53650,0.2899
53652,0.4638
53653,0.3817
53654,0.6358
53674,0.4186
53675,0.3003
53685,0.771
53695,0.7001
53698,0.2715
53708,0.6461
53711,0.2437
53715,0.3341
53719,0.5263
53720,0.3407
53721,0.07
53724,0.5518
53731,0.1987
53736,0.3878
53741,0.4561
53742,0.3673
53747,0.2517
53748,0.6674
53753,0.2714
53754,0.5424
53756,0.3381
53760,0.4599
53761,0.4197
53773,0.2889
53774,0.6061
53784,0.2458
53788,0.2145
53790,0.675
53791,0.1384
53799,0.6353
53802,0.3296
53805,0.4944
53806,0.6262
53807,0.5085
53809,0.4504
53810,0.6221
53820,0.3944
53825,0.3196
53829,0.751
53836,0.55
53841,0.2612
53848,0.4713
53849,0.2959
53855,0.7354
53856,0.5302
53859,0.711
53861,0.4375
53866,0.5548
53876,0.3593
53880,0.3105
53881,0.3827
53893,0.2882
53899,0.4348
53903,0.4791
53908,0.5281
53909,0.3091
53916,0.313
53922,0.5351
53923,0.4195
53924,0.4736
53926,0.2564
53938,0.4412
53941,0.3125
53943,0.2552
53944,0.4948
53946,0.7217
53952,0.5131
53955,0.449
53958,0.3875
53959,0.6489
53963,0.5047
53977,0.6902
53983,0.4811
53989,0.7348
53993,0.5931
53997,0.1996
54003,0.4313
54008,0.3855
54009,0.182
54011,0.532
54012,0.3545
54017,0.7475
54019,0.6072
54021,0.3369
54030,0.4328
54031,0.3594
54038,0.3836
54047,0.6677
54052,0.6928
54054,0.1484
54055,0.3132
54056,0.4456
54058,0.4683
54060,0.1169
54068,0.2207
54077,0.2332
54079,0.6579
54085,0.0516
54095,0.353
54107,0.499
54110,0.3613
54117,0.1595
54128,0.271
54133,0.3825
54140,0.4808
54143,0.4035
54144,0.3056
54148,0.2756
54149,0.2591
54156,0.5907
54160,0.1533
54161,0.6352
54170,0.4811
54173,0.7206
54178,0.655
54208,0.5859
54209,0.2158
54213,0.4975
54215,0.2167
54217,0.4986
54223,0.2706
54224,0.293
54237,0.2898
54242,0.1621
54249,0.2089
54251,0.2668
54256,0.7512
54257,0.6322
54269,0.6489
54279,0.4396
54280,0.1926
54281,0.3068
54299,0.6058
54303,0.6951
54305,0.5356
54314,0.665
54317,0.5103
54321,0.633
54333,0.5092
54334,0.4458
54337,0.2487
54343,0.2113
54346,0.2294
54347,0.5608
54348,0.7319
54352,0.3816
54361,0.1746
54362,0.3489
54364,0.2267
54371,0.2019
54376,0.4581
54378,0.1253
54381,0.5873
54383,0.3955
54386,0.1144
54395,0.3055
54396,0.0792
54403,0.2813
54410,0.0956
54417,0.5579
54421,0.5085
54429,0.486
54432,0.7025
54441,0.6536
54444,0.3097
54451,0.4917
54458,0.5444
54459,0.0986
54465,0.3442
54480,0.3415
54486,0.4572
54487,0.352
54495,0.6689
54498,0.3245
54500,0.5763
54504,0.3955
54526,0.425
54529,0.2094
54536,0.4653
54545,0.2963
54557,0.0636
54561,0.7156
54580,0.465
54585,0.4664
54591,0.2703
54592,0.5868
54594,0.2629
54597,0.4621
54599,0.1738
54618,0.1315
54619,0.2242
54621,0.2928
54624,0.2891
54630,0.2681
54635,0.4685
54637,0.6382
54639,0.3072
54644,0.5384
54651,0.5266
54658,0.6639
54670,0.7143
54673,0.7281
54684,0.7018
54686,0.7235
54688,0.3444
54698,0.666
54699,0.4637
54701,0.4951
54702,0.6299
54704,0.5914
54705,0.3649
54708,0.1774
54711,0.5413
54712,0.4
54719,0.2293
54721,0.6713
54722,0.6362
54724,0.7273
54731,0.1562
54734,0.6729
54737,0.5568
54749,0.5402
54752,0.2165
54755,0.415
54760,0.651
54767,0.3763
54769,0.2785
54776,0.2404
54780,0.7607
54783,0.5176
54791,0.5231
54793,0.3214
54801,0.1838
54805,0.1097
54810,0.32
54811,0.0742
54812,0.5588
54815,0.0912
54817,0.4079
54818,0.4014
54826,0.3289
54830,0.3858
54831,0.4865
54834,0.6582
54837,0.597
54841,0.445
54844,0.4673
54847,0.3319
54849,0.0615
54850,0.5888
54857,0.2426
54858,0.2703
54861,0.3262
54862,0.5064
54869,0.5803
54875,0.4648
54881,0.5752
54898,0.7158
54899,0.2825
54913,0.581
54914,0.214
54918,0.2996
54920,0.5925
54926,0.4808
54943,0.5515
54951,0.5449
54959,0.7278
54960,0.3131
54965,0.6055
54983,0.5739
54986,0.3093
54995,0.1892
54997,0.4965
55002,0.4122
55004,0.617
55008,0.367
55011,0.3596
55012,0.3594
55015,0.357
55016,0.4828
55018,0.3404
55019,0.3242
55025,0.4109
55029,0.198
55038,0.7405
55046,0.5884
55049,0.5435
55050,0.1977
55058,0.4031
55063,0.5248
55067,0.2998
55073,0.1352
55076,0.1197
55088,0.2183
55090,0.4334
55091,0.5744
55104,0.292
55109,0.6331
55123,0.4754
55129,0.3849
55131,0.2746
55136,0.6458
55138,0.1314
55155,0.4349
55157,0.5784
55159,0.5268
55163,0.4
55164,0.4169
55168,0.6244
55172,0.1195
55175,0.5471
55182,0.3297
55189,0.6052
55192,0.4506
55193,0.2771
55197,0.5301
55205,0.6567
55206,0.3709
55217,0.355
55218,0.5663
55228,0.3363
55231,0.2341
55232,0.6868
55235,0.1996
55241,0.526
55249,0.6776
55255,0.3365
55257,0.7768
55259,0.0922
55270,0.4275
55273,0.4833
55276,0.345
55283,0.4422
55288,0.2557
55295,0.4004
55308,0.4721
55310,0.0926
55317,0.4033
55318,0.2189
55322,0.3039
55329,0.2218
55335,0.4753
55336,0.4526
55338,0.6385
55341,0.3168
55355,0.4805
55356,0.6619
55367,0.3067
55379,0.4052
55380,0.4244
55386,0.1369
55393,0.3734
55394,0.2283
55396,0.2019
55401,0.2841
55402,0.365
55404,0.3258
55407,0.6277
55409,0.4622
55410,0.1004
55417,0.3795
55427,0.1862
55428,0.5724
55435,0.715
55436,0.6308
55438,0.1807
55447,0.5862
55453,0.4682
55458,0.3814
55459,0.4514
55467,0.6076
55473,0.6036
55474,0.3877
55480,0.2678
55481,0.2148
55496,0.6559
55507,0.2984
55512,0.343
55514,0.4793
55528,0.4857
55532,0.7199
55547,0.5837
55555,0.6176
55558,0.2831
55560,0.4742
55561,0.142
55562,0.5019
55573,0.2016
55574,0.3056
55576,0.2784
55583,0.3348
55588,0.2618
55593,0.5102
55603,0.0993
55606,0.1933
55627,0.3324
55632,0.2041
55634,0.4054
55641,0.2236
55644,0.6253
55646,0.5873
55652,0.5024
55653,0.4236
55659,0.2023
55661,0.5463
55662,0.378
55665,0.504
55673,0.2729
55675,0.3375
55677,0.2925
55679,0.5642
55685,0.3232
55687,0.3953
55688,0.3382
55703,0.3256
55709,0.6272
55710,0.549
55713,0.2347
55714,0.3158
55720,0.4572
55723,0.6585
55727,0.5084
55729,0.2849
55738,0.5153
55741,0.3157
55747,0.7044
55750,0.2714
55755,0.3672
55761,0.4137
55766,0.6462
55771,0.2623
55775,0.559
55777,0.1326
55779,0.5431
55780,0.149
55783,0.3553
55787,0.5204
55788,0.564
55801,0.1983
55808,0.5037
55810,0.3988
55821,0.3639
55823,0.6624
55832,0.2506
55851,0.3499
55859,0.2691
55865,0.3945
55871,0.4113
55874,0.1401
55875,0.4463
55880,0.3551
55886,0.5503
55891,0.5553
55898,0.4719
55903,0.1467
55905,0.3383
55913,0.6871
55914,0.3521
55919,0.7425
55921,0.6358
55923,0.2456
55931,0.4396
55937,0.63
55938,0.3965
55947,0.2183
55957,0.1958
55960,0.5268
55962,0.4719
55966,0.5593
55968,0.5129
55971,0.3693
55974,0.2495
55993,0.3192
55995,0.1858
56001,0.4524
56002,0.5808
56007,0.1068
56008,0.7075
56016,0.1721
56017,0.4584
56019,0.3059
56026,0.1633
56028,0.3654
56029,0.3557
56036,0.5888
56039,0.4281
56045,0.2521
56048,0.5554
56050,0.366
56064,0.7765
56068,0.3686
56069,0.4214
56072,0.4925
56077,0.0806
56085,0.4845
56092,0.2181
56104,0.5694
56105,0.6172
56113,0.4265
56115,0.3675
56119,0.1448
56123,0.5661
56124,0.6706
56131,0.6684
56133,0.3602
56143,0.6303
56164,0.6632
56179,0.209
56181,0.6204
56190,0.5871
56192,0.307
56196,0.603
56202,0.1114
56204,0.5691
56208,0.3788
56215,0.2142
56225,0.4188
56228,0.2127
56236,0.3192
56238,0.5652
56245,0.5536
56250,0.4304
56251,0.327
56252,0.5867
56253,0.1782
56255,0.3585
56256,0.3186
56259,0.4755
56270,0.3467
56271,0.4918
56274,0.3258
56277,0.359
56280,0.2878
56288,0.6564
56302,0.4802
56310,0.2937
56311,0.2672
56316,0.4717
56319,0.4721
56322,0.5681
56329,0.2963
56332,0.3055
56334,0.5633
56336,0.3533
56341,0.5793
56346,0.3295
56352,0.7558
56353,0.6992
56357,0.337
56360,0.6782
56365,0.2589
56369,0.4411
56372,0.2736
56374,0.3892
56382,0.4091
56398,0.4325
56410,0.3503
56414,0.3496
56417,0.6832
56427,0.2756
56432,0.1833
56435,0.5308
56441,0.3847
56449,0.2616
56467,0.5123
56473,0.3969
56480,0.2749
56483,0.3561
56489,0.2371
56493,0.4493
56495,0.7702
56501,0.4563
56511,0.5442
56513,0.5385
56519,0.4415
56521,0.4758
56524,0.1343
56528,0.172
56532,0.0692
56546,0.3736
56558,0.4402
56564,0.3712
56573,0.3097
56575,0.2818
56576,0.2958
56581,0.6822
56587,0.5177
56591,0.5132
56593,0.226
56595,0.3003
56596,0.6496
56604,0.212
56605,0.2936
56608,0.4265
56612,0.293
56613,0.7142
56614,0.2964
56624,0.6225
56625,0.2791
56632,0.6653
56633,0.4044
56636,0.264
56640,0.5738
56644,0.506
56663,0.7172
56664,0.4723
56665,0.4421
56670,0.4057
56673,0.5856
56680,0.0812
56681,0.7759
56682,0.1412
56692,0.4986
56697,0.7936
56698,0.222
56699,0.5749
56700,0.4062
56706,0.428
56707,0.5257
56709,0.3315
56710,0.2266
56724,0.4797
56729,0.3432
56730,0.3164
56749,0.4452
56754,0.3372
56761,0.2142
56764,0.4918
56770,0.5779
56772,0.2064
56776,0.7022
56793,0.6185
56799,0.6712
56803,0.3191
56810,0.5232
56815,0.4525
56825,0.6648
56827,0.586
56831,0.4941
56835,0.4881
56836,0.2646
56841,0.5851
56865,0.6489
56873,0.6085
56884,0.2312
56889,0.437
56890,0.6201
56891,0.6286
56895,0.1538
56896,0.431
56902,0.5736
56903,0.5288
56912,0.5829
56914,0.5683
56921,0.6774
56924,0.3163
56926,0.6465
56929,0.3169
56933,0.3046
56935,0.2972
56936,0.2686
56941,0.0649
56950,0.192
56953,0.19
56954,0.6103
56964,0.3749
56965,0.1654
56971,0.22
56973,0.6113
56978,0.7063
56982,0.7409
56983,0.314
56984,0.3142
56989,0.3953
56991,0.3381
56992,0.3748
56995,0.1829
56996,0.5654
56999,0.5178
57003,0.2773
57007,0.2687
57012,0.191
57013,0.3424
57017,0.6709
57020,0.5017
57028,0.3596
57033,0.5477
57053,0.3574
57054,0.1721
57055,0.2856
57060,0.3245
57072,0.281
57079,0.6567
57080,0.5534
57088,0.6077
57090,0.3975
57094,0.3776
57101,0.5108
57110,0.6035
57111,0.6231
57129,0.355
57137,0.0595
57141,0.1754
57144,0.3536
57148,0.2565
57162,0.6594
57165,0.148
57166,0.4145
57167,0.0765
57177,0.7564
57179,0.6891
57180,0.4317
57185,0.3937
57186,0.519
57188,0.3897
57199,0.6479
57212,0.3146
57213,0.2068
57217,0.3206
57222,0.65
57238,0.4514
57246,0.2324
57247,0.5632
57248,0.6035
57249,0.4248
57258,0.2521
57262,0.7383
57266,0.6351
57267,0.2732
57274,0.1304
57277,0.3367
57281,0.3244
57285,0.3799
57288,0.3832
57290,0.5558
57291,0.4187
57296,0.5188
57305,0.3358
57317,0.4297
57318,0.5626
57332,0.5351
57336,0.2657
57337,0.3715
57341,0.6577
57342,0.4645
57346,0.5481
57359,0.5678
57361,0.2925
57370,0.1079
57390,0.5941
57394,0.3248
57395,0.5746
57396,0.7434
57397,0.2578
57398,0.462
57399,0.5186
57400,0.3927
57406,0.2957
57414,0.5712
57415,0.3798
57418,0.5142
57429,0.5184
57430,0.1882
57433,0.6276
57441,0.3719
57442,0.3182
57452,0.4464
57461,0.2973
57463,0.363
57465,0.5537
57467,0.6642
57473,0.5126
57477,0.5558
57494,0.6074
57499,0.4252
57502,0.77
57508,0.439
57509,0.6001
57511,0.463
57519,0.687
57520,0.5426
57524,0.1654
57540,0.7015
57541,0.4169
57546,0.5413
57548,0.3115
57551,0.606
57554,0.3756
57560,0.1109
57567,0.459
57572,0.3549
57574,0.3585
57575,0.4465
57576,0.5325
57581,0.2973
57584,0.6242
57589,0.4455
57592,0.3387
57599,0.4547
57604,0.3476
57610,0.3939
57615,0.6203
57626,0.1916
57630,0.1321
57633,0.6239
57634,0.5499
57638,0.1066
57642,0.4414
57644,0.1608
57650,0.4143
57659,0.4286
57663,0.737
57666,0.3645
57667,0.3056
57677,0.4966
57693,0.4242
57697,0.4379
57705,0.3874
57720,0.284
57722,0.4625
57731,0.4309
57732,0.2509
57736,0.5514
57745,0.4045
57748,0.395
57749,0.6707
57750,0.3165
57752,0.4608
57755,0.3102
57759,0.2405
57767,0.6606
57769,0.4737
57770,0.3469
57771,0.3536
57788,0.2208
57807,0.4574
57815,0.2252
57820,0.1226
57822,0.1667
57823,0.2933
57824,0.3109
57832,0.197
57834,0.2924
57837,0.4744
57841,0.2182
57843,0.3607
57850,0.1885
57855,0.4264
57856,0.384
57857,0.3228
57859,0.5647
57864,0.6119
57866,0.7971
57872,0.0936
57873,0.2906
57885,0.3839
57891,0.4815
57898,0.4156
57900,0.7082
57909,0.0943
57911,0.3631
57917,0.4658
57965,0.5818
57966,0.5801
57968,0.5575
57969,0.6126
57975,0.2653
57990,0.3254
57994,0.5583
58003,0.4303
58005,0.3307
58013,0.1618
58019,0.5533
58022,0.524
58031,0.4768
58032,0.6557
58034,0.5314
58036,0.6865
58040,0.3886
58047,0.4135
58048,0.7548
58051,0.401
58059,0.167
58062,0.6573
58064,0.4349
58066,0.6282
58068,0.1052
58071,0.2247
58090,0.3347
58094,0.4151
58103,0.334
58113,0.2018
58117,0.3943
58121,0.3561
58125,0.5494
58126,0.6952
58127,0.3342
58128,0.2786
58131,0.2239
58134,0.2256
58135,0.4465
58137,0.6363
58140,0.2295
58144,0.505
58145,0.4732
58150,0.2568
58159,0.6212
58165,0.646
58167,0.121
58171,0.4802
58178,0.1949
58180,0.3978
58189,0.1611
58203,0.2829
58211,0.6579
58220,0.2822
58221,0.45
58235,0.5058
58236,0.6123
58239,0.3196
58242,0.3358
58247,0.5633
58253,0.6512
58260,0.64
58261,0.4359
58265,0.0749
58272,0.2816
58273,0.6621
58276,0.513
58277,0.1642
58279,0.5682
58280,0.6802
58286,0.2983
58287,0.1751
58302,0.4326
58307,0.3959
58314,0.2325
58315,0.1185
58317,0.3241
58326,0.5254
58328,0.6851
58329,0.3483
58338,0.1203
58340,0.6573
58345,0.6529
58348,0.2222
58358,0.4873
58362,0.3053
58374,0.6977
58377,0.299
58380,0.1383
58381,0.0806
58382,0.3395
58387,0.4373
58391,0.2632
58398,0.6478
58400,0.7375
58402,0.6042
58407,0.1101
58410,0.5767
58412,0.5469
58413,0.4588
58417,0.6177
58422,0.387
58425,0.3865
58435,0.4618
58436,0.6867
58451,0.2899
58456,0.1927
58458,0.0554
58459,0.4646
58464,0.4973
58465,0.1011
58476,0.3689
58486,0.7753
58489,0.5432
58493,0.3742
58494,0.5268
58496,0.2624
58509,0.4508
58514,0.404
58516,0.4127
58517,0.243
58522,0.3325
58524,0.492
58525,0.3354
58529,0.5504
58533,0.2941
58538,0.6321
58541,0.2717
58543,0.5089
58554,0.4207
58555,0.6321
58571,0.282
58574,0.2887
58575,0.3905
58594,0.3295
58596,0.6911
58606,0.1869
58609,0.6173
58619,0.405
58621,0.3173
58622,0.5479
58625,0.0729
58627,0.3626
58635,0.5056
58642,0.1309
58650,0.706
58651,0.3112
58652,0.2163
58653,0.2057
58664,0.3513
58666,0.5334
58669,0.3014
58674,0.3842
58677,0.331
58679,0.6074
58683,0.5176
58685,0.5792
58688,0.6864
58693,0.5041
58697,0.7413
58702,0.5847
58706,0.5311
58714,0.0834
58724,0.5334
58727,0.3855
58736,0.5446
58737,0.2878
58741,0.246
58742,0.6311
58745,0.3748
58751,0.6459
58755,0.5673
58757,0.3366
58759,0.3581
58762,0.6227
58765,0.6239
58769,0.4592
58773,0.2829
58779,0.5781
58785,0.1867
58791,0.2262
58793,0.5049
58795,0.683
58797,0.3774
58799,0.5747
58801,0.5548
58805,0.2935
58807,0.6423
58811,0.315
58813,0.4153
58814,0.166
58820,0.0876
58825,0.4907
58827,0.169
58828,0.2899
58830,0.4186
58844,0.5997
58860,0.6834
58861,0.5661
58865,0.1969
58873,0.0768
58877,0.1729
58896,0.4348
58901,0.4788
58913,0.4162
58914,0.4849
58919,0.3523
58920,0.5182
58923,0.2899
58928,0.0967
58929,0.5208
58934,0.431
58936,0.4531
58955,0.2682
58961,0.5368
58965,0.6464
58969,0.0976
58975,0.2252
58980,0.5147
58992,0.4871
58998,0.5519
59000,0.6297
59002,0.6755
59007,0.2849
59009,0.1561
59011,0.6049
59014,0.5892
59019,0.4648
59021,0.4052
59025,0.6516
59028,0.5212
59030,0.0931
59031,0.4426
59032,0.2802
59043,0.1904
59052,0.5572
59055,0.1295
59061,0.5024
59065,0.3036
59074,0.3867
59078,0.4997
59079,0.5633
59083,0.615
59086,0.4498
59108,0.4321
59119,0.5892
59122,0.1576
59128,0.4374
59130,0.4626
59132,0.5418
59135,0.4301
59136,0.6095
59138,0.5892
59139,0.6943
59148,0.1984
59150,0.2958
59151,0.4082
59165,0.2916
59166,0.2507
59172,0.6748
59173,0.41
59179,0.6616
59185,0.2789
59186,0.178
59187,0.1576
59207,0.5493
59217,0.6282
59225,0.3315
59228,0.5826
59230,0.6348
59235,0.3093
59239,0.5232
59242,0.7878
59243,0.0862
59244,0.3338
59247,0.3604
59248,0.2027
59251,0.4762
59258,0.3115
59260,0.516
59263,0.2717
59265,0.3937
59269,0.4361
59273,0.3786
59287,0.5877
59293,0.3985
59294,0.5854
59302,0.477
59306,0.4648
59307,0.5784
59309,0.5051
59314,0.3368
59319,0.3923
59326,0.1617
59328,0.1288
59336,0.2427
59340,0.5998
59345,0.6006
59354,0.6639
59356,0.4277
59359,0.246
59363,0.6113
59369,0.2459
59372,0.6686
59373,0.5187
59375,0.466
59377,0.2845
59378,0.5758
59379,0.305
59385,0.4892
59386,0.3584
59389,0.3624
59392,0.2524
59394,0.6271
59400,0.6721
59422,0.3558
59430,0.5226
59434,0.6265
59435,0.2496
59440,0.4297
59453,0.6777
59458,0.5557
59460,0.5197
59471,0.5101
59483,0.3348
59494,0.587
59498,0.4621
59505,0.6367
59507,0.5722
59508,0.3249
59510,0.3091
59521,0.2747
59524,0.4608
59526,0.3985
59527,0.3609
59538,0.4934
59540,0.6481
59542,0.4587
59544,0.0911
59547,0.2759
59549,0.7084
59555,0.4068
59559,0.4209
59562,0.4307
59568,0.1705
59574,0.7938
59577,0.0641
59581,0.4943
59584,0.4304
59593,0.7045
59595,0.6964
59599,0.0861
59603,0.2375
59604,0.5688
59613,0.7789
59616,0.6962
59622,0.2311
59630,0.3225
59645,0.2344
59657,0.4714
59658,0.4333
59664,0.0904
59674,0.5865
59675,0.3146
59687,0.5825
59689,0.6936
59690,0.3467
59691,0.352
59698,0.1101
59703,0.6686
59706,0.4697
59717,0.246
59720,0.2645
59725,0.4937
59726,0.5249
59728,0.6466
59732,0.6154
59733,0.7442
59735,0.5805
59736,0.543
59737,0.3094
59742,0.4746
59744,0.6227
59745,0.7263
59756,0.2558
59775,0.7279
59787,0.5118
59791,0.6611
59808,0.4207
59821,0.4343
59830,0.4523
59833,0.6532
59838,0.3735
59850,0.7162
59851,0.1467
59859,0.5014
59863,0.7644
59873,0.6641
59876,0.2688
59883,0.3324
59884,0.6473
59889,0.404
59893,0.1443
59901,0.2683
59902,0.2269
59904,0.3701
59905,0.7444
59907,0.586
59910,0.3228
59914,0.0958
59922,0.2885
59923,0.4368
59927,0.6219
59931,0.5004
59935,0.2386
59936,0.4255
59938,0.7072
59944,0.5855
59948,0.4201
59955,0.3843
59956,0.5343
59962,0.4915
59964,0.3808
59965,0.2499
59994,0.3521
59996,0.6709
59999,0.0577
60003,0.2489
60009,0.6004
60012,0.2626
60021,0.694
60025,0.4308
60027,0.2902
60034,0.1861
60035,0.7013
60045,0.3579
60049,0.0853
60056,0.2933
60061,0.2592
60070,0.6393
60083,0.1656
60099,0.384
60104,0.288
60106,0.2607
60107,0.6026
60108,0.5374
60109,0.5241
60115,0.5098
60118,0.3614
60123,0.6263
60129,0.3355
60132,0.2222
60135,0.517
60139,0.5049
60142,0.4823
60144,0.1413
60150,0.738
60153,0.4711
60161,0.2778
60164,0.3935
60168,0.4373
60172,0.7492
60176,0.6461
60186,0.1694
60192,0.6238
60204,0.3554
60217,0.4928
60219,0.5018
60221,0.4779
60225,0.5262
60236,0.3972
60240,0.2407
60258,0.3315
60261,0.4943
60264,0.587
60269,0.5471
60270,0.1796
60274,0.604
60281,0.1116
60289,0.3689
60300,0.3262
60306,0.1751
60307,0.3914
60308,0.5942
60313,0.5967
60319,0.5434
60325,0.6127
60328,0.4998
60333,0.3428
60334,0.4881
60336,0.3482
60340,0.6217
60348,0.4029
60349,0.6594
60352,0.2346
60359,0.5636
60362,0.5277
60365,0.2445
60375,0.4242
60377,0.0904
60378,0.7102
60383,0.2303
60385,0.604
60387,0.1203
60389,0.3453
60390,0.2188
60398,0.273
60400,0.4608
60407,0.3169
60411,0.3252
60415,0.21
60424,0.6871
60426,0.6761
60435,0.6402
60436,0.167
60439,0.4877
60446,0.6167
60448,0.6426
60451,0.2036
60452,0.1207
60461,0.7043
60463,0.1158
60466,0.5375
60469,0.4169
60482,0.4931
60494,0.335
60496,0.5818
60497,0.248
60498,0.3483
60503,0.5352
60514,0.3746
60515,0.5116
60517,0.4111
60523,0.6608
60525,0.0474
60527,0.6475
60534,0.2835
60545,0.4207
60548,0.658
60549,0.3107
60552,0.5673
60553,0.6305
60557,0.2124
60558,0.6447
60560,0.1442
60570,0.6136
60572,0.149
60593,0.2628
60599,0.5954
60615,0.4765
60621,0.2818
60622,0.2945
60625,0.64
60628,0.2267
60641,0.5871
60646,0.5226
60649,0.2035
60651,0.641
60659,0.5876
60660,0.2588
60661,0.2697
60667,0.5428
60669,0.5421
60683,0.4867
60691,0.7372
60702,0.1423
60724,0.3066
60726,0.3277
60735,0.5349
60742,0.1797
60744,0.241
60748,0.6207
60749,0.4261
60753,0.5843
60760,0.4303
60762,0.1851
60763,0.2897
60766,0.3617
60769,0.7364
60783,0.6548
60785,0.4612
60796,0.6202
60813,0.1073
60820,0.3724
60822,0.3109
60823,0.6889
60826,0.1228
60827,0.5593
60830,0.1386
60832,0.1118
60834,0.5681
60836,0.4154
60840,0.6691
60849,0.2753
60852,0.3534
60855,0.6168
60856,0.4717
60859,0.6057
60863,0.1147
60867,0.3697
60869,0.4651
60871,0.132
60872,0.505
60886,0.3772
60887,0.0769
60890,0.4627
60897,0.5949
60902,0.2848
60908,0.52
60914,0.494
60917,0.4694
60919,0.1035
60920,0.3911
60933,0.6759
60937,0.6344
60945,0.126
60947,0.6399
60953,0.5392
60954,0.4583
60962,0.1317
60965,0.7562
60973,0.6499
60976,0.1844
60982,0.3656
60983,0.1674
60987,0.2425
60989,0.3784
60992,0.2637
61002,0.3927
61006,0.1868
61010,0.1135
61012,0.3103
61013,0.5818
61022,0.1552
61029,0.5015
61032,0.3971
61039,0.2933
61043,0.4653
61044,0.3254
61061,0.2134
61062,0.5098
61070,0.2096
61073,0.64
61091,0.4119
61095,0.4482
61098,0.6305
61102,0.343
61103,0.1869
61112,0.5291
61119,0.7862
61122,0.3747
61134,0.5582
61136,0.465
61139,0.521
61147,0.52
61152,0.2827
61153,0.4617
61157,0.3543
61159,0.5655
61162,0.4928
61166,0.2792
61170,0.1312
61175,0.1203
61180,0.1957
61189,0.2419
61191,0.5288
61196,0.453
61203,0.6119
61206,0.4022
61219,0.5958
61220,0.5316
61221,0.3172
61222,0.5847
61226,0.4981
61227,0.2028
61228,0.6893
61247,0.4719
61248,0.695
61252,0.2077
61253,0.5316
61263,0.563
61265,0.2953
61268,0.2863
61269,0.2722
61277,0.3533
61284,0.3523
61285,0.1771
61291,0.7651
61299,0.3129
61301,0.2582
61303,0.2483
61305,0.4377
61317,0.1958
61321,0.6431
61326,0.5058
61345,0.525
61352,0.3204
61354,0.1624
61355,0.3234
61360,0.5122
61369,0.2272
61371,0.3537
61374,0.4059
61394,0.3622
61401,0.5861
61404,0.514
61408,0.5073
61416,0.5853
61417,0.411
61418,0.263
61428,0.395
61432,0.5363
61440,0.6835
61446,0.6139
61450,0.5382
61453,0.1396
61461,0.2694
61462,0.6784
61469,0.6425
61480,0.4318
61482,0.5682
61484,0.6456
61505,0.4941
61509,0.3093
61510,0.1904
61512,0.2141
61515,0.5835
61523,0.6531
61526,0.3564
61540,0.4199
61541,0.3086
61547,0.3594
61548,0.5498
61549,0.3529
61577,0.4059
61578,0.7246
61580,0.1724
61581,0.4791
61583,0.1826
61585,0.4994
61592,0.3386
61594,0.6357
61595,0.476
61599,0.355
61610,0.6655
61619,0.2403
61623,0.6518
61631,0.2603
61639,0.4311
61648,0.2771
61655,0.5442
61657,0.3985
61668,0.4684
61684,0.3659
61687,0.2749
61693,0.3114
61697,0.4814
61704,0.6423
61705,0.6182
61709,0.4267
61710,0.4141
61712,0.1382
61718,0.487
61720,0.2216
61727,0.1591
61743,0.28
61747,0.2687
61750,0.3767
61753,0.4052
61756,0.4528
61781,0.5622
61787,0.809
61792,0.0867
61800,0.5336
61802,0.4053
61803,0.6383
61806,0.0832
61808,0.1997
61813,0.6371
61815,0.2827
61822,0.6264
61825,0.3207
61830,0.3065
61834,0.4878
61839,0.4383
61843,0.6734
61845,0.6034
61847,0.1531
61856,0.4808
61857,0.7061
61864,0.372
61869,0.2438
61870,0.1135
61873,0.3034
61879,0.0742
61884,0.6262
61888,0.348
61894,0.7075
61895,0.3113
61897,0.2826
61903,0.1981
61907,0.731
61911,0.7502
61917,0.5055
61928,0.3358
61929,0.4143
61931,0.5393
61939,0.3122
61941,0.4074
61943,0.5685
61953,0.07
61958,0.5129
61965,0.2019
61976,0.0828
61980,0.1835
61982,0.491
61988,0.2626
61992,0.362
61996,0.7097
62004,0.0989
62007,0.2998
62008,0.2529
62029,0.4408
62035,0.6098
62037,0.6966
62041,0.6135
62043,0.2255
62049,0.3754
62052,0.4612
62055,0.6564
62062,0.4008
62067,0.4828
62072,0.0864
62077,0.2809
62081,0.5062
62082,0.3869
62093,0.628
62095,0.3375
62100,0.5798
62110,0.3613
62117,0.4526
62121,0.143
62126,0.2889
62140,0.7616
62143,0.664
62145,0.6287
62156,0.639
62159,0.6127
62167,0.6383
62175,0.2023
62179,0.3451
62184,0.5747
62187,0.4006
62188,0.6157
62193,0.4897
62195,0.297
62200,0.7781
62203,0.5932
62211,0.6959
62224,0.1663
62228,0.469
62233,0.2221
62234,0.697
62246,0.1239
62247,0.3377
62259,0.323
62263,0.5946
62269,0.4588
62270,0.4887
62281,0.394
62284,0.485
62287,0.4497
62289,0.09
62295,0.337
62300,0.7258
62301,0.2108
62314,0.122
62332,0.5565
62334,0.5997
62336,0.5563
62352,0.6406
62353,0.7157
62356,0.5433
62357,0.1966
62366,0.6091
62376,0.6524
62381,0.7231
62385,0.4976
62387,0.715
62391,0.3486
62395,0.5177
62396,0.2847
62406,0.1276
62411,0.4876
62414,0.6332
62416,0.5464
62418,0.3666
62420,0.5224
62426,0.1225
62445,0.1341
62459,0.7904
62460,0.5916
62470,0.5057
62472,0.3692
62477,0.437
62483,0.3387
62488,0.353
62493,0.5754
62498,0.6053
62499,0.4343
62502,0.5335
62515,0.3683
62524,0.643
62528,0.3798
62529,0.3161
62536,0.4675
62537,0.5073
62542,0.4153
62544,0.3423
62546,0.218
62547,0.6627
62548,0.161
62557,0.43
62558,0.4707
62560,0.7032
62564,0.7092
62565,0.4939
62569,0.1187
62574,0.2325
62594,0.3432
62595,0.2848
62596,0.1067
62602,0.4736
62610,0.4804
62612,0.6375
62618,0.1911
62622,0.2575
62631,0.5062
62644,0.2498
62647,0.3112
62654,0.3995
62658,0.2052
62662,0.3688
62664,0.2755
62667,0.3075
62672,0.4846
62673,0.3579
62677,0.6813
62689,0.3142
62691,0.4183
62693,0.4574
62698,0.4504
62705,0.6992
62710,0.435
62711,0.3116
62714,0.5888
62719,0.6456
62724,0.8286
62735,0.4006
62741,0.2439
62743,0.3361
62744,0.0721
62747,0.5539
62751,0.4858
62754,0.4827
62756,0.1826
62759,0.4713
62760,0.1374
62766,0.6108
62767,0.2615
62768,0.486
62774,0.2956
62776,0.3866
62786,0.4236
62791,0.2805
62795,0.348
62799,0.2965
62802,0.1863
62803,0.6353
62813,0.5575
62816,0.4376
62823,0.4134
62833,0.3716
62836,0.3615
62838,0.3018
62839,0.3414
62841,0.4949
62858,0.3455
62859,0.5262
62860,0.2036
62861,0.3414
62876,0.2674
62877,0.2735
62884,0.5533
62891,0.3843
62892,0.4468
62894,0.5615
62897,0.4789
62904,0.3392
62913,0.618
62916,0.5945
62925,0.5181
62931,0.5068
62935,0.6797
62949,0.4384
62951,0.625
62954,0.5858
62958,0.4438
62964,0.4109
62968,0.403
62973,0.6696
62974,0.3495
62975,0.3118
62980,0.5547
62981,0.6064
62987,0.3234
62991,0.2142
62993,0.3438
63001,0.3508
63005,0.3147
63020,0.7162
63022,0.5788
63023,0.5072
63026,0.4344
63032,0.6056
63034,0.4749
63041,0.3432
63043,0.6379
63044,0.7008
63059,0.4758
63062,0.6432
63063,0.4627
63071,0.502
63072,0.3429
63079,0.3575
63082,0.2581
63083,0.3929
63084,0.3621
63096,0.5871
63099,0.3825
63107,0.717
63108,0.5608
63114,0.4394
63118,0.7042
63120,0.6543
63124,0.3263
63144,0.1338
63148,0.3624
63149,0.3766
63153,0.4932
63164,0.4009
63183,0.3194
63188,0.3953
63193,0.2253
63199,0.722
63201,0.5755
63211,0.5093
63215,0.4933
63217,0.4707
63220,0.3163
63228,0.1007
63229,0.4089
63236,0.5196
63239,0.3839
63240,0.61
63243,0.5449
63245,0.6862
63247,0.7425
63251,0.3752
63258,0.682
63275,0.2758
63280,0.566
63281,0.4223
63284,0.4217
63285,0.4124
63286,0.2862
63291,0.5585
63317,0.6728
63321,0.3036
63341,0.3896
63345,0.1159
63346,0.3396
63357,0.746
63360,0.2956
63363,0.6129
63365,0.1223
63366,0.3289
63369,0.6444
63378,0.4111
63382,0.3806
63383,0.2053
63394,0.5665
63395,0.2179
63397,0.3161
63403,0.288
63406,0.2493
63417,0.2744
63424,0.6747
63427,0.2992
63434,0.3151
63439,0.7171
63440,0.4511
63441,0.7836
63443,0.4532
63445,0.2323
63446,0.575
63449,0.3065
63459,0.455
63462,0.0953
63467,0.6483
63480,0.3066
63483,0.3827
63484,0.5472
63496,0.2454
63498,0.2476
63501,0.3559
63504,0.4617
63508,0.5493
63509,0.657
63515,0.476
63524,0.6539
63534,0.5301
63542,0.2732
63554,0.3987
63567,0.5391
63568,0.6036
63577,0.3202
63580,0.5983
63583,0.48
63590,0.3015
63592,0.2799
63599,0.529
63600,0.2718
63601,0.4357
63606,0.5324
63608,0.2513
63620,0.2975
63625,0.7581
63638,0.2916
63640,0.6189
63641,0.5458
63645,0.3411
63652,0.6521
63653,0.2644
63669,0.4326
63672,0.5012
63683,0.4569
63684,0.2665
63694,0.5234
63698,0.1571
63707,0.1117
63709,0.4624
63715,0.1723
63719,0.3203
63720,0.5863
63727,0.6499
63730,0.7448
63732,0.4148
63736,0.4767
63737,0.7382
63739,0.3072
63741,0.1392
63742,0.6908
63747,0.4832
63748,0.1693
63750,0.4631
63754,0.5952
63758,0.2455
63759,0.351
63791,0.5582
63794,0.3951
63795,0.2765
63804,0.4598
63806,0.7548
63812,0.5543
63817,0.3668
63819,0.3704
63826,0.391
63827,0.1487
63835,0.5283
63844,0.1521
63845,0.2657
63847,0.6467
63857,0.5057
63862,0.3962
63864,0.4173
63868,0.4552
63871,0.1619
63877,0.5034
63882,0.2738
63885,0.6342
63889,0.0634
63890,0.099
63897,0.7282
63902,0.409
63914,0.5766
63916,0.5454
63919,0.1365
63922,0.499
63926,0.4746
63927,0.5523
63938,0.4178
63942,0.4889
63954,0.561
63957,0.4377
63958,0.0988
63965,0.0813
63966,0.2752
63971,0.1226
63974,0.21
63977,0.5051
63978,0.305
63989,0.4969
63992,0.1488
63996,0.3679
64005,0.3693
64012,0.6083
64015,0.1003
64025,0.2768
64027,0.5915
64028,0.3758
64035,0.4113
64045,0.6958
64046,0.5026
64047,0.5201
64060,0.4339
64061,0.0786
64066,0.4217
64067,0.3493
64068,0.3112
64073,0.6532
64076,0.5458
64077,0.616
64080,0.1398
64083,0.1868
64084,0.062
64090,0.4585
64096,0.1256
64105,0.6132
64108,0.4034
64111,0.4231
64116,0.4985
64117,0.2257
64123,0.4183
64124,0.3078
64130,0.4767
64132,0.2891
64149,0.6479
64151,0.5611
64152,0.3935
64158,0.4422
64162,0.2113
64175,0.6936
64178,0.1614
64180,0.585
64183,0.5174
64184,0.6458
64185,0.3671
64187,0.461
64188,0.1559
64189,0.4528
64196,0.5335
64208,0.6787
64215,0.2637
64218,0.1044
64223,0.2648
64224,0.2189
64226,0.6018
64232,0.3174
64235,0.1744
64239,0.5106
64243,0.4494
64244,0.5282
64254,0.4236
64255,0.4667
64260,0.416
64262,0.4414
64263,0.3134
64288,0.5159
64301,0.359
64304,0.5756
64310,0.536
64315,0.3149
64316,0.5634
64321,0.5
64323,0.2702
64330,0.345
64341,0.5135
64351,0.598
64370,0.4261
64376,0.2201
64380,0.3169
64383,0.52
64389,0.3516
64402,0.4698
64407,0.4442
64412,0.3131
64423,0.1855
64424,0.2314
64425,0.6188
64428,0.3646
64433,0.2698
64439,0.2749
64447,0.4102
64450,0.3927
64453,0.3175
64454,0.4688
64458,0.23
64467,0.5737
64469,0.5471
64471,0.5053
64473,0.1565
64478,0.5506
64482,0.6083
64485,0.1606
64487,0.7441
64489,0.2948
64492,0.7177
64495,0.6409
64505,0.5989
64521,0.5643
64522,0.5419
64529,0.6266
64530,0.0735
64532,0.7527
64533,0.3811
64537,0.2159
64542,0.1911
64545,0.3846
64555,0.3691
64563,0.357
64566,0.2309
64570,0.6487
64576,0.6082
64578,0.5556
64586,0.6655
64589,0.681
64591,0.4427
64595,0.2029
64596,0.2336
64601,0.2402
64605,0.4218
64611,0.4097
64616,0.4702
64620,0.5729
64623,0.3702
64628,0.5395
64629,0.4561
64634,0.6544
64642,0.5909
64644,0.4694
64650,0.6833
64658,0.2888
64662,0.3587
64663,0.4908
64672,0.3704
64680,0.2901
64682,0.374
64688,0.0937
64699,0.3203
64700,0.3411
64714,0.6058
64720,0.134
64721,0.3085
64732,0.1315
64737,0.3928
64742,0.5617
64748,0.6782
64749,0.5659
64753,0.302
64759,0.6135
64765,0.3832
64766,0.2642
64767,0.5132
64773,0.3717
64779,0.4381
64785,0.4976
64792,0.2161
64796,0.581
64802,0.5425
64803,0.69
64804,0.2798
64812,0.3935
64815,0.3674
64822,0.6998
64825,0.5774
64828,0.7403
64829,0.3378
64836,0.4454
64837,0.4375
64845,0.3188
64849,0.5094
64851,0.185
64856,0.3153
64860,0.6068
64870,0.4837
64873,0.3277
64874,0.2158
64875,0.3168
64880,0.5479
64886,0.359
64890,0.5478
64891,0.5588
64893,0.4475
64895,0.1396
64916,0.5462
64917,0.5368
64926,0.7658
64930,0.4934
64936,0.543
64942,0.6472
64945,0.3637
64956,0.3643
64960,0.2904
64962,0.3143
64965,0.1599
64999,0.4759
65001,0.5767
65014,0.4868
65015,0.1299
65023,0.3401
65026,0.601
65030,0.4175
65042,0.3557
65043,0.5071
65047,0.4099
65060,0.6488
65061,0.3425
65062,0.5372
65063,0.5178
65070,0.1716
65072,0.1481
65073,0.2125
65075,0.6402
65086,0.6676
65088,0.3791
65091,0.4373
65095,0.0865
65104,0.2108
65112,0.4685
65120,0.6558
65130,0.7525
65139,0.418
65141,0.456
65142,0.4325
65144,0.2254
65151,0.3803
65158,0.5617
65165,0.4128
65167,0.4816
65176,0.15
65188,0.4037
65193,0.215
65196,0.2997
65203,0.5607
65207,0.3892
65208,0.7337
65213,0.2726
65214,0.1606
65220,0.5992
65235,0.5589
65236,0.4993
65237,0.7171
65244,0.344
65245,0.6215
65247,0.5323
65253,0.3707
65256,0.4072
65270,0.4663
65273,0.3288
65284,0.4092
65288,0.4831
65299,0.4486
65303,0.4319
65310,0.2338
65321,0.2337
65325,0.2446
65329,0.3425
65331,0.6793
65333,0.1756
65334,0.3812
65337,0.285
65341,0.6761
65349,0.5177
65351,0.4342
65352,0.254
65353,0.1433
65367,0.5142
65370,0.498
65372,0.3191
65376,0.502
65380,0.4844
65390,0.4526
65392,0.3135
65394,0.1565
65398,0.2638
65408,0.6129
65410,0.2919
65411,0.2508
65412,0.7442
65414,0.5077
65423,0.4329
65426,0.5639
65429,0.2423
65431,0.2256
65442,0.0508
65445,0.4162
65447,0.4539
65455,0.6116
65456,0.575
65457,0.6709
65459,0.6315
65463,0.5895
65464,0.14
65465,0.5868
65466,0.3423
65467,0.4024
65469,0.682
65470,0.4614
65472,0.7613
65473,0.439
65477,0.3982
65480,0.2355
65481,0.5397
65494,0.6716
65496,0.0827
65500,0.3687
65509,0.305
65513,0.5709
65534,0.0902
65537,0.5478
65543,0.3197
65546,0.4758
65555,0.5007
65556,0.4151
65557,0.1828
65558,0.6155
65576,0.2125
65578,0.6399
65579,0.4547
65584,0.2836
65598,0.1306
65602,0.0752
65603,0.6532
65610,0.3754
65615,0.5934
65622,0.3208
65636,0.5631
65637,0.4342
65641,0.1128
65647,0.445
65657,0.2309
65667,0.525
65673,0.282
65681,0.2763
65687,0.2109
65691,0.285
65695,0.5166
65698,0.3604
65699,0.6875
65702,0.108
65703,0.5067
65704,0.3144
65706,0.1649
65716,0.463
65719,0.6248
65721,0.2225
65723,0.2986
65725,0.3937
65726,0.6344
65730,0.4087
65733,0.4978
65736,0.3731
65740,0.4212
65743,0.3724
65749,0.4826
65752,0.6025
65753,0.3599
65754,0.455
65756,0.8024
65759,0.7803
65772,0.3405
65780,0.4689
65781,0.7752
65790,0.5561
65797,0.3775
65798,0.4577
65801,0.6235
65811,0.2262
65814,0.6956
65816,0.4706
65819,0.5047
65825,0.5276
65831,0.5456
65832,0.625
65840,0.6381
65846,0.2554
65849,0.2772
65851,0.3002
65861,0.3432
65862,0.6069
65870,0.5115
65872,0.1932
65878,0.5388
65880,0.6182
65881,0.6206
65883,0.6163
65886,0.4553
65893,0.5842
65894,0.695
65900,0.4907
65901,0.2511
65904,0.2944
65911,0.6991
65913,0.4816
65914,0.2393
65918,0.2115
65924,0.4348
65929,0.4572
65942,0.4309
65961,0.5999
65963,0.2975
65967,0.6914
65972,0.3404
66011,0.3892
66015,0.58
66016,0.3382
66017,0.4331
66018,0.1385
66026,0.3527
66028,0.4067
66031,0.4169
66038,0.1048
66047,0.3899
66053,0.5299
66062,0.1349
66065,0.4303
66068,0.2933
66074,0.2479
66088,0.3951
66090,0.5296
66105,0.7692
66121,0.1578
66128,0.5604
66134,0.6164
66138,0.2601
66141,0.2204
66142,0.5505
66145,0.6596
66155,0.1094
66158,0.6879
66159,0.3643
66163,0.4397
66165,0.6051
66168,0.3837
66169,0.4018
66193,0.6451
66202,0.5329
66207,0.4362
66211,0.4324
66222,0.3632
66228,0.3844
66235,0.2692
66238,0.2717
66242,0.3711
66243,0.5202
66257,0.3597
66273,0.2831
66279,0.4189
66281,0.0544
66285,0.5936
66287,0.231
66290,0.5263
66303,0.6237
66305,0.3524
66307,0.1195
66317,0.4484
66321,0.4511
66324,0.3138
66326,0.4243
66333,0.6003
66336,0.4445
66338,0.3009
66341,0.4558
66344,0.4515
66367,0.3066
66369,0.3018
66376,0.6054
66378,0.493
66379,0.4477
66381,0.5394
66382,0.3554
66386,0.6757
66396,0.2953
66397,0.4175
66401,0.4913
66402,0.6638
66412,0.3861
66416,0.2698
66420,0.5746
66426,0.3528
66427,0.3678
66429,0.5397
66447,0.4808
66454,0.3363
66457,0.59
66466,0.375
66471,0.6014
66475,0.3171
66479,0.2029
66485,0.526
66495,0.5175
66501,0.2028
66502,0.2209
66504,0.6817
66513,0.4435
66517,0.5738
66519,0.4997
66524,0.371
66529,0.5791
66530,0.1345
66531,0.4195
66538,0.141
66539,0.3257
66551,0.1992
66555,0.3408
66559,0.4336
66561,0.6712
66564,0.3445
66573,0.234
66574,0.737
66576,0.1882
66583,0.6122
66586,0.3282
66590,0.6979
66594,0.6442
66614,0.2046
66616,0.1648
66617,0.5
66618,0.3145
66619,0.5154
66622,0.4173
66623,0.3304
66627,0.4398
66629,0.5891
66634,0.6441
66638,0.4088
66640,0.5009
66643,0.5247
66646,0.6425
66648,0.3891
66652,0.3377
66653,0.7243
66655,0.3352
66661,0.2861
66664,0.5967
66674,0.3125
66689,0.3798
66703,0.2511
66704,0.1338
66705,0.6423
66706,0.1526
66714,0.4137
66716,0.3045
66720,0.1526
66721,0.5114
66730,0.3565
66735,0.5087
66737,0.1843
66751,0.1958
66760,0.4784
66761,0.6275
66763,0.481
66767,0.1152
66771,0.4993
66780,0.5319
66786,0.3444
66790,0.1606
66791,0.4784
66792,0.2513
66799,0.5266
66800,0.5367
66801,0.3797
66803,0.553
66814,0.2066
66820,0.4475
66821,0.4303
66823,0.6614
66831,0.5636
66834,0.3287
66841,0.3775
66851,0.3491
66856,0.2143
66857,0.4421
66859,0.7755
66862,0.6144
66865,0.529
66868,0.329
66872,0.439
66873,0.443
66876,0.5986
66880,0.3178
66887,0.3722
66893,0.6784
66896,0.2999
66900,0.6842
66901,0.3794
66904,0.2659
66915,0.4256
66918,0.4742
66923,0.3697
66927,0.4607
66928,0.4358
66929,0.1141
66930,0.144
66943,0.1022
66951,0.165
66963,0.3883
66965,0.5709
66975,0.2325
66976,0.095
66985,0.3245
66988,0.5885
66996,0.5254
67000,0.6095
67003,0.2354
67025,0.4119
67029,0.5714
67040,0.6962
67041,0.622
67046,0.4066
67048,0.6058
67061,0.1386
67076,0.365
67080,0.2886
67082,0.2311
67084,0.3308
67092,0.7936
67101,0.3256
67102,0.1118
67103,0.7272
67108,0.3078
67109,0.7796
67111,0.5537
67114,0.251
67115,0.5613
67118,0.4422
67119,0.5794
67127,0.3867
67129,0.2977
67133,0.6195
67136,0.2756
67142,0.2138
67143,0.2646
67151,0.383
67153,0.2209
67154,0.4848
67157,0.4914
67159,0.74
67167,0.4599
67171,0.6343
67179,0.3074
67180,0.5904
67181,0.6264
67184,0.4071
67185,0.6459
67195,0.3394
67198,0.5139
67200,0.1581
67202,0.4678
67206,0.6299
67208,0.7039
67209,0.3767
67210,0.343
67213,0.0997
67233,0.4818
67236,0.3676
67243,0.2484
67245,0.6231
67246,0.6323
67252,0.4046
67257,0.567
67265,0.3835
67266,0.2474
67269,0.4219
67270,0.2918
67271,0.3202
67273,0.3275
67276,0.4222
67283,0.6466
67284,0.4192
67285,0.481
67290,0.2788
67297,0.6218
67306,0.2391
67307,0.4743
67308,0.6516
67311,0.2534
67318,0.2331
67320,0.5048
67325,0.347
67327,0.5438
67328,0.2901
67329,0.0792
67333,0.627
67336,0.3342
67340,0.6921
67345,0.4629
67351,0.4032
67360,0.2865
67366,0.7005
67375,0.7152
67379,0.8079
67381,0.1985
67383,0.6475
67387,0.7958
67390,0.7019
67391,0.319
67395,0.6281
67398,0.2884
67404,0.287
67405,0.2461
67406,0.1698
67411,0.4566
67412,0.6292
67415,0.288
67419,0.2778
67425,0.1728
67426,0.2146
67427,0.3147
67431,0.2436
67432,0.6403
67440,0.5086
67442,0.4014
67447,0.3542
67448,0.7358
67452,0.142
67458,0.1873
67460,0.3255
67461,0.5497
67463,0.526
67467,0.5273
67478,0.3778
67486,0.5679
67502,0.1201
67504,0.6145
67505,0.5197
67526,0.5646
67528,0.2219
67530,0.6439
67540,0.5103
67542,0.6243
67547,0.6932
67549,0.7447
67552,0.5829
67557,0.4077
67565,0.3527
67568,0.6043
67571,0.1066
67576,0.6524
67577,0.5267
67583,0.5989
67591,0.7326
67598,0.4264
67599,0.3682
67605,0.4074
67609,0.5808
67611,0.6528
67617,0.6742
67618,0.5829
67628,0.342
67630,0.3076
67637,0.4692
67640,0.4846
67641,0.17
67644,0.1493
67651,0.5892
67656,0.6328
67658,0.4924
67662,0.4485
67664,0.4271
67677,0.2542
67679,0.7615
67685,0.6389
67690,0.642
67697,0.2263
67713,0.443
67714,0.3522
67721,0.2319
67725,0.4384
67729,0.6647
67734,0.3495
67739,0.4633
67740,0.5031
67742,0.5509
67748,0.2316
67751,0.4181
67756,0.4571
67766,0.098
67774,0.3669
67777,0.2405
67780,0.387
67781,0.6544
67786,0.3617
67788,0.4654
67791,0.3289
67806,0.4258
67814,0.7507
67815,0.7845
67819,0.1804
67822,0.6312
67823,0.2956
67826,0.7185
67841,0.175
67846,0.5468
67847,0.1397
67849,0.5599
67851,0.5961
67853,0.2758
67855,0.4787
67885,0.5555
67888,0.3322
67890,0.5419
67895,0.6301
67897,0.5427
67904,0.3318
67912,0.4126
67917,0.201
67918,0.1994
67925,0.5156
67945,0.5051
67948,0.4053
67951,0.7327
67957,0.5516
67963,0.0929
67978,0.252
67985,0.2211
67987,0.4926
67988,0.259
68001,0.28
68010,0.6569
68012,0.0582
68016,0.5374
68018,0.2301
68024,0.4272
68025,0.5888
68033,0.2861
68036,0.4108
68041,0.2617
68043,0.0644
68049,0.614
68050,0.732
68053,0.5003
68055,0.2725
68067,0.683
68075,0.2608
68077,0.4462
68086,0.4462
68095,0.513
68097,0.3749
68121,0.2234
68128,0.5126
68133,0.5522
68145,0.5596
68149,0.4394
68154,0.3311
68165,0.2433
68171,0.1539
68173,0.5246
68174,0.5116
68175,0.3797
68176,0.4501
68185,0.4092
68194,0.5223
68197,0.3269
68212,0.6093
68216,0.189
68217,0.1551
68219,0.4928
68220,0.3257
68239,0.1289
68247,0.4013
68250,0.6756
68255,0.4713
68261,0.4027
68262,0.6442
68263,0.4917
68266,0.3039
68268,0.6835
68275,0.3642
68276,0.2725
68279,0.1381
68284,0.3553
68302,0.4351
68305,0.3549
68308,0.4288
68312,0.4855
68315,0.464
68329,0.6265
68335,0.5703
68336,0.4038
68338,0.4455
68371,0.5146
68378,0.2933
68379,0.692
68381,0.2479
68397,0.5914
68407,0.534
68413,0.6657
68433,0.5684
68437,0.5512
68438,0.22
68442,0.6055
68447,0.5073
68454,0.4702
68458,0.1615
68465,0.0679
68466,0.7092
68473,0.1273
68477,0.633
68478,0.3524
68486,0.3379
68491,0.6268
68496,0.3244
68498,0.6949
68501,0.2372
68506,0.5249
68507,0.2603
68510,0.6943
68512,0.5638
68518,0.1895
68526,0.241
68529,0.6575
68539,0.3311
68542,0.6983
68543,0.2424
68550,0.353
68555,0.6567
68558,0.1616
68559,0.7197
68566,0.1686
68567,0.308
68571,0.5915
68573,0.4731
68582,0.421
68584,0.2367
68586,0.4983
68593,0.4934
68594,0.4157
68596,0.5392
68605,0.5315
68607,0.4681
68628,0.4638
68633,0.0858
68638,0.6458
68641,0.2918
68647,0.6111
68651,0.6805
68658,0.1784
68661,0.4091
68662,0.5664
68675,0.4877
68676,0.6269
68677,0.4448
68681,0.4803
68686,0.2893
68688,0.2455
68689,0.1062
68693,0.2634
68694,0.275
68697,0.5369
68708,0.6363
68730,0.6768
68740,0.5015
68754,0.7154
68755,0.4574
68771,0.3136
68777,0.5851
68778,0.1204
68783,0.4806
68785,0.2466
68789,0.1401
68790,0.1088
68814,0.4468
68818,0.2788
68839,0.4566
68845,0.4213
68846,0.1603
68847,0.755
68851,0.1501
68853,0.2591
68857,0.3169
68862,0.5471
68874,0.6236
68875,0.677
68880,0.3693
68897,0.3447
68907,0.5715
68912,0.5144
68914,0.266
68921,0.7055
68926,0.5807
68929,0.5353
68932,0.1084
68936,0.1963
68938,0.3659
68941,0.5099
68967,0.5918
68972,0.3523
68977,0.4784
68978,0.0923
68991,0.4036
68992,0.1999
68993,0.3023
68996,0.244
68997,0.2357
68998,0.5495
69001,0.3077
69003,0.481
69006,0.3429
69013,0.1921
69023,0.6262
69025,0.5528
69027,0.7161
69031,0.4442
69049,0.4721
69052,0.6406
69054,0.253
69065,0.4364
69072,0.5326
69078,0.334
69079,0.5447
69082,0.6773
69084,0.4711
69087,0.6762
69088,0.3321
69092,0.4222
69095,0.152
69103,0.6285
69105,0.7294
69115,0.2624
69125,0.4997
69132,0.2465
69141,0.171
69149,0.2285
69161,0.5582
69163,0.3119
69166,0.3402
69179,0.521
69181,0.19
69185,0.6113
69188,0.3816
69189,0.4439
69195,0.5144
69203,0.216
69206,0.557
69212,0.5297
69214,0.4394
69227,0.438
69232,0.5517
69234,0.439
69235,0.5074
69244,0.3622
69249,0.5753
69251,0.6531
69252,0.0878
69255,0.5611
69275,0.6991
69288,0.6097
69301,0.4543
69307,0.2605
69313,0.1897
69316,0.6169
69319,0.5544
69325,0.379
69327,0.2892
69330,0.5049
69333,0.4685
69348,0.627
69353,0.3856
69358,0.5444
69378,0.5123
69381,0.126
69386,0.2627
69393,0.3675
69403,0.1676
69404,0.2817
69425,0.2444
69427,0.624
69429,0.504
69431,0.528
69434,0.5533
69436,0.4449
69444,0.6971
69447,0.5388
69465,0.6348
69468,0.4152
69477,0.0665
69480,0.51
69496,0.5593
69536,0.723
69541,0.7075
69543,0.2605
69544,0.5349
69549,0.6248
69551,0.2943
69555,0.4754
69558,0.2964
69559,0.6746
69560,0.6048
69563,0.3955
69577,0.4477
69578,0.4187
69584,0.2668
69585,0.2558
69591,0.7019
69599,0.5311
69600,0.4315
69609,0.2135
69615,0.5743
69616,0.4238
69617,0.3284
69620,0.1725
69630,0.5003
69637,0.5466
69638,0.4287
69649,0.4025
69657,0.5263
69670,0.6766
69671,0.3187
69680,0.7275
69681,0.1973
69683,0.3218
69686,0.3962
69694,0.4605
69704,0.3954
69709,0.4711
69712,0.2219
69719,0.517
69727,0.2912
69733,0.2474
69738,0.6648
69750,0.393
69755,0.5917
69757,0.4665
69758,0.5108
69759,0.7793
69765,0.4254
69770,0.5683
69773,0.3201
69778,0.3873
69783,0.5121
69785,0.3559
69787,0.5131
69798,0.4163
69806,0.3125
69814,0.2962
69816,0.2618
69817,0.4995
69827,0.2476
69830,0.2987
69853,0.2926
69861,0.6157
69865,0.3505
69873,0.0923
69878,0.531
69882,0.5328
69888,0.5661
69897,0.7446
69902,0.612
69904,0.3589
69905,0.7597
69907,0.2864
69910,0.0748
69911,0.3451
69915,0.3035
69928,0.7032
69931,0.5537
69932,0.4885
69933,0.5172
69941,0.3491
69946,0.3475
69949,0.5417
69957,0.6074
69959,0.6232
69963,0.5426
69971,0.4916
69973,0.7884
69977,0.385
69985,0.1241
69986,0.3688
69990,0.3455
69995,0.7638
70010,0.6802
70018,0.2174
70021,0.2465
70027,0.2049
70034,0.2635
70041,0.4108
70045,0.7061
70048,0.5054
70049,0.1126
70053,0.4517
70054,0.5231
70057,0.6439
70064,0.4859
70074,0.4011
70077,0.6673
70081,0.5417
70084,0.5028
70085,0.3886
70091,0.1551
70093,0.6527
70098,0.1207
70102,0.3122
70104,0.2526
70107,0.3093
70111,0.3351
70120,0.2457
70124,0.157
70135,0.1539
70139,0.2601
70142,0.3048
70146,0.5495
70155,0.4618
70161,0.0925
70164,0.3848
70166,0.2833
70167,0.2543
70172,0.3023
70197,0.7257
70198,0.4452
70202,0.159
70206,0.2701
70214,0.4548
70218,0.3408
70229,0.209
70231,0.362
70241,0.6397
70244,0.3279
70249,0.4668
70251,0.3289
70253,0.3179
70260,0.7322
70262,0.6391
70269,0.204
70270,0.5968
70277,0.0786
70279,0.2764
70289,0.6629
70296,0.4103
70305,0.521
70306,0.5728
70311,0.3188
70321,0.3263
70322,0.4644
70323,0.6843
70325,0.5528
70326,0.3336
70339,0.6044
70342,0.0876
70347,0.2641
70358,0.3694
70359,0.7229
70372,0.4433
70374,0.7569
70376,0.5266
70377,0.6381
70385,0.2254
70386,0.4933
70406,0.3797
70408,0.214
70415,0.3966
70418,0.4962
70430,0.3906
70437,0.389
70440,0.2926
70446,0.6565
70448,0.3088
70457,0.6912
70463,0.7876
70469,0.184
70471,0.5692
70475,0.545
70478,0.4275
70483,0.3333
70484,0.2206
70492,0.2981
70498,0.5861
70501,0.1825
70507,0.5346
70513,0.3399
70516,0.5844
70517,0.4498
70519,0.4656
70523,0.3065
70528,0.4187
70531,0.4084
70543,0.5011
70550,0.5913
70552,0.4559
70555,0.4469
70561,0.1645
70564,0.3301
70569,0.7014
70578,0.6347
70587,0.2661
70589,0.6141
70590,0.7166
70592,0.2425
70603,0.5256
70614,0.5034
70620,0.2081
70622,0.0729
70640,0.3265
70648,0.2259
70651,0.6289
70652,0.4591
70657,0.1619
70658,0.3204
70662,0.2887
70689,0.4889
70696,0.2375
70707,0.7304
70708,0.6204
70710,0.6478
70718,0.664
70726,0.3539
70731,0.378
70737,0.6767
70739,0.1637
70744,0.486
70748,0.7773
70752,0.1032
70757,0.403
70759,0.4609
70763,0.3437
70770,0.5429
70771,0.2149
70772,0.4282
70777,0.767
70787,0.3403
70789,0.5317
70800,0.3702
70802,0.1901
70804,0.4385
70812,0.3041
70816,0.2349
70817,0.2751
70823,0.4351
70825,0.2733
70828,0.5814
70836,0.5379
70842,0.5322
70846,0.2303
70848,0.3455
70850,0.5106
70855,0.5428
70860,0.2476
70862,0.3388
70867,0.3209
70868,0.232
70870,0.1938
70872,0.5315
70873,0.3896
70875,0.5183
70877,0.5722
70893,0.5177
70899,0.5641
70904,0.3056
70911,0.4015
70912,0.4678
70915,0.3105
70922,0.1441
70923,0.2829
70931,0.5234
70933,0.2881
70935,0.1023
70941,0.274
70945,0.6472
70947,0.5325
70950,0.7156
70951,0.6423
70952,0.32
70961,0.3835
70971,0.6398
70980,0.6368
70981,0.1893
70986,0.7075
70998,0.5098
71002,0.1602
71006,0.3899
71007,0.4831
71008,0.2625
71013,0.5276
71021,0.4795
71022,0.4589
71026,0.7567
71028,0.5806
71029,0.3496
71038,0.2411
71042,0.3517
71044,0.3206
71046,0.1689
71049,0.7879
71053,0.7122
71054,0.0656
71057,0.6682
71061,0.1371
71066,0.5298
71069,0.0555
71070,0.6835
71081,0.3752
71082,0.2052
71084,0.6934
71089,0.6214
71090,0.2306
71093,0.6848
71097,0.4299
71100,0.3707
71103,0.357
71112,0.1334
71115,0.4194
71116,0.439
71131,0.1776
71133,0.2376
71136,0.193
71137,0.5515
71138,0.4033
71140,0.6306
71144,0.5405
71146,0.0645
71149,0.5334
71161,0.4699
71164,0.3281
71168,0.3388
71171,0.762
71174,0.6216
71185,0.3025
71186,0.4148
71190,0.603
71193,0.687
71196,0.3212
71198,0.6198
71199,0.3554
71202,0.1086
71207,0.344
71214,0.5491
71222,0.3197
71240,0.3804
71244,0.4951
71245,0.562
71247,0.294
71250,0.3087
71261,0.594
71263,0.4041
71264,0.3316
71265,0.4251
71267,0.6126
71268,0.4106
71279,0.3854
71288,0.2999
71298,0.2528
71301,0.5147
71305,0.7684
71323,0.2205
71332,0.4815
71333,0.4401
71337,0.4078
71339,0.413
71343,0.3529
71346,0.219
71349,0.2696
71351,0.3683
71354,0.3522
71365,0.2554
71381,0.1708
71384,0.5895
71390,0.4949
71401,0.0752
71402,0.6103
71403,0.2607
71405,0.4131
71409,0.6075
71412,0.5915
71424,0.3782
71425,0.6253
71432,0.4457
71438,0.4687
71442,0.4656
71443,0.1762
71444,0.1281
71445,0.747
71451,0.5814
71470,0.2017
71472,0.0894
71474,0.5383
71480,0.8061
71486,0.6421
71487,0.2836
71489,0.4846
71490,0.5852
71494,0.5674
71495,0.16
71510,0.3074
71517,0.5891
71522,0.4195
71524,0.1711
71525,0.5695
71528,0.4293
71531,0.3468
71532,0.4559
71535,0.5515
71543,0.5916
71547,0.6748
71548,0.5916
71551,0.3827
71553,0.641
71556,0.6319
71558,0.6617
71578,0.3335
71583,0.278
71598,0.5239
71599,0.6146
71602,0.203
71605,0.7555
71612,0.1382
71614,0.297
71616,0.6739
71617,0.5397
71619,0.2784
71629,0.1674
71633,0.548
71634,0.6913
71639,0.54
71644,0.5086
71651,0.1696
71652,0.6556
71659,0.196
71663,0.3272
71675,0.5475
71676,0.4032
71678,0.174
71679,0.2593
71680,0.1611
71684,0.5858
71689,0.5241
71698,0.35
71703,0.6667
71715,0.5144
71724,0.6495
71728,0.3159
71733,0.3297
71734,0.2626
71738,0.6591
71740,0.4259
71755,0.3601
71761,0.0782
71764,0.3412
71771,0.1773
71774,0.6606
71779,0.4481
71783,0.4106
71786,0.4283
71787,0.4731
71792,0.5893
71794,0.5937
71808,0.2936
71809,0.3371
71812,0.4676
71820,0.3478
71833,0.6721
71844,0.4354
71847,0.2947
71848,0.593
71849,0.5048
71857,0.4154
71858,0.7866
71860,0.106
71861,0.4341
71862,0.2552
71869,0.5255
71874,0.6652
71882,0.4932
71888,0.571
71890,0.1928
71891,0.7317
71893,0.0902
71901,0.2084
71906,0.2835
71912,0.6243
71916,0.7255
71924,0.1615
71929,0.4129
71930,0.6468
71941,0.6433
71943,0.4529
71951,0.3696
71952,0.6159
71960,0.4543
71971,0.1289
71975,0.1751
72002,0.5241
72006,0.4467
72008,0.3414
72016,0.5326
72017,0.3279
72018,0.4566
72019,0.3725
72028,0.5003
72040,0.3226
72041,0.1785
72042,0.4459
72054,0.4586
72055,0.5918
72069,0.1369
72070,0.3285
72073,0.7131
72075,0.3991
72078,0.6789
72079,0.6969
72088,0.4683
72091,0.5818
72096,0.2126
72103,0.2724
72109,0.1772
72112,0.4464
72114,0.2595
72120,0.3421
72121,0.2304
72122,0.4763
72130,0.5814
72144,0.442
72149,0.5283
72152,0.6874
72158,0.4785
72159,0.5745
72165,0.5154
72167,0.2299
72168,0.421
72169,0.6602
72170,0.2884
72171,0.5896
72179,0.566
72181,0.5441
72194,0.2474
72197,0.3127
72200,0.6067
72205,0.1031
72209,0.3055
72210,0.2355
72214,0.6627
72215,0.6066
72222,0.6083
72223,0.2525
72226,0.1645
72231,0.6218
72237,0.6493
72248,0.5584
72254,0.695
72260,0.449
72263,0.4244
72271,0.0764
72276,0.5087
72280,0.2344
72282,0.2465
72283,0.3403
72286,0.1418
72291,0.4594
72292,0.1479
72293,0.4087
72309,0.2175
72310,0.2073
72321,0.5519
72322,0.4498
72325,0.3641
72342,0.6687
72345,0.3153
72347,0.146
72353,0.5024
72354,0.363
72356,0.6787
72360,0.4255
72363,0.3296
72364,0.2517
72365,0.3021
72367,0.4048
72369,0.5424
72370,0.312
72381,0.3754
72382,0.7276
72396,0.7042
72397,0.6235
72406,0.3469
72421,0.4961
72422,0.3164
72425,0.6214
72427,0.4272
72428,0.4259
72431,0.0887
72434,0.4453
72438,0.5323
72441,0.5321
72442,0.3513
72444,0.3756
72451,0.4886
72457,0.3795
72462,0.4415
72466,0.6527
72467,0.3442
72470,0.1609
72472,0.2266
72474,0.237
72475,0.5051
72476,0.2816
72477,0.4315
72489,0.0704
72491,0.5663
72492,0.2713
72498,0.3536
72499,0.4808
72502,0.3375
72507,0.5739
72511,0.2923
72513,0.4764
72516,0.6818
72519,0.1384
72533,0.448
72535,0.6469
72537,0.5792
72544,0.3684
72545,0.6261
72546,0.3433
72552,0.3766
72554,0.7783
72556,0.3232
72559,0.592
72564,0.5106
72566,0.2751
72568,0.0926
72569,0.2328
72570,0.5609
72582,0.4183
72585,0.4687
72587,0.4766
72594,0.4024
72600,0.5976
72603,0.1107
72605,0.5507
72611,0.3566
72612,0.545
72615,0.3544
72617,0.3965
72619,0.3921
72624,0.2593
72627,0.2414
72634,0.5609
72638,0.2304
72640,0.3027
72644,0.3076
72648,0.7325
72650,0.2897
72651,0.303
72652,0.5105
72667,0.6389
72671,0.5184
72682,0.3488
72696,0.3953
72698,0.5206
72699,0.6987
72703,0.4616
72704,0.134
72706,0.2721
72710,0.2224
72717,0.6733
72718,0.0759
72727,0.3366
72728,0.5274
72731,0.4512
72734,0.4761
72739,0.1928
72754,0.4135
72757,0.6578
72764,0.169
72768,0.4709
72772,0.1857
72774,0.5566
72782,0.2404
72783,0.1536
72787,0.4505
72791,0.6177
72792,0.2347
72803,0.5123
72806,0.2508
72813,0.4001
72820,0.1674
72832,0.3821
72835,0.2225
72840,0.3656
72841,0.2369
72848,0.4294
72852,0.3601
72858,0.4295
72859,0.155
72860,0.4263
72861,0.4044
72862,0.5109
72865,0.1921
72875,0.479
72880,0.7188
72882,0.6901
72883,0.532
72885,0.7009
72886,0.5004
72889,0.2325
72890,0.3048
72895,0.3933
72896,0.4
72898,0.3462
72899,0.5069
72901,0.34
72903,0.5929
72904,0.1872
72923,0.5445
72927,0.4048
72933,0.6214
72941,0.1943
72946,0.2604
72951,0.6146
72952,0.5175
72953,0.4446
72960,0.5398
72968,0.1395
72975,0.617
72976,0.2983
72980,0.4166
72981,0.3397
72985,0.487
72987,0.4232
72999,0.3081
73005,0.4302
73022,0.4584
73028,0.2874
73049,0.3039
73056,0.4798
73059,0.4717
73063,0.407
73065,0.6267
73067,0.1533
73069,0.3472
73072,0.4597
73078,0.4828
73083,0.4419
73089,0.5368
73091,0.5886
73094,0.5412
73107,0.1191
73119,0.4027
73122,0.5611
73127,0.606
73131,0.3012
73132,0.3107
73146,0.4465
73147,0.4454
73148,0.7039
73150,0.5453
73151,0.5728
73152,0.4717
73154,0.3816
73158,0.24
73159,0.5777
73161,0.321
73163,0.3946
73164,0.5043
73176,0.5283
73182,0.1984
73184,0.1231
73186,0.3058
73192,0.5648
73202,0.637
73206,0.3973
73207,0.6266
73209,0.5664
73210,0.5377
73218,0.5239
73223,0.3504
73228,0.6592
73229,0.6094
73233,0.1479
73234,0.0633
73236,0.5061
73238,0.5078
73241,0.3231
73246,0.5026
73252,0.242
73257,0.2772
73258,0.7112
73267,0.6739
73273,0.2503
73294,0.3266
73304,0.6811
73305,0.5385
73308,0.4359
73313,0.2959
73317,0.6453
73318,0.5627
73324,0.5195
73329,0.6445
73331,0.3923
73334,0.4802
73336,0.4984
73350,0.3154
73358,0.3673
73359,0.6619
73366,0.5882
73367,0.6456
73373,0.5339
73384,0.4719
73388,0.5454
73397,0.6414
73399,0.2979
73408,0.3932
73417,0.5766
73426,0.5821
73427,0.6845
73430,0.0858
73432,0.1414
73440,0.0956
73444,0.2462
73446,0.4497
73448,0.5974
73456,0.4682
73457,0.2928
73468,0.6675
73474,0.1854
73477,0.2126
73479,0.3079
73482,0.3424
73494,0.5138
73500,0.7186
73511,0.635
73513,0.4392
73532,0.6951
73535,0.6444
73547,0.3613
73557,0.2498
73560,0.6866
73561,0.2153
73578,0.4345
73582,0.2872
73583,0.4648
73590,0.3537
73593,0.4601
73598,0.1094
73607,0.6332
73616,0.5963
73617,0.5627
73621,0.3846
73624,0.39
73645,0.6011
73655,0.3782
73657,0.5369
73661,0.584
73664,0.3807
73667,0.6394
73670,0.0836
73673,0.1451
73674,0.634
73676,0.3002
73684,0.4745
73686,0.2307
73687,0.344
73691,0.4992
73693,0.4638
73695,0.3954
73701,0.1093
73707,0.3532
73711,0.2848
73712,0.4796
73715,0.4245
73718,0.5005
73719,0.6688
73720,0.6886
73723,0.5692
73731,0.5049
73732,0.3797
73735,0.1023
73741,0.4935
73746,0.1901
73747,0.69
73751,0.438
73754,0.2552
73756,0.5008
73758,0.1457
73765,0.1094
73768,0.6242
73769,0.5183
73779,0.0839
73780,0.1543
73786,0.1603
73789,0.3789
73797,0.7549
73799,0.2226
73802,0.1225
73807,0.112
73809,0.3254
73810,0.3502
73819,0.4627
73826,0.3627
73827,0.5438
73831,0.5609
73834,0.3326
73837,0.1029
73850,0.6544
73851,0.5066
73852,0.1529
73854,0.5769
73861,0.246
73863,0.4389
73864,0.2495
73865,0.1154
73870,0.2032
73875,0.6983
73878,0.1356
73879,0.7228
73880,0.7572
73883,0.5837
73886,0.3143
73889,0.4708
73898,0.4541
73900,0.3526
73907,0.3083
73911,0.5583
73913,0.6868
73919,0.7775
73939,0.4573
73944,0.5971
73948,0.21
73949,0.6782
73950,0.6826
73951,0.3211
73952,0.5478
73953,0.3633
73963,0.2233
73964,0.6494
73972,0.7243
73986,0.1355
73997,0.3574
73998,0.3075
74001,0.3458
74006,0.5572
74009,0.5326
74018,0.6851
74024,0.4025
74026,0.1559
74031,0.6249
74033,0.6563
74044,0.3636
74046,0.2008
74048,0.6856
74051,0.4636
74052,0.3978
74059,0.2561
74073,0.35
74076,0.4368
74088,0.1632
74102,0.2177
74109,0.1237
74110,0.6616
74111,0.4331
74124,0.6872
74133,0.5843
74134,0.5454
74142,0.172
74144,0.4646
74145,0.2983
74147,0.5264
74149,0.3516
74151,0.5401
74157,0.2691
74158,0.4276
74159,0.5557
74162,0.6903
74164,0.4059
74166,0.2517
74169,0.3642
74170,0.6375
74172,0.2943
74179,0.1159
74182,0.2073
74184,0.3102
74185,0.2164
74197,0.3828
74202,0.6199
74206,0.3605
74208,0.0827
74215,0.2913
74227,0.1742
74230,0.1166
74233,0.6344
74241,0.2121
74242,0.7121
74247,0.094
74251,0.8201
74256,0.3551
74258,0.1742
74262,0.5096
74266,0.3386
74277,0.3569
74282,0.1423
74284,0.4031
74288,0.2466
74289,0.6315
74291,0.4418
74296,0.3658
74297,0.4544
74298,0.0548
74301,0.5579
74302,0.4334
74313,0.663
74315,0.5102
74318,0.4079
74319,0.2714
74320,0.5759
74321,0.5928
74324,0.4027
74327,0.3223
74336,0.3238
74342,0.6545
74350,0.4531
74351,0.6386
74353,0.5369
74356,0.6192
74370,0.585
74380,0.3302
74381,0.5953
74384,0.6917
74388,0.3878
74390,0.0723
74395,0.72
74396,0.2887
74399,0.2019
74402,0.349
74406,0.1532
74429,0.3436
74434,0.1986
74435,0.3692
74449,0.3327
74452,0.5423
74454,0.2138
74460,0.3831
74465,0.2747
74466,0.0642
74471,0.2259
74472,0.3877
74477,0.6134
74479,0.2049
74480,0.3157
74482,0.481
74487,0.7795
74492,0.6507
74497,0.5103
74502,0.1138
74505,0.2897
74518,0.1932
74522,0.7497
74523,0.1556
74528,0.4792
74532,0.3223
74536,0.3085
74546,0.4508
74547,0.4738
74551,0.5218
74558,0.1329
74559,0.2039
74561,0.383
74566,0.6136
74567,0.3815
74569,0.5962
74574,0.4217
74575,0.6762
74590,0.5089
74592,0.399
74596,0.474
74599,0.3393
74602,0.1248
74611,0.4033
74613,0.4997
74615,0.1484
74616,0.4801
74619,0.5151
74623,0.3428
74631,0.2521
74632,0.2101
74637,0.2779
74645,0.6706
74648,0.5865
74659,0.2283
74675,0.6126
74676,0.0655
74682,0.4156
74685,0.4988
74694,0.2794
74699,0.2656
74703,0.2868
74714,0.1341
74715,0.7212
74719,0.2256
74725,0.2398
74729,0.5198
74730,0.3902
74737,0.6813
74741,0.5706
74742,0.4738
74747,0.3189
74749,0.5499
74750,0.1585
74752,0.237
74755,0.4355
74756,0.5422
74757,0.6967
74762,0.2555
74766,0.0765
74767,0.5543
74771,0.7842
74785,0.6387
74788,0.6797
74807,0.2382
74814,0.4885
74815,0.5692
74818,0.6042
74821,0.2579
74825,0.1876
74835,0.4066
74841,0.6875
74846,0.6122
74849,0.4754
74850,0.1632
74857,0.4434
74861,0.5642
74864,0.4223
74867,0.5595
74872,0.1839
74873,0.4056
74879,0.408
74884,0.3304
74885,0.2154
74893,0.4238
74895,0.4467
74898,0.3746
74913,0.2262
74915,0.5174
74919,0.1909
74921,0.3138
74947,0.383
74948,0.5148
74956,0.2652
74959,0.6851
74969,0.5483
74973,0.6681
74974,0.6006
74979,0.5078
74987,0.4962
74993,0.2687
74997,0.2185
75010,0.516
75011,0.476
75012,0.6066
75013,0.5812
75016,0.2251
75022,0.4662
75023,0.3312
75026,0.5055
75039,0.2473
75041,0.5576
75042,0.1668
75048,0.2559
75057,0.4927
75062,0.4489
75064,0.4279
75068,0.4855
75080,0.6043
75085,0.4004
75086,0.3784
75087,0.4674
75092,0.2664
75094,0.2717
75103,0.1287
75110,0.5524
75111,0.3579
75112,0.7233
75115,0.2059
75119,0.4849
75123,0.4943
75126,0.3748
75128,0.3567
75129,0.5425
75131,0.6673
75141,0.3303
75158,0.623
75159,0.282
75161,0.5904
75164,0.4429
75172,0.5511
75176,0.4321
75186,0.4375
75189,0.1788
75191,0.1402
75197,0.6166
75201,0.5215
75206,0.3327
75223,0.6741
75228,0.4315
75235,0.6287
75243,0.3217
75246,0.3974
75255,0.0888
75284,0.6588
75311,0.6536
75313,0.598
75322,0.2533
75325,0.675
75329,0.5258
75330,0.402
75333,0.4794
75337,0.4778
75339,0.1829
75341,0.2716
75348,0.5261
75349,0.6308
75355,0.0774
75358,0.2679
75359,0.6568
75362,0.2155
75365,0.3538
75372,0.3533
75390,0.1568
75391,0.2356
75396,0.4583
75404,0.4989
75405,0.4973
75412,0.5643
75413,0.4213
75416,0.1729
75423,0.6312
75427,0.3109
75435,0.0805
75437,0.2911
75456,0.1918
75462,0.4797
75469,0.3163
75483,0.5967
75486,0.4087
75496,0.4662
75507,0.622
75512,0.4601
75516,0.0778
75520,0.2629
75524,0.1282
75525,0.7035
75531,0.162
75532,0.629
75542,0.4611
75545,0.5544
75550,0.195
75552,0.0928
75553,0.396
75560,0.3214
75562,0.5572
75564,0.5757
75568,0.4861
75574,0.6748
75578,0.0771
75583,0.5473
75590,0.4142
75599,0.144
75600,0.3252
75608,0.1825
75615,0.1709
75616,0.7344
75619,0.525
75621,0.533
75628,0.7196
75629,0.4907
75632,0.2976
75635,0.6504
75636,0.3083
75637,0.7898
75646,0.4125
75655,0.1038
75657,0.5436
75660,0.2634
75663,0.6981
75664,0.4322
75666,0.5806
75670,0.523
75673,0.6713
75674,0.6906
75679,0.5463
75688,0.5868
75691,0.4191
75701,0.2302
75704,0.4821
75707,0.3815
75711,0.6442
75715,0.6325
75735,0.3804
75738,0.6424
75746,0.0642
75748,0.2217
75752,0.2349
75753,0.3386
75755,0.1281
75756,0.3501
75760,0.6469
75769,0.6668
75771,0.2622
75783,0.328
75785,0.4025
75791,0.1531
75799,0.3993
75800,0.443
75803,0.4065
75805,0.3549
75812,0.0694
75813,0.2016
75815,0.185
75818,0.5974
75823,0.2509
75835,0.4701
75840,0.6345
75855,0.4614
75856,0.6058
75864,0.6343
75865,0.5816
75867,0.7152
75870,0.2276
75871,0.3814
75875,0.4334
75876,0.3472
75879,0.114
75883,0.4058
75884,0.4429
75891,0.2762
75894,0.5285
75898,0.6062
75899,0.5606
75902,0.5109
75906,0.2062
75908,0.2789
75911,0.3351
75916,0.3811
75917,0.3248
75923,0.1733
75933,0.1408
75936,0.4377
75937,0.5051
75942,0.5482
75944,0.4502
75948,0.2564
75953,0.5719
75957,0.6539
75958,0.2671
75962,0.3056
75969,0.2037
75973,0.486
75974,0.6362
75975,0.2409
75983,0.3862
75984,0.2305
75987,0.4567
75989,0.1362
75990,0.0735
75997,0.2035
75998,0.3505
76004,0.7114
76009,0.222
76011,0.617
76013,0.4271
76017,0.074
76022,0.257
76027,0.786
76038,0.1744
76042,0.2853
76051,0.3934
76059,0.3786
76062,0.3226
76064,0.1548
76071,0.4273
76075,0.6057
76084,0.4889
76086,0.1872
76094,0.738
76098,0.6571
76099,0.1881
76104,0.5347
76118,0.2623
76119,0.28
76122,0.5356
76124,0.2223
76129,0.6266
76134,0.3604
76138,0.1266
76143,0.403
76157,0.0963
76159,0.5845
76165,0.4737
76166,0.5994
76188,0.4651
76200,0.3599
76201,0.4773
76206,0.221
76210,0.5007
76214,0.3082
76222,0.3637
76233,0.2479
76234,0.6053
76235,0.6461
76237,0.2982
76238,0.6182
76239,0.4351
76243,0.4448
76248,0.3356
76250,0.3488
76270,0.6119
76289,0.552
76291,0.0741
76294,0.5408
76297,0.6718
76301,0.511
76303,0.2237
76320,0.3314
76323,0.4099
76325,0.2087
76331,0.5205
76336,0.292
76342,0.2657
76349,0.4486
76357,0.3594
76364,0.296
76373,0.4246
76382,0.4207
76385,0.2655
76391,0.6441
76392,0.2379
76393,0.7359
76398,0.4783
76404,0.495
76416,0.4223
76417,0.4862
76419,0.2619
76420,0.7319
76424,0.569
76426,0.5423
76437,0.3729
76444,0.2156
76447,0.2336
76451,0.5712
76455,0.6007
76464,0.4275
76466,0.564
76470,0.6699
76486,0.1548
76491,0.221
76496,0.416
76503,0.57
76505,0.4058
76512,0.0887
76513,0.6455
76514,0.6509
76522,0.229
76523,0.3551
76524,0.6546
76531,0.4055
76548,0.4907
76556,0.5485
76575,0.4334
76584,0.2294
76585,0.1416
76587,0.3947
76594,0.5516
76595,0.4459
76608,0.0901
76610,0.2473
76612,0.1763
76630,0.4524
76635,0.6294
76638,0.6713
76640,0.3132
76643,0.3247
76647,0.5007
76651,0.3642
76654,0.3588
76664,0.6169
76673,0.4506
76674,0.2467
76679,0.1619
76682,0.4154
76684,0.6709
76687,0.5152
76689,0.5235
76690,0.6059
76695,0.5232
76701,0.3704
76705,0.1885
76711,0.714
76724,0.5341
76725,0.5337
76734,0.4171
76743,0.3087
76751,0.4369
76756,0.7222
76758,0.1206
76775,0.6099
76776,0.2714
76777,0.3116
76779,0.4867
76781,0.4543
76786,0.5057
76789,0.537
76791,0.1121
76801,0.0877
76809,0.2992
76817,0.7605
76818,0.5698
76819,0.2444
76822,0.6513
76825,0.3205
76827,0.6379
76832,0.3591
76833,0.7138
76841,0.7134
76854,0.5173
76856,0.7466
76868,0.526
76869,0.5352
76878,0.3343
76887,0.3199
76888,0.4945
76894,0.3419
76897,0.2561
76908,0.4249
76911,0.4628
76918,0.3296
76920,0.3232
76922,0.1991
76928,0.5877
76930,0.119
76944,0.3038
76948,0.6127
76950,0.15
76964,0.4252
76971,0.5436
76974,0.1787
76984,0.1011
76985,0.1051
76993,0.3229
76994,0.5192
77005,0.4213
77013,0.3154
77016,0.4457
77020,0.3954
77024,0.5113
77027,0.4414
77037,0.0924
77040,0.4349
77041,0.3289
77046,0.2972
77047,0.5689
77049,0.1695
77054,0.6962
77055,0.1317
77072,0.322
77076,0.1829
77092,0.5884
77095,0.4416
77104,0.4935
77105,0.5486
77113,0.5091
77114,0.1942
77115,0.1346
77120,0.1483
77123,0.6433
77127,0.5412
77128,0.1367
77136,0.2486
77144,0.3138
77145,0.2255
77149,0.3017
77153,0.1162
77158,0.5504
77160,0.1804
77165,0.3558
77168,0.153
77172,0.4725
77174,0.3139
77183,0.2063
77185,0.5495
77200,0.2694
77205,0.2334
77208,0.1584
77238,0.3547
77239,0.5598
77240,0.4189
77241,0.178
77249,0.3906
77251,0.5587
77256,0.1602
77259,0.3888
77260,0.5398
77264,0.3423
77266,0.7327
77279,0.4385
77284,0.5135
77285,0.4185
77291,0.3812
77294,0.0792
77297,0.4929
77299,0.4013
77300,0.6939
77304,0.5982
77309,0.3502
77322,0.7113
77324,0.4003
77333,0.439
77337,0.4216
77338,0.29
77339,0.1343
77350,0.4168
77352,0.4449
77355,0.3904
77356,0.4674
77360,0.7014
77361,0.3084
77367,0.4498
77372,0.3384
77385,0.3488
77388,0.3921
77389,0.4655
77392,0.0865
77396,0.4662
77403,0.3592
77407,0.5443
77412,0.2929
77415,0.7891
77421,0.5233
77426,0.2075
77428,0.246
77434,0.5562
77436,0.3394
77442,0.3206
77448,0.6332
77452,0.4362
77460,0.6512
77463,0.5182
77475,0.4051
77477,0.4792
77478,0.6064
77488,0.2521
77492,0.2997
77494,0.3972
77500,0.1802
77505,0.4962
77518,0.3362
77522,0.34
77524,0.3884
77527,0.6623
77531,0.3353
77532,0.6636
77534,0.1564
77535,0.1353
77536,0.1746
77547,0.5768
77550,0.2743
77551,0.4301
77552,0.6462
77556,0.317
77560,0.2517
77561,0.2877
77564,0.2891
77565,0.5766
77566,0.7415
77568,0.437
77569,0.7151
77578,0.4526
77582,0.1429
77584,0.2274
77587,0.2368
77589,0.0946
77593,0.6167
77598,0.5969
77611,0.3222
77617,0.1942
77619,0.2206
77620,0.3049
77623,0.3223
77625,0.3756
77634,0.2456
77641,0.5822
77651,0.3245
77652,0.5948
77663,0.308
77675,0.4967
77676,0.6046
77677,0.4301
77686,0.479
77698,0.1377
77700,0.1467
77701,0.5618
77704,0.4567
77716,0.126
77722,0.6099
77726,0.6593
77727,0.1796
77730,0.3466
77731,0.6911
77734,0.2599
77737,0.4828
77743,0.4788
77745,0.6292
77750,0.4269
77756,0.2842
77761,0.5622
77769,0.2044
77770,0.5191
77772,0.4897
77780,0.5746
77781,0.5168
77784,0.4411
77789,0.6097
77792,0.6364
77794,0.4233
77803,0.7054
77807,0.1337
77809,0.6504
77819,0.555
77822,0.304
77830,0.2933
77834,0.6193
77836,0.5324
77843,0.1945
77852,0.6795
77853,0.2407
77854,0.5472
77856,0.294
77859,0.5914
77860,0.1971
77865,0.3332
77871,0.5487
77887,0.4498
77889,0.2842
77896,0.5672
77901,0.2832
77912,0.2008
77917,0.3623
77924,0.3604
77927,0.6614
77933,0.6577
77937,0.5936
77938,0.6529
77940,0.667
77943,0.3823
77952,0.6458
77960,0.3341
77965,0.6323
77975,0.3092
77980,0.2388
77981,0.4756
77984,0.4242
77986,0.1913
77987,0.2661
77989,0.6921
78001,0.3065
78005,0.3789
78020,0.2326
78021,0.6611
78022,0.3807
78024,0.5028
78025,0.367
78026,0.3416
78030,0.479
78033,0.5835
78038,0.3094
78040,0.6705
78048,0.5703
78050,0.5168
78058,0.4387
78060,0.7182
78062,0.5705
78063,0.2443
78065,0.4762
78066,0.5889
78076,0.6265
78079,0.1231
78081,0.7336
78087,0.2131
78089,0.5523
78098,0.3194
78111,0.6004
78113,0.405
78119,0.5252
78128,0.3828
78132,0.5092
78136,0.3122
78140,0.529
78151,0.5366
78155,0.4587
78167,0.7444
78180,0.2316
78185,0.3954
78192,0.652
78196,0.1975
78197,0.1622
78205,0.4226
78206,0.6923
78208,0.1547
78209,0.5804
78210,0.6134
78212,0.2904
78224,0.4596
78226,0.5265
78233,0.4245
78239,0.5616
78240,0.2949
78243,0.3059
78246,0.0587
78247,0.3134
78251,0.3377
78255,0.4446
78260,0.3937
78261,0.3238
78264,0.318
78265,0.6395
78269,0.555
78270,0.1858
78271,0.2872
78277,0.0947
78281,0.1557
78282,0.3909
78285,0.7848
78286,0.4969
78288,0.6259
78290,0.3216
78302,0.4527
78307,0.4767
78310,0.4406
78311,0.3599
78312,0.4428
78316,0.1961
78318,0.3215
78327,0.5982
78330,0.1849
78335,0.1609
78340,0.5549
78343,0.4891
78345,0.2398
78348,0.5202
78354,0.6581
78359,0.2879
78360,0.6472
78368,0.2091
78371,0.2964
78376,0.5766
78380,0.6176
78383,0.3947
78387,0.3003
78388,0.6046
78390,0.1711
78402,0.7111
78403,0.3464
78404,0.7566
78408,0.7365
78410,0.4857
78414,0.2599
78415,0.5681
78417,0.605
78424,0.2875
78425,0.7088
78426,0.6427
78429,0.4004
78434,0.482
78446,0.4696
78452,0.2073
78453,0.3006
78454,0.6424
78457,0.3444
78462,0.4053
78464,0.6507
78469,0.4564
78472,0.2421
78474,0.558
78499,0.1922
78500,0.6724
78518,0.2901
78524,0.4557
78533,0.319
78537,0.134
78540,0.0698
78545,0.1007
78549,0.4951
78552,0.4866
78557,0.3617
78563,0.664
78564,0.4213
78566,0.4822
78568,0.2357
78582,0.5358
78586,0.4387
78589,0.3932
78595,0.5398
78597,0.35
78599,0.3838
78602,0.4155
78605,0.0977
78613,0.467
78619,0.1602
78626,0.2542
78633,0.2853
78634,0.5811
78648,0.223
78655,0.0909
78670,0.3287
78682,0.7307
78688,0.2347
78690,0.0675
78710,0.1011
78715,0.4101
78722,0.6994
78723,0.5001
78728,0.6107
78730,0.6014
78731,0.5835
78732,0.3344
78733,0.3519
78739,0.3006
78745,0.1749
78749,0.5952
78752,0.3263
78754,0.6145
78756,0.4281
78760,0.5917
78763,0.5831
78766,0.5035
78767,0.4971
78768,0.6252
78777,0.4802
78778,0.5607
78788,0.6395
78790,0.2046
78796,0.6306
78805,0.2108
78809,0.488
78815,0.4527
78819,0.372
78821,0.1544
78822,0.721
78830,0.3031
78834,0.7552
78841,0.1126
78844,0.5666
78852,0.4643
78855,0.3791
78864,0.5
78886,0.3257
78888,0.4328
78891,0.6623
78896,0.3442
78908,0.5113
78910,0.5737
78911,0.3649
78912,0.5318
78914,0.3551
78918,0.3016
78921,0.2952
78936,0.5796
78937,0.6408
78938,0.4227
78956,0.2072
78958,0.3481
78960,0.3372
78969,0.6563
78973,0.2561
78975,0.6402
78976,0.7389
78977,0.3801
78979,0.4076
78997,0.6816
79003,0.3086
79017,0.3854
79019,0.7093
79025,0.3784
79034,0.4967
79037,0.0745
79042,0.5274
79044,0.7898
79048,0.4426
79060,0.3097
79067,0.5023
79072,0.5048
79076,0.5219
79079,0.625
79084,0.699
79093,0.5116
79098,0.6181
79122,0.6248
79131,0.349
79144,0.1973
79153,0.4222
79158,0.5562
79163,0.3871
79170,0.5949
79174,0.3177
79181,0.3491
79186,0.3281
79189,0.6956
79190,0.2508
79191,0.4253
79193,0.2706
79194,0.4377
79201,0.3199
79204,0.0655
79212,0.7125
79213,0.576
79223,0.5295
79233,0.4418
79241,0.3968
79245,0.3203
79250,0.4551
79254,0.596
79261,0.1042
79263,0.425
79266,0.7072
79267,0.1648
79271,0.4748
79272,0.4719
79275,0.4286
79284,0.0887
79294,0.2427
79296,0.2901
79301,0.2604
79305,0.668
79312,0.2822
79322,0.4129
79324,0.3295
79326,0.4022
79329,0.2914
79330,0.7102
79339,0.5168
79344,0.048
79352,0.5825
79354,0.6239
79356,0.6542
79361,0.1816
79364,0.2758
79369,0.4553
79370,0.6014
79373,0.5318
79374,0.5783
79378,0.5876
79385,0.4204
79388,0.2552
79394,0.2785
79395,0.6429
79404,0.5555
79406,0.6396
79409,0.6527
79413,0.4261
79422,0.504
79424,0.482
79426,0.6779
79427,0.4558
79431,0.5683
79455,0.6102
79456,0.3856
79460,0.6338
79461,0.5344
79465,0.6453
79472,0.2802
79474,0.5612
79490,0.4795
79494,0.0702
79496,0.0834
79508,0.5397
79516,0.6251
79519,0.3824
79525,0.2582
79533,0.3404
79536,0.3083
79550,0.2901
79554,0.4702
79567,0.2291
79582,0.297
79587,0.6345
79599,0.153
79607,0.3991
79608,0.3446
79611,0.558
79614,0.5811
79619,0.6462
79627,0.245
79631,0.4625
79634,0.2584
79635,0.2105
79636,0.5024
79647,0.5464
79651,0.4069
79654,0.3696
79656,0.2425
79660,0.0841
79666,0.5695
79671,0.4846
79672,0.2242
79677,0.4142
79678,0.4748
79679,0.5136
79690,0.5912
79692,0.6124
79693,0.3631
79695,0.5928
79698,0.6452
79708,0.7263
79710,0.2971
79712,0.6533
79713,0.7089
79726,0.7441
79728,0.1063
79733,0.4362
79737,0.2176
79749,0.4506
79752,0.2406
79765,0.3832
79772,0.5191
79778,0.6443
79779,0.2229
79780,0.2005
79787,0.4844
79791,0.478
79792,0.3574
79794,0.2826
79797,0.1267
79808,0.504
79824,0.2827
79834,0.464
79837,0.6824
79851,0.2445
79852,0.6491
79856,0.6589
79863,0.5018
79872,0.6655
79876,0.6254
79887,0.1251
79888,0.4432
79890,0.5798
79907,0.3766
79912,0.6135
79918,0.2015
79923,0.4303
79926,0.6967
79932,0.4478
79936,0.2884
79937,0.4846
79938,0.3438
79945,0.3943
79946,0.2784
79950,0.3974
79962,0.4047
79967,0.5523
79968,0.523
79969,0.1653
79970,0.743
79974,0.6608
79977,0.5329
79980,0.4173
79985,0.2591
79986,0.1142
79994,0.1081
80002,0.6693
80010,0.319
80036,0.4928
80038,0.3729
80040,0.5213
80047,0.3566
80050,0.2242
80058,0.2002
80068,0.3073
80072,0.5859
80074,0.1852
80081,0.529
80093,0.7189
80116,0.5521
80124,0.4483
80126,0.5285
80129,0.48
80138,0.236
80145,0.2819
80146,0.6355
80148,0.3955
80157,0.5777
80160,0.4701
80167,0.7051
80170,0.6502
80175,0.2033
80182,0.3841
80185,0.6027
80188,0.2911
80193,0.3999
80197,0.337
80198,0.5888
80200,0.3973
80207,0.0955
80209,0.5669
80214,0.3963
80236,0.4013
80243,0.2077
80249,0.4568
80254,0.3361
80270,0.639
80271,0.4064
80276,0.41
80277,0.4431
80279,0.6452
80282,0.593
80285,0.3176
80286,0.5249
80287,0.2799
80293,0.374
80294,0.5654
80308,0.4341
80313,0.1467
80326,0.5964
80332,0.6827
80345,0.5591
80346,0.4087
80351,0.2222
80357,0.3271
80359,0.5063
80360,0.1005
80369,0.6128
80371,0.5891
80373,0.3337
80377,0.3374
80378,0.2377
80381,0.3953
80392,0.529
80393,0.327
80399,0.3272
80402,0.3463
80403,0.7064
80404,0.4509
80407,0.1012
80409,0.2191
80414,0.2194
80417,0.3999
80421,0.4837
80426,0.6111
80433,0.6759
80434,0.393
80439,0.1649
80451,0.1111
80460,0.6655
80461,0.5144
80466,0.1688
80470,0.4606
80474,0.3519
80481,0.5558
80482,0.6851
80487,0.5515
80491,0.5902
80516,0.4298
80519,0.2775
80523,0.7924
80524,0.1828
80542,0.5465
80544,0.3509
80548,0.5069
80550,0.6396
80567,0.3176
80568,0.2545
80569,0.4284
80570,0.5262
80578,0.4158
80579,0.2437
80591,0.2437
80601,0.6585
80602,0.6064
80607,0.7261
80609,0.7481
80611,0.5092
80612,0.1342
80621,0.6163
80625,0.4364
80627,0.536
80634,0.5607
80635,0.4766
80646,0.5044
80649,0.4434
80655,0.3241
80658,0.2626
80665,0.292
80670,0.3129
80674,0.5263
80677,0.2908
80688,0.6754
80693,0.444
80699,0.4835
80702,0.3406
80717,0.5107
80727,0.5128
80728,0.3475
80737,0.4694
80745,0.3234
80747,0.3727
80748,0.6418
80754,0.5996
80759,0.6779
80769,0.5566
80777,0.3979
80779,0.5888
80781,0.0942
80783,0.2652
80788,0.6129
80795,0.3662
80801,0.2706
80802,0.7244
80806,0.555
80809,0.3287
80824,0.4523
80825,0.3232
80835,0.1509
80839,0.7506
80852,0.245
80858,0.1915
80859,0.682
80862,0.2694
80866,0.6803
80890,0.4814
80893,0.5267
80899,0.2057
80900,0.6691
80909,0.5452
80911,0.6588
80923,0.6218
80924,0.1678
80927,0.3601
80930,0.219
80938,0.5455
80941,0.4402
80951,0.4086
80955,0.4278
80968,0.0936
80971,0.3412
80972,0.693
80973,0.3683
80983,0.5996
80984,0.6271
80989,0.2594
80990,0.1738
80996,0.505
81004,0.5189
81017,0.2866
81029,0.3654
81034,0.338
81049,0.1762
81052,0.1655
81054,0.6627
81056,0.5585
81069,0.2093
81076,0.339
81078,0.474
81083,0.4229
81096,0.6224
81099,0.464
81107,0.1416
81108,0.4369
81109,0.6774
81129,0.5482
81130,0.5388
81131,0.2879
81137,0.5988
81141,0.7382
81142,0.1486
81151,0.2809
81155,0.3595
81157,0.6214
81160,0.7879
81167,0.6027
81168,0.4287
81169,0.1496
81179,0.6577
81180,0.5636
81187,0.464
81188,0.431
81195,0.392
81199,0.2577
81202,0.6845
81206,0.2597
81208,0.5641
81214,0.3703
81219,0.4953
81231,0.1572
81232,0.4965
81233,0.5904
81238,0.2776
81242,0.2939
81247,0.331
81252,0.4019
81256,0.5287
81266,0.2143
81278,0.2515
81284,0.4897
81288,0.2363
81293,0.4084
81294,0.4605
81306,0.2336
81307,0.3046
81309,0.4136
81315,0.3062
81318,0.2786
81325,0.466
81330,0.4316
81334,0.3629
81335,0.1625
81339,0.3118
81340,0.4112
81342,0.4062
81344,0.1983
81355,0.4618
81356,0.5796
81357,0.2524
81361,0.199
81368,0.0705
81369,0.4182
81372,0.6046
81375,0.3868
81376,0.3587
81378,0.08
81380,0.3715
81385,0.518
81387,0.6077
81391,0.5583
81399,0.4318
81401,0.4771
81406,0.4585
81407,0.1513
81424,0.6476
81436,0.2065
81449,0.5179
81450,0.312
81453,0.1039
81455,0.3839
81458,0.3871
81461,0.2473
81466,0.3754
81470,0.1823
81476,0.4228
81482,0.4047
81484,0.5923
81489,0.5279
81497,0.5529
81504,0.3226
81508,0.3008
81518,0.2969
81521,0.4156
81529,0.6764
81530,0.274
81536,0.7293
81537,0.3719
81542,0.4919
81544,0.406
81546,0.1865
81562,0.401
81570,0.5572
81571,0.159
81583,0.4073
81594,0.0911
81595,0.5247
81596,0.616
81598,0.624
81599,0.2692
81600,0.3764
81611,0.5746
81614,0.3121
81621,0.4728
81626,0.3724
81637,0.4848
81653,0.6132
81655,0.6944
81674,0.4934
81677,0.3171
81684,0.6273
81686,0.5284
81692,0.4333
81701,0.5499
81703,0.1797
81704,0.2074
81706,0.1417
81711,0.5072
81715,0.1756
81718,0.7349
81726,0.3968
81732,0.7386
81741,0.2998
81755,0.7229
81760,0.4957
81765,0.4928
81766,0.6594
81768,0.4758
81780,0.3503
81787,0.6503
81802,0.422
81803,0.4242
81806,0.0926
81812,0.4867
81813,0.5024
81820,0.5672
81826,0.3579
81830,0.2864
81831,0.3044
81836,0.5185
81839,0.2694
81852,0.612
81862,0.412
81865,0.1446
81871,0.5729
81872,0.0762
81873,0.5416
81875,0.2447
81876,0.6987
81879,0.632
81880,0.3005
81897,0.1448
81902,0.4866
81907,0.3426
81913,0.6121
81919,0.2905
81923,0.6581
81933,0.5819
81937,0.548
81942,0.479
81944,0.5119
81948,0.2648
81955,0.1417
81956,0.422
81962,0.3448
81966,0.3948
81975,0.2814
81992,0.2691
81995,0.3055
81996,0.4305
82001,0.4564
82006,0.4947
82009,0.1182
82011,0.6672
82014,0.4911
82018,0.7429
82026,0.529
82031,0.4411
82032,0.2809
82034,0.4351
82040,0.5406
82048,0.506
82050,0.4702
82055,0.2856
82060,0.3771
82066,0.5098
82067,0.4065
82070,0.2113
82075,0.5973
82079,0.5292
82082,0.2796
82084,0.1829
82086,0.4595
82089,0.3866
82090,0.35
82100,0.6511
82105,0.5139
82106,0.4596
82107,0.5243
82110,0.3066
82114,0.4329
82119,0.4632
82130,0.5423
82132,0.6289
82134,0.5615
82135,0.3137
82143,0.6971
82153,0.1126
82164,0.2019
82165,0.5266
82167,0.4722
82168,0.6306
82171,0.2607
82172,0.4482
82174,0.2847
82177,0.6299
82178,0.1052
82183,0.1385
82187,0.3956
82189,0.3405
82193,0.479
82211,0.6119
82215,0.4193
82230,0.3177
82239,0.2057
82241,0.1666
82245,0.4316
82246,0.1575
82250,0.3682
82267,0.3222
82272,0.4339
82275,0.2348
82280,0.6505
82284,0.7182
82288,0.4993
82293,0.353
82295,0.3681
82303,0.4694
82305,0.3869
82315,0.0938
82316,0.3459
82323,0.343
82327,0.4051
82328,0.0994
82334,0.3883
82336,0.6574
82338,0.4537
82339,0.746
82343,0.4085
82360,0.3483
82372,0.1738
82373,0.585
82381,0.1528
82382,0.7142
82385,0.1444
82393,0.1
82397,0.3581
82399,0.2606
82403,0.5425
82411,0.2053
82414,0.2164
82421,0.4715
82425,0.263
82426,0.4421
82428,0.5254
82432,0.3189
82435,0.1144
82442,0.3898
82446,0.3785
82449,0.4184
82456,0.482
82463,0.363
82476,0.725
82479,0.5529
82481,0.613
82483,0.3005
82486,0.1401
82488,0.2206
82492,0.3483
82498,0.6644
82500,0.464
82501,0.1675
82508,0.4995
82509,0.6665
82521,0.2716
82522,0.6916
82531,0.372
82532,0.1864
82537,0.4436
82538,0.5279
82539,0.5271
82541,0.3999
82543,0.5626
82544,0.3955
82547,0.5075
82550,0.1858
82567,0.3897
82569,0.1984
82571,0.4016
82572,0.6523
82576,0.3334
82578,0.3689
82584,0.5245
82589,0.3251
82590,0.2504
82593,0.296
82600,0.4589
82602,0.2596
82605,0.6062
82607,0.427
82609,0.1063
82612,0.3182
82625,0.0815
82629,0.6226
82632,0.6322
82639,0.2397
82641,0.7403
82651,0.5299
82653,0.4631
82659,0.3762
82668,0.2037
82675,0.4302
82676,0.6946
82678,0.3754
82679,0.7076
82687,0.4766
82696,0.3655
82698,0.6706
82714,0.5272
82719,0.4814
82725,0.4679
82729,0.4858
82731,0.3668
82733,0.5529
82735,0.2403
82740,0.4128
82742,0.1164
82743,0.1524
82753,0.6651
82757,0.569
82760,0.2542
82764,0.4297
82777,0.3975
82779,0.5749
82786,0.4139
82800,0.117
82801,0.7289
82813,0.6155
82815,0.3812
82821,0.4586
82827,0.4887
82828,0.6364
82830,0.4337
82834,0.2365
82835,0.3837
82841,0.3633
82842,0.5512
82850,0.4069
82852,0.4417
82860,0.6632
82868,0.0776
82876,0.2471
82878,0.526
82882,0.398
82888,0.5053
82899,0.4396
82912,0.1333
82915,0.6573
82922,0.2248
82923,0.536
82926,0.4436
82928,0.0533
82930,0.5488
82939,0.1243
82947,0.5176
82948,0.7013
82949,0.6337
82952,0.6793
82964,0.5033
82981,0.6377
82989,0.6306
82990,0.3504
82994,0.7439
83004,0.6114
83013,0.6476
83015,0.5142
83020,0.6849
83021,0.2768
83022,0.5412
83025,0.5035
83033,0.1742
83034,0.4521
83042,0.3724
83045,0.6931
83060,0.2074
83066,0.6825
83071,0.2128
83076,0.3474
83082,0.2394
83089,0.7406
83099,0.6221
83106,0.5754
83113,0.2936
83115,0.2137
83117,0.6193
83139,0.6036
83148,0.1387
83149,0.7842
83150,0.2991
83156,0.5808
83157,0.7579
83162,0.3884
83176,0.7369
83177,0.522
83179,0.4177
83184,0.417
83192,0.4679
83193,0.4312
83198,0.3227
83199,0.4127
83210,0.4055
83225,0.2783
83226,0.3192
83232,0.0903
83235,0.547
83242,0.4283
83243,0.1542
83247,0.3353
83253,0.5032
83254,0.4138
83259,0.5553
83266,0.3522
83270,0.2113
83283,0.244
83285,0.2363
83286,0.7676
83288,0.4799
83289,0.518
83292,0.3089
83293,0.2672
83300,0.2985
83308,0.5015
83311,0.4301
83316,0.1902
83317,0.5384
83322,0.0952
83327,0.5059
83334,0.6967
83342,0.2615
83343,0.1653
83356,0.7622
83358,0.5031
83360,0.418
83361,0.0651
83365,0.6007
83367,0.6062
83371,0.3939
83372,0.6319
83377,0.1968
83380,0.7306
83391,0.6064
83399,0.0765
83404,0.6926
83411,0.2324
83420,0.1357
83422,0.4068
83427,0.3114
83431,0.2272
83453,0.393
83459,0.4878
83460,0.7201
83463,0.085
83465,0.5688
83468,0.5916
83469,0.7362
83470,0.5127
83474,0.6451
83476,0.4672
83477,0.6363
83479,0.1706
83482,0.51
83490,0.2997
83502,0.3336
83511,0.6847
83515,0.3978
83516,0.6083
83522,0.4579
83525,0.345
83528,0.4153
83534,0.6299
83538,0.515
83551,0.3061
83553,0.6257
83554,0.5753
83563,0.2203
83564,0.6686
83568,0.4944
83577,0.4814
83579,0.6763
83580,0.5005
83582,0.4471
83584,0.617
83593,0.5615
83594,0.5525
83601,0.1532
83610,0.4524
83615,0.2112
83622,0.3106
83625,0.4058
83631,0.3648
83635,0.6099
83644,0.5187
83650,0.5453
83652,0.3709
83655,0.0821
83666,0.3375
83667,0.0903
83672,0.3169
83674,0.5668
83679,0.4113
83680,0.4491
83707,0.5706
83718,0.4209
83721,0.3737
83726,0.3823
83731,0.3788
83737,0.446
83741,0.6261
83756,0.2569
83757,0.4896
83758,0.566
83770,0.4236
83776,0.7327
83782,0.3294
83786,0.2673
83794,0.3485
83795,0.2992
83796,0.4619
83797,0.1049
83798,0.21
83806,0.7297
83811,0.6529
83823,0.3235
83831,0.1385
83839,0.5874
83841,0.4679
83843,0.0909
83847,0.5201
83868,0.1652
83888,0.524
83890,0.364
83892,0.2376
83909,0.1765
83920,0.342
83929,0.2001
83930,0.4699
83936,0.4889
83939,0.2124
83947,0.1307
83955,0.1011
83958,0.6468
83974,0.2529
83975,0.2786
83984,0.5317
83985,0.398
83988,0.1539
83999,0.469
84000,0.6079
84002,0.323
84007,0.2781
84009,0.7089
84011,0.3313
84014,0.318
84020,0.626
84025,0.4397
84027,0.4183
84028,0.2637
84031,0.1186
84034,0.378
84040,0.4476
84041,0.3172
84042,0.3159
84045,0.3929
84053,0.1963
84054,0.2105
84059,0.4565
84064,0.4244
84069,0.6537
84088,0.5121
84089,0.1514
84096,0.2869
84097,0.3869
84099,0.3782
84104,0.2752
84108,0.4141
84112,0.5329
84120,0.4073
84141,0.7803
84144,0.6633
84145,0.2948
84148,0.6376
84150,0.1478
84163,0.4412
84164,0.3169
84169,0.1497
84172,0.5853
84187,0.4174
84193,0.6945
84196,0.6787
84198,0.4402
84200,0.6319
84205,0.6148
84208,0.8072
84210,0.3844
84220,0.7525
84225,0.5156
84228,0.5762
84232,0.1581
84237,0.4881
84245,0.3951
84246,0.437
84251,0.4565
84255,0.6511
84263,0.5533
84266,0.5447
84271,0.3129
84286,0.6914
84288,0.4116
84301,0.1989
84304,0.2491
84306,0.2925
84317,0.2583
84318,0.4205
84323,0.5363
84324,0.2882
84326,0.5804
84327,0.4622
84330,0.1662
84337,0.5442
84341,0.4717
84347,0.3167
84351,0.3803
84352,0.1902
84363,0.5995
84370,0.6463
84391,0.5685
84393,0.514
84395,0.6523
84398,0.4395
84399,0.6379
84404,0.4472
84409,0.162
84417,0.3282
84421,0.7095
84428,0.7208
84429,0.5873
84434,0.1008
84438,0.4905
84440,0.1695
84443,0.2776
84448,0.1797
84452,0.6584
84454,0.4558
84455,0.2726
84456,0.4895
84457,0.0849
84460,0.5447
84467,0.2823
84482,0.6603
84487,0.5869
84491,0.5294
84495,0.5812
84502,0.4522
84506,0.4602
84507,0.6708
84511,0.6395
84520,0.3577
84522,0.5497
84527,0.5348
84528,0.4818
84531,0.3695
84543,0.1044
84546,0.186
84547,0.6674
84553,0.5465
84555,0.4892
84566,0.3882
84570,0.4932
84578,0.3343
84591,0.1282
84605,0.1132
84610,0.3097
84613,0.5845
84616,0.5256
84624,0.5326
84627,0.2451
84629,0.6161
84633,0.1092
84638,0.0673
84640,0.111
84650,0.266
84658,0.4663
84664,0.4989
84667,0.6014
84670,0.3222
84671,0.4599
84672,0.628
84678,0.2403
84683,0.3513
84685,0.4959
84691,0.7055
84694,0.2422
84702,0.7313
84703,0.5723
84710,0.6982
84720,0.596
84723,0.1888
84726,0.5067
84733,0.4246
84734,0.472
84737,0.3784
84741,0.1429
84745,0.3269
84752,0.3647
84754,0.6602
84761,0.6571
84763,0.2252
84766,0.3076
84770,0.0726
84771,0.6641
84779,0.3525
84781,0.7689
84782,0.4418
84785,0.3533
84808,0.5052
84815,0.2677
84817,0.5896
84820,0.3403
84823,0.6138
84828,0.5674
84829,0.7452
84831,0.2041
84835,0.5534
84842,0.6836
84849,0.7906
84855,0.2985
84856,0.4647
84858,0.303
84859,0.6362
84860,0.3013
84865,0.6714
84868,0.2482
84869,0.3439
84878,0.5643
84886,0.5586
84890,0.4092
84896,0.2297
84900,0.4685
84902,0.3294
84905,0.2734
84938,0.4012
84947,0.6587
84948,0.5962
84956,0.5674
84958,0.2565
84959,0.1502
84962,0.3035
84964,0.2617
84975,0.4309
84984,0.678
84987,0.7526
84992,0.5463
84997,0.4445
85004,0.1517
85015,0.618
85016,0.4319
85017,0.7662
85018,0.2661
85025,0.3115
85027,0.3825
85029,0.247
85035,0.7267
85037,0.361
85038,0.1522
85040,0.2956
85045,0.1557
85049,0.1654
85054,0.5242
85065,0.1476
85066,0.4267
85071,0.3602
85083,0.7765
85086,0.6254
85094,0.3751
85095,0.453
85096,0.4882
85105,0.5736
85113,0.3525
85117,0.1873
85119,0.1594
85127,0.2106
85129,0.732
85130,0.1268
85131,0.5331
85149,0.2549
85151,0.377
85152,0.7476
85156,0.2072
85165,0.4805
85167,0.3591
85176,0.3445
85181,0.3818
85185,0.6527
85189,0.3812
85192,0.7236
85193,0.0523
85194,0.3369
85199,0.4217
85206,0.5314
85207,0.1905
85208,0.2514
85215,0.4314
85218,0.7442
85222,0.7111
85225,0.3512
85227,0.4818
85228,0.2337
85231,0.4295
85240,0.5392
85245,0.2538
85246,0.4656
85249,0.6056
85262,0.4084
85266,0.4902
85277,0.0773
85289,0.4106
85294,0.167
85301,0.5214
85302,0.7071
85312,0.5508
85317,0.5139
85320,0.4739
85323,0.3304
85328,0.2633
85337,0.1501
85342,0.2476
85349,0.5355
85359,0.3667
85364,0.2842
85372,0.1157
85373,0.5094
85374,0.5557
85376,0.6503
85389,0.4637
85394,0.134
85395,0.4399
85402,0.315
85405,0.519
85413,0.3084
85417,0.5861
85439,0.5132
85441,0.0977
85454,0.5878
85456,0.1429
85461,0.3203
85478,0.2138
85481,0.2592
85485,0.6649
85486,0.4682
85488,0.4915
85489,0.774
85503,0.2807
85525,0.7145
85538,0.4461
85547,0.3897
85549,0.2146
85553,0.7113
85559,0.1319
85562,0.6614
85565,0.3472
85573,0.5409
85575,0.3174
85578,0.3026
85584,0.3477
85586,0.6796
85590,0.2327
85591,0.4992
85596,0.5824
85604,0.2833
85608,0.7681
85618,0.3355
85620,0.2471
85625,0.5251
85628,0.5778
85629,0.3388
85635,0.1561
85638,0.2563
85641,0.7046
85644,0.1957
85647,0.1863
85651,0.113
85654,0.541
85663,0.6467
85665,0.2882
85667,0.2702
85669,0.2886
85671,0.6762
85673,0.4231
85675,0.3445
85681,0.1661
85687,0.5634
85691,0.0915
85697,0.2537
85698,0.5053
85701,0.5665
85703,0.5489
85704,0.3213
85706,0.6077
85712,0.1612
85714,0.347
85715,0.6018
85716,0.2563
85717,0.4024
85718,0.4171
85720,0.294
85729,0.292
85752,0.2617
85756,0.3845
85757,0.5312
85765,0.6535
85768,0.5825
85775,0.0912
85792,0.1675
85793,0.0944
85798,0.2443
85800,0.5379
85803,0.3512
85807,0.2567
85809,0.5793
85816,0.4258
85819,0.5956
85820,0.3473
85824,0.6751
85825,0.414
85831,0.4508
85841,0.368
85847,0.5405
85861,0.527
85865,0.6374
85871,0.464
85876,0.2969
85880,0.6604
85885,0.6479
85896,0.2385
85904,0.4744
85909,0.488
85918,0.134
85919,0.38
85924,0.6233
85926,0.207
85929,0.5112
85934,0.2949
85936,0.6666
85937,0.5243
85944,0.3682
85946,0.1163
85953,0.519
85955,0.2601
85957,0.6985
85968,0.7106
85970,0.1041
85972,0.0777
85974,0.574
85977,0.4129
85983,0.2311
85990,0.2585
85991,0.3788
86002,0.1527
86011,0.3055
86012,0.5638
86021,0.3789
86026,0.2665
86029,0.5628
86037,0.4636
86052,0.5826
86055,0.5001
86056,0.4594
86061,0.3489
86064,0.5473
86069,0.2455
86075,0.5295
86084,0.3853
86113,0.4784
86119,0.3957
86122,0.2429
86132,0.8133
86136,0.5739
86137,0.0974
86140,0.5526
86142,0.5319
86144,0.3602
86147,0.5173
86151,0.0767
86152,0.2516
86160,0.4053
86166,0.5712
86177,0.355
86182,0.1949
86190,0.3078
86196,0.3066
86200,0.7342
86206,0.1392
86220,0.1611
86221,0.1284
86224,0.4212
86235,0.6384
86237,0.3767
86251,0.2093
86255,0.4003
86258,0.1274
86260,0.1842
86263,0.3441
86264,0.1249
86267,0.1921
86270,0.4673
86272,0.6907
86276,0.7282
86288,0.2105
86290,0.6283
86291,0.2009
86299,0.2519
86309,0.4296
86314,0.5202
86322,0.6519
86328,0.4045
86339,0.5748
86340,0.2156
86342,0.2472
86343,0.4733
86349,0.2345
86350,0.4033
86353,0.6055
86355,0.5193
86365,0.115
86369,0.5322
86389,0.2287
86390,0.5252
86394,0.1281
86401,0.453
86406,0.4365
86407,0.7056
86408,0.1504
86414,0.2512
86415,0.3617
86419,0.6704
86425,0.673
86431,0.327
86443,0.2404
86445,0.3921
86448,0.3058
86450,0.3591
86454,0.6423
86459,0.3885
86461,0.3017
86462,0.6969
86469,0.5693
86473,0.3833
86474,0.3118
86475,0.1287
86478,0.4919
86480,0.5629
86481,0.2471
86493,0.5814
86494,0.5665
86500,0.2842
86502,0.2298
86503,0.4376
86507,0.6996
86515,0.3811
86519,0.5377
86520,0.2225
86521,0.229
86522,0.5013
86527,0.2497
86535,0.4127
86536,0.4321
86537,0.4681
86540,0.3662
86543,0.6732
86547,0.433
86549,0.2941
86556,0.4393
86558,0.3926
86559,0.6747
86561,0.7329
86563,0.5507
86579,0.5476
86580,0.6824
86581,0.5022
86590,0.4235
86592,0.4734
86602,0.5528
86607,0.6421
86611,0.2433
86618,0.2728
86621,0.4533
86625,0.3337
86638,0.5143
86639,0.2452
86641,0.4576
86644,0.3008
86646,0.6704
86648,0.5504
86649,0.3758
86669,0.634
86673,0.4438
86696,0.5495
86702,0.5308
86708,0.6262
86714,0.2559
86716,0.1384
86717,0.1492
86723,0.4085
86729,0.0471
86730,0.487
86732,0.7005
86751,0.4846
86763,0.2307
86776,0.5732
86778,0.4512
86782,0.4947
86785,0.6027
86786,0.4095
86788,0.4074
86789,0.5505
86792,0.7698
86801,0.6005
86803,0.4836
86806,0.1211
86814,0.4051
86832,0.5567
86836,0.3322
86841,0.6717
86849,0.1438
86853,0.5599
86856,0.4459
86858,0.7359
86868,0.6636
86869,0.709
86870,0.4949
86871,0.2922
86873,0.3505
86880,0.6173
86882,0.1347
86893,0.6069
86894,0.6497
86896,0.5614
86899,0.7016
86903,0.3491
86905,0.5066
86908,0.1789
86912,0.2843
86917,0.4171
86923,0.707
86932,0.5018
86933,0.5405
86934,0.2545
86936,0.3952
86937,0.6834
86960,0.3825
86973,0.1421
86976,0.4353
86979,0.2719
86984,0.6543
86986,0.6833
86989,0.077
86992,0.4257
86993,0.3841
86999,0.431
87000,0.1121
87005,0.2736
87006,0.6282
87011,0.4558
87014,0.6717
87016,0.4186
87017,0.4024
87020,0.7084
87022,0.3358
87026,0.4351
87031,0.2181
87059,0.1146
87060,0.3164
87063,0.2566
87065,0.5819
87073,0.1942
87074,0.3463
87091,0.2984
87103,0.3668
87105,0.3225
87114,0.2606
87117,0.5508
87118,0.2147
87128,0.2419
87129,0.6223
87138,0.4899
87139,0.4632
87143,0.3096
87146,0.3432
87154,0.7511
87161,0.4833
87162,0.3283
87167,0.8362
87170,0.6469
87176,0.5325
87191,0.3824
87192,0.6474
87193,0.3874
87202,0.4719
87209,0.1389
87211,0.6504
87213,0.4999
87219,0.6509
87220,0.7366
87222,0.3368
87224,0.0962
87227,0.4684
87233,0.3955
87241,0.6429
87244,0.3275
87245,0.5084
87250,0.2813
87256,0.1578
87257,0.5534
87272,0.5556
87274,0.6275
87277,0.4538
87281,0.3856
87285,0.3279
87287,0.1649
87293,0.2852
87295,0.3492
87299,0.6102
87300,0.3733
87315,0.4275
87317,0.4353
87328,0.4339
87331,0.551
87335,0.4416
87338,0.2728
87340,0.5565
87341,0.2586
87347,0.2203
87353,0.4811
87354,0.1176
87355,0.3637
87362,0.2386
87377,0.2295
87380,0.2033
87390,0.1401
87391,0.5197
87400,0.4301
87407,0.243
87410,0.4972
87417,0.5179
87420,0.4547
87422,0.4881
87427,0.4459
87433,0.3519
87442,0.4504
87452,0.2713
87462,0.5804
87471,0.695
87479,0.3885
87481,0.1559
87485,0.7179
87491,0.7495
87494,0.3291
87517,0.206
87520,0.2674
87525,0.1978
87532,0.3619
87536,0.3021
87537,0.6372
87538,0.3372
87542,0.3295
87544,0.178
87549,0.2847
87554,0.3068
87556,0.1073
87558,0.4304
87562,0.5525
87564,0.34
87574,0.541
87577,0.6024
87582,0.5313
87583,0.3724
87587,0.1824
87589,0.6884
87591,0.6671
87592,0.1559
87594,0.1596
87598,0.4377
87601,0.3001
87602,0.515
87605,0.5058
87607,0.3942
87608,0.588
87613,0.6327
87617,0.1584
87618,0.2516
87619,0.4715
87623,0.3938
87625,0.4925
87627,0.4758
87634,0.3051
87642,0.3466
87643,0.6104
87646,0.4195
87647,0.1635
87650,0.394
87655,0.6137
87658,0.2859
87660,0.3292
87665,0.6364
87672,0.7465
87673,0.4626
87675,0.3739
87684,0.3985
87692,0.4707
87698,0.2862
87699,0.572
87702,0.1009
87716,0.2247
87726,0.5979
87730,0.1181
87745,0.1405
87746,0.4766
87747,0.7223
87750,0.5501
87751,0.5439
87761,0.0809
87762,0.2272
87763,0.2183
87767,0.5651
87769,0.3369
87772,0.5221
87773,0.3102
87775,0.5907
87797,0.4415
87808,0.4234
87810,0.4428
87815,0.1028
87819,0.3601
87827,0.3363
87834,0.2491
87841,0.6403
87843,0.2302
87860,0.1303
87865,0.4972
87872,0.3673
87887,0.4292
87894,0.2819
87907,0.3818
87911,0.4495
87934,0.4017
87940,0.5476
87942,0.3239
87950,0.6715
87958,0.1139
87960,0.3991
87969,0.6485
87972,0.2852
87984,0.3542
87985,0.6491
87986,0.1606
87989,0.5131
87990,0.2302
87994,0.6359
87999,0.2472
88002,0.3112
88009,0.6139
88033,0.6732
88044,0.481
88052,0.2064
88062,0.424
88063,0.6061
88072,0.3665
88085,0.5508
88086,0.2253
88097,0.6312
88103,0.2009
88104,0.5414
88111,0.368
88114,0.667
88124,0.2277
88130,0.2885
88137,0.6048
88138,0.2724
88149,0.2167
88154,0.6101
88157,0.3429
88162,0.3994
88163,0.2634
88164,0.5462
88168,0.3424
88173,0.4207
88178,0.4384
88179,0.3194
88186,0.4787
88189,0.5879
88194,0.5643
88198,0.3316
88201,0.2456
88204,0.2779
88208,0.2525
88209,0.1824
88213,0.4987
88223,0.2049
88224,0.5644
88229,0.4507
88236,0.6209
88238,0.4412
88241,0.4242
88243,0.2029
88246,0.2765
88248,0.6597
88254,0.4849
88256,0.4304
88257,0.2073
88259,0.2887
88269,0.6207
88274,0.5703
88275,0.6548
88279,0.581
88282,0.4388
88292,0.4109
88293,0.2891
88295,0.7191
88296,0.0677
88299,0.3837
88304,0.5964
88307,0.3517
88314,0.4392
88315,0.2145
88318,0.3709
88331,0.3264
88335,0.3242
88339,0.6703
88348,0.1791
88350,0.3508
88371,0.6345
88374,0.5853
88375,0.618
88379,0.5309
88383,0.7054
88384,0.2944
88386,0.1911
88390,0.5196
88391,0.1238
88395,0.4602
88396,0.3342
88397,0.4709
88406,0.5843
88411,0.6879
88413,0.3923
88430,0.224
88435,0.3428
88437,0.4102
88444,0.1367
88451,0.0991
88459,0.5674
88460,0.4663
88467,0.4508
88485,0.7715
88487,0.4495
88500,0.3349
88505,0.3896
88506,0.3818
88513,0.5508
88520,0.4326
88527,0.488
88528,0.1192
88546,0.6792
88552,0.0839
88564,0.352
88567,0.4333
88569,0.212
88572,0.4419
88575,0.6858
88579,0.2673
88585,0.334
88591,0.5329
88595,0.2244
88596,0.4831
88599,0.3208
88605,0.5362
88608,0.7933
88611,0.5359
88617,0.3892
88619,0.3098
88622,0.6384
88628,0.3643
88630,0.1477
88633,0.457
88634,0.7479
88640,0.5634
88643,0.587
88645,0.2885
88650,0.2078
88655,0.7955
88656,0.305
88661,0.2594
88662,0.5343
88663,0.234
88665,0.3649
88666,0.4693
88698,0.619
88700,0.2679
88704,0.5278
88705,0.3222
88710,0.5139
88717,0.6688
88718,0.2553
88723,0.221
88727,0.6614
88728,0.6062
88730,0.4339
88731,0.0873
88732,0.612
88737,0.1357
88739,0.508
88745,0.2465
88746,0.6521
88757,0.2662
88766,0.3048
88768,0.4841
88769,0.3184
88772,0.3404
88773,0.4235
88776,0.5905
88783,0.5437
88784,0.5012
88788,0.4308
88791,0.3803
88792,0.5236
88795,0.1972
88797,0.2269
88798,0.3116
88802,0.5815
88809,0.4727
88838,0.5063
88844,0.3409
88857,0.3974
88858,0.5956
88869,0.2314
88879,0.3788
88886,0.4413
88892,0.4297
88895,0.6341
88899,0.2554
88903,0.3092
88904,0.5925
88910,0.3413
88914,0.3862
88928,0.1369
88930,0.6335
88934,0.2059
88936,0.2904
88939,0.4183
88953,0.5229
88958,0.4129
88965,0.5515
88967,0.4883
88969,0.2934
88985,0.2526
88996,0.3845
89009,0.5568
89023,0.4083
89026,0.6992
89035,0.1024
89038,0.2535
89040,0.5449
89045,0.5099
89055,0.2658
89056,0.4231
89066,0.6005
89068,0.7215
89069,0.3798
89071,0.5241
89073,0.5098
89076,0.5299
89084,0.1415
89092,0.6584
89096,0.46
89098,0.2307
89108,0.2682
89112,0.6509
89113,0.2964
89123,0.6446
89129,0.4338
89136,0.3318
89145,0.3754
89168,0.3243
89169,0.2675
89174,0.0718
89184,0.3874
89188,0.6141
89194,0.2149
89197,0.1504
89199,0.1814
89204,0.6817
89210,0.2216
89213,0.2186
89214,0.5657
89220,0.6093
89229,0.1323
89239,0.1285
89241,0.2849
89263,0.1644
89268,0.6633
89271,0.6823
89274,0.5827
89278,0.2185
89288,0.4918
89290,0.4574
89297,0.2928
89298,0.5174
89300,0.4587
89302,0.7453
89307,0.4942
89311,0.7414
89320,0.3535
89321,0.1419
89325,0.0962
89345,0.554
89350,0.5377
89351,0.6608
89355,0.4725
89360,0.211
89362,0.3507
89376,0.4749
89380,0.1958
89389,0.0935
89390,0.0551
89397,0.3198
89402,0.3827
89405,0.383
89416,0.1171
89418,0.3831
89423,0.259
89424,0.2554
89426,0.3586
89428,0.266
89430,0.7446
89433,0.6695
89437,0.328
89438,0.2494
89439,0.4559
89444,0.5449
89451,0.0975
89453,0.4806
89464,0.2078
89471,0.3184
89474,0.4372
89479,0.295
89481,0.744
89482,0.5675
89486,0.3691
89488,0.6165
89494,0.3403
89503,0.5473
89506,0.5854
89508,0.1183
89509,0.236
89513,0.3316
89517,0.2226
89519,0.4685
89520,0.4268
89528,0.5031
89531,0.4425
89534,0.1777
89535,0.6031
89536,0.2677
89539,0.5892
89544,0.3526
89553,0.0764
89556,0.6604
89561,0.4546
89573,0.4026
89575,0.2479
89598,0.2085
89600,0.4401
89603,0.4581
89608,0.3024
89612,0.2406
89615,0.2764
89625,0.4767
89626,0.2494
89634,0.4044
89635,0.1827
89636,0.4752
89637,0.263
89639,0.7036
89641,0.6169
89644,0.1951
89646,0.7762
89648,0.6356
89653,0.5749
89654,0.6035
89656,0.5899
89668,0.5496
89669,0.3568
89670,0.7243
89672,0.5378
89673,0.5412
89678,0.6109
89680,0.5549
89683,0.3455
89702,0.1136
89703,0.3007
89704,0.6705
89705,0.7287
89707,0.6089
89715,0.1192
89717,0.2539
89723,0.434
89727,0.3033
89730,0.6465
89732,0.1308
89734,0.5039
89736,0.319
89748,0.5196
89759,0.7692
89760,0.616
89761,0.5992
89771,0.324
89772,0.0899
89774,0.1068
89790,0.3722
89799,0.4393
89805,0.5933
89809,0.7403
89814,0.529
89818,0.2702
89819,0.2071
89824,0.1702
89833,0.6793
89835,0.3183
89837,0.6607
89841,0.5165
89844,0.5536
89851,0.3855
89852,0.4594
89856,0.4455
89867,0.1791
89875,0.4955
89879,0.3049
89894,0.5419
89923,0.3053
89927,0.1438
89932,0.0561
89954,0.6709
89957,0.2608
89960,0.0914
89968,0.0665
89969,0.5447
89972,0.4905
89976,0.7163
89977,0.4287
89987,0.7041
89994,0.2884
90004,0.3274
90006,0.2978
90011,0.4693
90013,0.6173
90021,0.507
90024,0.3301
90031,0.4885
90032,0.4329
90048,0.2422
90049,0.2903
90052,0.1688
90057,0.5549
90058,0.4861
90059,0.2685
90062,0.6179
90066,0.2766
90075,0.5922
90076,0.3941
90080,0.2618
90082,0.3367
90085,0.2381
90090,0.3967
90096,0.2473
90103,0.5435
90122,0.1532
90125,0.6482
90128,0.5644
90146,0.222
90154,0.3218
90164,0.0813
90169,0.2213
90175,0.5156
90178,0.0752
90185,0.6306
90186,0.4523
90189,0.363
90195,0.6094
90206,0.5959
90225,0.2032
90226,0.4205
90227,0.36
90239,0.5778
90242,0.6045
90244,0.5131
90246,0.5346
90253,0.5397
90264,0.1607
90271,0.6323
90282,0.5789
90288,0.1482
90290,0.2895
90291,0.5079
90293,0.6246
90294,0.2398
90296,0.3229
90299,0.5624
90303,0.2562
90308,0.2372
90310,0.4633
90312,0.2329
90313,0.2479
90317,0.4313
90324,0.6717
90325,0.334
90336,0.3829
90338,0.0843
90345,0.3875
90347,0.2192
90348,0.6523
90352,0.3726
90355,0.3004
90357,0.548
90361,0.7124
90362,0.3723
90363,0.4205
90368,0.2673
90370,0.3868
90374,0.3672
90375,0.6079
90376,0.1948
90379,0.6
90390,0.4671
90392,0.7552
90396,0.3108
90399,0.5002
90400,0.6212
90412,0.2138
90420,0.1113
90424,0.3232
90425,0.3382
90426,0.4024
90452,0.3073
90456,0.6952
90458,0.275
90460,0.429
90461,0.3922
90464,0.4087
90469,0.6324
90471,0.3349
90478,0.2892
90483,0.3807
90486,0.5513
90498,0.3485
90500,0.2849
90509,0.5704
90512,0.3673
90526,0.3963
90536,0.6851
90542,0.2178
90556,0.3242
90558,0.1881
90560,0.3739
90566,0.6171
90573,0.5481
90576,0.237
90582,0.0864
90596,0.2318
90600,0.3115
90608,0.2484
90609,0.6672
90615,0.5077
90617,0.3949
90621,0.2871
90622,0.3994
90631,0.4149
90639,0.6814
90651,0.445
90653,0.4119
90658,0.4041
90662,0.2812
90666,0.1999
90713,0.3888
90716,0.2496
90717,0.2539
90718,0.3973
90723,0.4517
90730,0.4131
90739,0.2119
90740,0.6992
90743,0.2486
90745,0.4131
90750,0.383
90758,0.311
90763,0.3448
90767,0.35
90774,0.1589
90790,0.1666
90791,0.4198
90795,0.1469
90796,0.6078
90805,0.6301
90811,0.3378
90812,0.6941
90813,0.369
90833,0.5044
90852,0.1972
90854,0.7211
90871,0.6136
90874,0.4692
90881,0.3528
90891,0.2365
90893,0.1547
90898,0.33
90900,0.423
90911,0.5478
90915,0.4363
90920,0.5762
90921,0.6864
90923,0.5848
90924,0.746
90925,0.2327
90933,0.4774
90934,0.6207
90936,0.3075
90943,0.3783
90948,0.3892
90954,0.09
90956,0.5219
90967,0.5948
90971,0.4277
90973,0.3192
90977,0.4379
90982,0.4152
90983,0.4556
90993,0.4894
91001,0.4399
91005,0.2689
91008,0.3462
91012,0.2158
91016,0.6413
91018,0.7424
91021,0.5446
91031,0.2905
91041,0.4064
91044,0.2587
91048,0.5152
91067,0.5344
91071,0.435
91078,0.3819
91083,0.2766
91085,0.5097
91093,0.1659
91103,0.547
91104,0.5682
91105,0.4728
91108,0.4317
91109,0.6196
91110,0.606
91111,0.2341
91117,0.1174
91118,0.4132
91119,0.3892
91120,0.4733
91123,0.4537
91139,0.2708
91143,0.3876
91144,0.4011
91145,0.622
91147,0.2501
91159,0.5994
91160,0.2281
91164,0.4413
91165,0.6734
91169,0.4621
91181,0.4155
91184,0.2189
91194,0.5617
91198,0.2701
91199,0.4222
91208,0.5896
91210,0.4046
91216,0.6318
91220,0.2335
91235,0.3088
91236,0.3079
91256,0.1322
91267,0.4498
91273,0.4797
91274,0.2874
91286,0.3296
91292,0.505
91296,0.6425
91299,0.5158
91303,0.255
91319,0.3036
91322,0.3183
91334,0.3674
91336,0.279
91338,0.4689
91343,0.2857
91355,0.6511
91363,0.2504
91364,0.2598
91372,0.6031
91373,0.3001
91379,0.4116
91383,0.5111
91386,0.1188
91387,0.1039
91389,0.313
91405,0.3784
91407,0.2222
91413,0.7032
91417,0.5624
91419,0.3901
91423,0.4343
91442,0.6987
91449,0.6819
91450,0.316
91457,0.7549
91462,0.6407
91473,0.5549
91474,0.6922
91481,0.7337
91498,0.3856
91501,0.2823
91502,0.7087
91506,0.3649
91516,0.565
91521,0.406
91529,0.1982
91530,0.802
91538,0.4913
91539,0.5575
91540,0.4763
91542,0.6227
91549,0.5131
91553,0.4121
91555,0.5836
91559,0.7323
91567,0.4922
91571,0.6391
91580,0.2614
91581,0.2709
91582,0.3606
91590,0.5859
91591,0.226
91592,0.5221
91594,0.0819
91607,0.4242
91609,0.5351
91610,0.1967
91613,0.5653
91629,0.3343
91630,0.2277
91636,0.4369
91641,0.3108
91645,0.4107
91646,0.2672
91647,0.2217
91649,0.5719
91652,0.3595
91654,0.5696
91657,0.5523
91658,0.2566
91662,0.6271
91666,0.6189
91677,0.6244
91680,0.1181
91684,0.3463
91692,0.4326
91694,0.1893
91704,0.4956
91713,0.3361
91716,0.5469
91719,0.3259
91725,0.3566
91730,0.4523
91734,0.4173
91739,0.1577
91740,0.4287
91742,0.2969
91745,0.3047
91749,0.7116
91755,0.4289
91759,0.5878
91761,0.493
91768,0.597
91771,0.3774
91774,0.0951
91777,0.2385
91779,0.4684
91782,0.3283
91796,0.5332
91798,0.2836
91805,0.6342
91806,0.4393
91808,0.3216
91814,0.192
91815,0.2315
91816,0.4949
91819,0.2164
91820,0.4694
91821,0.6136
91837,0.3919
91839,0.1674
91845,0.5592
91852,0.5149
91866,0.6127
91867,0.7245
91873,0.2668
91874,0.4678
91877,0.6563
91881,0.3596
91882,0.5388
91890,0.4925
91900,0.2744
91903,0.606
91905,0.2572
91920,0.2686
91930,0.0784
91934,0.6816
91938,0.236
91941,0.3523
91951,0.4231
91953,0.7616
91956,0.264
91963,0.2692
91971,0.6782
91975,0.2723
91986,0.1812
91988,0.3704
91989,0.4465
91991,0.6089
92011,0.4576
92012,0.2835
92014,0.5084
92017,0.0809
92019,0.5793
92033,0.3476
92034,0.737
92035,0.7354
92036,0.2206
92038,0.643
92043,0.2936
92045,0.254
92056,0.2165
92057,0.4919
92065,0.1356
92068,0.1839
92071,0.363
92077,0.2853
92079,0.1079
92083,0.2021
92095,0.1169
92098,0.0713
92104,0.4158
92106,0.4421
92109,0.2697
92118,0.5184
92128,0.1695
92136,0.2052
92137,0.4203
92143,0.5184
92161,0.4463
92162,0.1587
92167,0.2275
92175,0.7116
92177,0.3154
92178,0.7401
92182,0.6619
92185,0.6654
92189,0.5306
92193,0.4145
92197,0.5461
92205,0.1335
92206,0.4264
92207,0.5772
92214,0.582
92218,0.2769
92220,0.3279
92231,0.5262
92233,0.4895
92237,0.2594
92242,0.6066
92245,0.7176
92251,0.6716
92256,0.3942
92261,0.5173
92270,0.6238
92285,0.355
92293,0.7297
92296,0.7192
92298,0.5374
92299,0.6006
92303,0.4776
92316,0.3915
92320,0.3829
92325,0.3953
92326,0.3072
92344,0.398
92351,0.2841
92352,0.3822
92360,0.4289
92363,0.7048
92374,0.2681
92378,0.4761
92386,0.4916
92399,0.3212
92401,0.3834
92405,0.3785
92406,0.5005
92409,0.3607
92410,0.1545
92414,0.5673
92416,0.6555
92425,0.4227
92426,0.7217
92435,0.064
92436,0.5234
92437,0.1482
92438,0.4657
92443,0.4598
92446,0.5558
92448,0.2165
92449,0.4985
92454,0.0965
92457,0.6313
92458,0.5624
92466,0.3645
92469,0.4113
92473,0.2015
92476,0.6883
92478,0.297
92484,0.7504
92486,0.4086
92492,0.2964
92495,0.1457
92498,0.5942
92505,0.6835
92506,0.425
92507,0.4405
92508,0.3141
92511,0.4227
92525,0.3783
92527,0.5997
92528,0.432
92537,0.1605
92539,0.5473
92559,0.5943
92568,0.5027
92570,0.6453
92573,0.4114
92582,0.3422
92584,0.3909
92591,0.5007
92597,0.0811
92605,0.6371
92607,0.5159
92611,0.0963
92632,0.571
92637,0.4989
92642,0.3023
92645,0.3594
92661,0.1508
92663,0.114
92672,0.2228
92676,0.5623
92677,0.4465
92683,0.3855
92686,0.4075
92689,0.3904
92691,0.3447
92692,0.382
92695,0.5237
92696,0.4106
92697,0.673
92698,0.4329
92700,0.5598
92703,0.3513
92713,0.3601
92714,0.5345
92715,0.3977
92716,0.1825
92733,0.6421
92766,0.7374
92768,0.2509
92771,0.5947
92776,0.4373
92794,0.3743
92795,0.3546
92800,0.2468
92812,0.2065
92814,0.2503
92816,0.596
92822,0.362
92827,0.2099
92840,0.2466
92848,0.6973
92849,0.5058
92850,0.1223
92861,0.5588
92863,0.3038
92867,0.4671
92907,0.2941
92910,0.5633
92911,0.6455
92913,0.5847
92917,0.6039
92919,0.3291
92920,0.2669
92925,0.6126
92932,0.3637
92937,0.5507
92949,0.7006
92957,0.2138
92958,0.4807
92960,0.3574
92965,0.568
92970,0.2825
92977,0.5964
92979,0.4649
92984,0.2885
92985,0.4888
92992,0.3296
92998,0.1097
93002,0.299
93012,0.5198
93019,0.485
93024,0.2109
93029,0.54
93032,0.3186
93035,0.3025
93036,0.6855
93053,0.4718
93057,0.2277
93058,0.1749
93071,0.5547
93075,0.1259
93083,0.6493
93088,0.5239
93093,0.1315
93107,0.2655
93113,0.6051
93126,0.2076
93127,0.5124
93128,0.5343
93129,0.555
93130,0.1785
93132,0.254
93141,0.4807
93145,0.5426
93154,0.4038
93161,0.7078
93163,0.4968
93170,0.336
93174,0.6088
93190,0.1756
93191,0.701
93198,0.3534
93199,0.508
93200,0.6677
93213,0.442
93220,0.4776
93224,0.4098
93228,0.3564
93235,0.1315
93246,0.6891
93250,0.2424
93251,0.5246
93252,0.4567
93273,0.6355
93277,0.212
93284,0.5969
93289,0.6288
93291,0.4292
93293,0.2192
93295,0.3154
93297,0.3792
93302,0.1439
93303,0.4756
93308,0.2637
93310,0.4448
93320,0.6781
93333,0.6035
93343,0.6838
93345,0.4635
93347,0.4964
93360,0.5372
93364,0.1604
93372,0.5513
93374,0.484
93379,0.4895
93388,0.0689
93389,0.4995
93391,0.2589
93402,0.1884
93404,0.4297
93407,0.2608
93416,0.5243
93417,0.4805
93418,0.1647
93426,0.1867
93429,0.7001
93433,0.3518
93440,0.5228
93441,0.2812
93453,0.577
93458,0.2672
93462,0.374
93464,0.3783
93473,0.2884
93475,0.3157
93482,0.3404
93485,0.4634
93488,0.3476
93493,0.4817
93496,0.2774
93505,0.2366
93518,0.6081
93521,0.3273
93524,0.4333
93526,0.1558
93530,0.548
93540,0.4103
93559,0.2833
93562,0.7347
93564,0.1992
93567,0.4844
93576,0.6217
93589,0.1457
93590,0.6385
93595,0.5031
93613,0.2998
93617,0.3107
93628,0.5088
93633,0.4456
93638,0.4506
93643,0.124
93650,0.5346
93652,0.1731
93659,0.4493
93663,0.442
93673,0.4206
93678,0.5633
93681,0.395
93682,0.6051
93687,0.3505
93688,0.5875
93718,0.4893
93720,0.6504
93721,0.3643
93729,0.3236
93754,0.5708
93764,0.3628
93768,0.2725
93779,0.5285
93782,0.507
93785,0.6312
93794,0.4086
93799,0.5396
93800,0.5803
93804,0.2402
93806,0.2243
93810,0.1902
93812,0.62
93815,0.3626
93825,0.1605
93828,0.2703
93830,0.1066
93832,0.483
93859,0.3301
93860,0.3959
93866,0.5464
93874,0.3042
93880,0.4529
93889,0.5941
93892,0.4653
93893,0.4775
93894,0.4054
93902,0.3078
93904,0.6338
93913,0.2275
93914,0.5254
93921,0.5312
93942,0.6088
93947,0.3843
93955,0.4891
93957,0.6456
93963,0.4866
93965,0.1502
93976,0.4085
93981,0.6388
93983,0.1448
93984,0.0848
93986,0.2489
93994,0.5867
93996,0.3379
94003,0.3867
94022,0.3472
94024,0.4754
94025,0.1213
94030,0.7218
94034,0.3727
94049,0.5896
94060,0.3956
94062,0.7235
94066,0.4441
94068,0.0728
94069,0.282
94072,0.6471
94079,0.1596
94087,0.3194
94096,0.6876
94100,0.5923
94103,0.3936
94118,0.0691
94122,0.3208
94126,0.1114
94132,0.1837
94133,0.2343
94138,0.4489
94142,0.5409
94146,0.3915
94153,0.3196
94203,0.3935
94206,0.6218
94207,0.4515
94208,0.6723
94219,0.1825
94222,0.2103
94224,0.3088
94225,0.318
94226,0.4403
94232,0.217
94237,0.6954
94239,0.5965
94241,0.5586
94244,0.3095
94245,0.2946
94246,0.2209
94251,0.3063
94254,0.5544
94272,0.3814
94275,0.4707
94279,0.4714
94289,0.3172
94307,0.1719
94318,0.1295
94324,0.3457
94325,0.5257
94327,0.5519
94331,0.4399
94333,0.4526
94335,0.2363
94339,0.5014
94346,0.2458
94356,0.1669
94357,0.4
94372,0.2829
94373,0.5845
94375,0.3348
94386,0.169
94388,0.5817
94396,0.3228
94399,0.5672
94402,0.3523
94408,0.6312
94409,0.2241
94416,0.5793
94423,0.5085
94424,0.6431
94426,0.1204
94427,0.6233
94428,0.402
94429,0.2632
94437,0.1764
94440,0.6254
94452,0.5564
94454,0.4503
94457,0.5174
94460,0.4123
94464,0.1925
94465,0.5742
94469,0.6388
94475,0.6015
94478,0.2932
94479,0.1154
94483,0.4478
94489,0.2904
94490,0.4516
94491,0.303
94497,0.3487
94501,0.6309
94504,0.5859
94510,0.3946
94511,0.1518
94519,0.1599
94523,0.5458
94527,0.7395
94530,0.0915
94531,0.3116
94535,0.3613
94537,0.6636
94545,0.6776
94546,0.468
94547,0.448
94548,0.2277
94551,0.4557
94556,0.1215
94561,0.3046
94564,0.4378
94565,0.3794
94568,0.5532
94571,0.4029
94577,0.5166
94579,0.8539
94582,0.3916
94584,0.6789
94586,0.6843
94589,0.2407
94591,0.2984
94594,0.7226
94596,0.5784
94597,0.4131
94598,0.68
94604,0.1199
94605,0.477
94609,0.2215
94614,0.4345
94620,0.402
94622,0.28
94623,0.601
94629,0.506
94631,0.0759
94633,0.3723
94637,0.409
94641,0.5325
94649,0.5787
94652,0.2645
94656,0.4382
94660,0.2727
94665,0.2883
94667,0.299
94668,0.6189
94683,0.5857
94690,0.2581
94693,0.2168
94716,0.689
94720,0.6802
94723,0.4819
94727,0.382
94732,0.5534
94737,0.4331
94738,0.4363
94740,0.351
94742,0.7895
94746,0.6271
94748,0.5228
94757,0.596
94761,0.6837
94767,0.1765
94774,0.3014
94775,0.3503
94776,0.3094
94778,0.4792
94783,0.23
94785,0.2655
94787,0.6773
94792,0.1503
94798,0.3757
94803,0.5926
94806,0.3143
94810,0.2464
94814,0.2574
94815,0.2687
94822,0.6661
94825,0.209
94827,0.4806
94833,0.2543
94835,0.3312
94841,0.4788
94842,0.5087
94849,0.5763
94855,0.292
94862,0.2107
94863,0.4379
94867,0.5601
94875,0.113
94876,0.4584
94878,0.5864
94880,0.1686
94882,0.4189
94886,0.4086
94889,0.393
94893,0.3666
94897,0.1491
94904,0.5227
94909,0.192
94916,0.1552
94920,0.439
94921,0.6405
94924,0.228
94925,0.6532
94926,0.1884
94927,0.6365
94930,0.499
94938,0.0981
94944,0.6513
94947,0.6426
94960,0.1858
94963,0.401
94969,0.5266
94986,0.5713
94987,0.49
94988,0.1638
94990,0.4287
95000,0.2611
95014,0.2514
95015,0.5763
95018,0.2456
95027,0.3902
95028,0.5276
95038,0.4143
95044,0.4762
95045,0.6325
95052,0.7467
95055,0.2271
95056,0.644
95058,0.5653
95069,0.3745
95070,0.3948
95075,0.2738
95081,0.3175
95085,0.7419
95096,0.5069
95097,0.3335
95098,0.3114
95099,0.3983
95102,0.2958
95104,0.4989
95110,0.5254
95111,0.2699
95112,0.4654
95117,0.2335
95118,0.4788
95131,0.4192
95145,0.1026
95151,0.3453
95152,0.2467
95156,0.3438
95161,0.134
95164,0.5027
95171,0.4291
95172,0.1683
95173,0.4498
95174,0.4377
95175,0.5726
95193,0.1355
95219,0.427
95235,0.4089
95249,0.65
95250,0.8243
95254,0.6274
95256,0.2184
95257,0.3435
95258,0.4813
95260,0.4951
95266,0.7919
95277,0.3435
95278,0.664
95282,0.5701
95287,0.3014
95295,0.617
95298,0.6484
95300,0.6071
95309,0.6535
95311,0.4557
95315,0.4705
95320,0.3388
95323,0.4242
95324,0.1129
95331,0.4323
95336,0.2061
95348,0.3471
95362,0.476
95364,0.3637
95365,0.2221
95373,0.3037
95387,0.4223
95392,0.5152
95393,0.5263
95398,0.4472
95399,0.3311
95405,0.3751
95410,0.2079
95414,0.606
95417,0.2311
95419,0.2994
95423,0.6834
95424,0.6617
95429,0.772
95434,0.4103
95437,0.4439
95440,0.2857
95449,0.2383
95452,0.5167
95459,0.7182
95463,0.6306
95466,0.0685
95467,0.2299
95472,0.3626
95473,0.2263
95474,0.1176
95481,0.4829
95482,0.3382
95486,0.3271
95487,0.4229
95488,0.1317
95490,0.586
95500,0.2996
95501,0.3721
95502,0.6535
95504,0.2373
95510,0.3306
95524,0.4515
95525,0.3023
95527,0.3141
95531,0.4287
95535,0.4711
95537,0.6201
95539,0.3088
95540,0.2319
95541,0.5263
95544,0.1558
95548,0.5672
95554,0.3302
95556,0.5716
95563,0.2402
95566,0.3578
95574,0.43
95575,0.5557
95576,0.5886
95580,0.4903
95581,0.4596
95594,0.5211
95598,0.5878
95599,0.6945
95610,0.6471
95611,0.3371
95613,0.3822
95616,0.3744
95617,0.2496
95624,0.3653
95626,0.1283
95627,0.3379
95637,0.5953
95643,0.3103
95648,0.6854
95653,0.5241
95662,0.5712
95665,0.6761
95667,0.5428
95671,0.1824
95675,0.7164
95676,0.2101
95686,0.5746
95689,0.2389
95691,0.5186
95695,0.0615
95698,0.2263
95699,0.4026
95716,0.6686
95719,0.7076
95724,0.5422
95725,0.4353
95730,0.4129
95750,0.4835
95753,0.3767
95756,0.6068
95757,0.3783
95758,0.5585
95759,0.2588
95760,0.6724
95764,0.6674
95774,0.4827
95777,0.2897
95780,0.658
95782,0.5154
95786,0.4611
95790,0.5118
95796,0.4539
95799,0.289
95804,0.5553
95809,0.7976
95812,0.2987
95833,0.6022
95839,0.5622
95873,0.2655
95874,0.336
95875,0.3175
95876,0.4785
95887,0.2836
95897,0.6654
95898,0.7621
95901,0.205
95903,0.5608
95910,0.5225
95917,0.7056
95922,0.6652
95928,0.5664
95931,0.2179
95950,0.1994
95951,0.2745
95954,0.0898
95972,0.4327
95973,0.2664
95976,0.3208
95981,0.3318
95993,0.6269
96021,0.3602
96025,0.4402
96034,0.2998
96036,0.6645
96038,0.1108
96042,0.3996
96050,0.4974
96052,0.3608
96053,0.2339
96062,0.3408
96064,0.2896
96065,0.2717
96066,0.438
96067,0.377
96075,0.528
96081,0.3567
96087,0.0531
96090,0.4975
96091,0.5999
96093,0.4755
96094,0.3982
96104,0.5502
96109,0.5356
96116,0.3244
96117,0.1155
96118,0.2532
96119,0.4963
96128,0.4681
96135,0.7672
96141,0.1092
96151,0.7583
96158,0.2706
96169,0.5629
96171,0.4791
96172,0.2271
96174,0.6123
96176,0.2576
96186,0.6283
96187,0.4939
96191,0.3813
96192,0.3928
96196,0.4205
96197,0.3362
96198,0.3158
96199,0.2183
96203,0.4473
96209,0.512
96220,0.5887
96221,0.3451
96224,0.4791
96232,0.0644
96235,0.4452
96245,0.312
96246,0.3432
96248,0.4428
96270,0.3788
96277,0.6441
96279,0.5779
96284,0.3844
96285,0.5132
96291,0.4044
96294,0.732
96295,0.1983
96296,0.1536
96298,0.2732
96299,0.4654
96301,0.1379
96302,0.7377
96304,0.0604
96321,0.2945
96324,0.4469
96341,0.1906
96342,0.4143
96355,0.3869
96364,0.4796
96366,0.1506
96369,0.4967
96371,0.2242
96375,0.1634
96378,0.4202
96390,0.3195
96392,0.6858
96393,0.5587
96397,0.4838
96402,0.2272
96403,0.4453
96407,0.3627
96411,0.5011
96414,0.5225
96423,0.4861
96431,0.4027
96434,0.2653
96438,0.2527
96444,0.5
96446,0.1317
96452,0.3431
96456,0.4023
96463,0.1977
96464,0.7417
96467,0.271
96471,0.6366
96478,0.1273
96491,0.4951
96501,0.6462
96517,0.335
96519,0.2526
96525,0.584
96527,0.3215
96529,0.2629
96534,0.4833
96538,0.2467
96539,0.2095
96545,0.1458
96546,0.7357
96548,0.2195
96550,0.4171
96551,0.2924
96552,0.1771
96554,0.6471
96559,0.2821
96569,0.4391
96574,0.3616
96578,0.1878
96596,0.497
96604,0.4145
96607,0.3808
96610,0.2899
96616,0.7487
96617,0.3581
96625,0.5665
96628,0.7355
96629,0.3295
96637,0.3969
96646,0.7858
96647,0.5407
96652,0.3339
96653,0.1364
96655,0.5455
96660,0.2302
96664,0.1954
96667,0.4276
96675,0.3259
96676,0.2321
96677,0.4071
96681,0.6093
96689,0.4533
96691,0.2638
96692,0.204
96695,0.3488
96699,0.3516
96701,0.3224
96704,0.5106
96707,0.4312
96712,0.3726
96716,0.0703
96720,0.6276
96725,0.2512
96733,0.2218
96743,0.565
96751,0.236
96753,0.16
96755,0.3837
96756,0.6545
96760,0.4272
96761,0.5042
96762,0.4635
96767,0.1566
96782,0.2459
96787,0.3033
96790,0.4348
96791,0.3455
96795,0.3839
96800,0.5098
96824,0.3102
96828,0.6463
96839,0.3541
96853,0.2402
96856,0.5199
96859,0.4411
96870,0.4286
96876,0.1968
96878,0.4768
96886,0.2429
96887,0.3747
96888,0.4984
96889,0.5576
96892,0.4852
96893,0.2911
96897,0.2502
96903,0.3617
96919,0.4844
96925,0.1599
96928,0.4708
96930,0.2667
96933,0.753
96939,0.6378
96942,0.4399
96946,0.2703
96947,0.5908
96952,0.22
96957,0.2063
96959,0.3399
96966,0.1284
96967,0.1477
96971,0.3616
96984,0.6984
96990,0.3146
96993,0.2075
96994,0.2605
96995,0.5978
97000,0.8514
97011,0.6588
97013,0.3307
97019,0.0567
97020,0.449
97036,0.7119
97039,0.5519
97044,0.3011
97047,0.7206
97048,0.4592
97050,0.4322
97054,0.2912
97056,0.1969
97074,0.3038
97076,0.3731
97077,0.1748
97081,0.2264
97087,0.4878
97092,0.4114
97100,0.3884
97101,0.2244
97110,0.4305
97111,0.6421
97115,0.5002
97117,0.5407
97119,0.2221
97125,0.1129
97129,0.3721
97132,0.1424
97148,0.5345
97167,0.3268
97168,0.5348
97170,0.5548
97176,0.1937
97180,0.2419
97181,0.2924
97187,0.2236
97190,0.3313
97191,0.5669
97194,0.2119
97195,0.2339
97204,0.2769
97210,0.5685
97216,0.3356
97223,0.6244
97230,0.6382
97241,0.5309
97243,0.3735
97245,0.192
97247,0.511
97253,0.4542
97254,0.329
97256,0.313
97257,0.3685
97267,0.5456
97269,0.1833
97271,0.1526
97278,0.5424
97281,0.6118
97294,0.1283
97295,0.1575
97297,0.3791
97299,0.0999
97301,0.4319
97303,0.5743
97305,0.5412
97311,0.0955
97314,0.5143
97317,0.254
97326,0.5579
97328,0.3463
97331,0.4225
97332,0.0904
97336,0.566
97339,0.1335
97340,0.3785
97341,0.5843
97345,0.5556
97349,0.3745
97350,0.4383
97361,0.597
97364,0.4467
97378,0.4848
97392,0.7057
97396,0.1806
97401,0.577
97404,0.3518
97413,0.3021
97414,0.3764
97429,0.5878
97437,0.3187
97438,0.4035
97441,0.3399
97452,0.26
97453,0.62
97461,0.781
97463,0.6726
97466,0.3634
97471,0.4033
97475,0.5457
97478,0.3361
97480,0.1697
97489,0.3919
97490,0.2672
97493,0.3018
97498,0.573
97499,0.3843
97508,0.3141
97512,0.6005
97514,0.5395
97515,0.3864
97532,0.5093
97533,0.6243
97540,0.7697
97543,0.6718
97551,0.4789
97561,0.3166
97576,0.7568
97577,0.5856
97578,0.3808
97579,0.1338
97580,0.6007
97582,0.3746
97584,0.7618
97585,0.0826
97587,0.4319
97593,0.3447
97600,0.5687
97606,0.2335
97616,0.4184
97619,0.6118
97626,0.1934
97629,0.3749
97635,0.2548
97637,0.5926
97640,0.5122
97657,0.3304
97664,0.1402
97665,0.5359
97670,0.6199
97691,0.6961
97693,0.4667
97706,0.641
97708,0.2462
97709,0.3127
97712,0.3111
97718,0.5206
97725,0.2194
97727,0.2858
97734,0.4432
97751,0.3766
97752,0.3547
97754,0.354
97755,0.5537
97756,0.251
97768,0.4095
97769,0.7156
97778,0.5354
97804,0.5048
97805,0.4154
97806,0.3485
97810,0.3151
97819,0.5482
97821,0.6209
97834,0.3834
97840,0.483
97848,0.1407
97850,0.756
97856,0.7102
97863,0.1264
97867,0.454
97868,0.6809
97871,0.4774
97873,0.5658
97874,0.5841
97879,0.4419
97881,0.3439
97883,0.1721
97887,0.3126
97889,0.5606
97890,0.5527
97892,0.5455
97893,0.1745
97894,0.449
97900,0.53
97919,0.2008
97920,0.3119
97921,0.5579
97922,0.3228
97924,0.3636
97928,0.5966
97932,0.3197
97940,0.141
97945,0.5769
97947,0.3952
97955,0.6714
97957,0.1545
97968,0.1207
97970,0.347
97972,0.579
97974,0.3632
97987,0.5142
98006,0.6957
98011,0.6896
98014,0.2305
98023,0.3559
98024,0.5734
98031,0.3546
98034,0.4259
98040,0.3435
98043,0.1881
98055,0.5466
98059,0.4997
98061,0.4909
98062,0.4627
98065,0.4053
98077,0.4601
98079,0.153
98085,0.3326
98087,0.5329
98094,0.2029
98099,0.2302
98100,0.2948
98101,0.2424
98102,0.4595
98106,0.071
98115,0.2106
98116,0.4815
98118,0.4382
98127,0.4846
98130,0.1746
98137,0.5269
98138,0.3949
98151,0.265
98163,0.4307
98168,0.384
98170,0.3132
98184,0.3882
98192,0.1867
98201,0.3607
98207,0.48
98208,0.2992
98212,0.1445
98234,0.3253
98237,0.3957
98260,0.4032
98267,0.3785
98269,0.2194
98271,0.2334
98278,0.5315
98279,0.5042
98282,0.4562
98283,0.2802
98298,0.5253
98310,0.6377
98312,0.3123
98314,0.2878
98316,0.5664
98318,0.542
98326,0.6692
98328,0.5799
98329,0.0998
98335,0.2963
98336,0.5263
98338,0.5935
98342,0.1527
98347,0.5791
98348,0.2749
98352,0.6335
98353,0.3873
98354,0.6675
98356,0.6324
98357,0.3363
98360,0.3681
98368,0.3637
98371,0.2598
98381,0.5581
98391,0.5619
98411,0.5702
98417,0.6703
98418,0.6525
98435,0.589
98436,0.5657
98440,0.3752
98445,0.7456
98447,0.3741
98448,0.197
98451,0.2646
98454,0.4372
98458,0.1769
98459,0.4624
98460,0.5802
98464,0.5087
98465,0.4829
98474,0.2329
98480,0.7907
98482,0.6242
98483,0.6543
98485,0.607
98494,0.7039
98502,0.4044
98510,0.2104
98518,0.4276
98519,0.2539
98524,0.6953
98533,0.7276
98539,0.2023
98540,0.4561
98541,0.6558
98542,0.2941
98552,0.6315
98571,0.4727
98578,0.3277
98580,0.0886
98588,0.7464
98591,0.3141
98597,0.2187
98602,0.6099
98605,0.3342
98607,0.3935
98608,0.6058
98612,0.2749
98613,0.7527
98619,0.3872
98626,0.3864
98629,0.1204
98653,0.2499
98654,0.6265
98658,0.5269
98663,0.61
98670,0.5508
98677,0.3244
98695,0.1965
98701,0.2616
98704,0.323
98710,0.3997
98712,0.1795
98714,0.1382
98716,0.2398
98722,0.5529
98724,0.3801
98726,0.1994
98730,0.3033
98731,0.2312
98739,0.4214
98744,0.5163
98753,0.1382
98757,0.4168
98758,0.6407
98768,0.3336
98771,0.2262
98779,0.2593
98788,0.3575
98791,0.2672
98802,0.6827
98803,0.5019
98812,0.4887
98814,0.6154
98823,0.2783
98829,0.3111
98831,0.362
98832,0.3125
98835,0.0906
98844,0.3212
98846,0.5389
98848,0.2113
98860,0.4027
98862,0.5026
98863,0.1088
98865,0.377
98871,0.3603
98872,0.1701
98875,0.7038
98881,0.406
98883,0.7098
98885,0.5305
98889,0.213
98893,0.1265
98896,0.3535
98904,0.5818
98906,0.2584
98915,0.4963
98920,0.4366
98925,0.3282
98927,0.1748
98949,0.2804
98954,0.4279
98957,0.4553
98964,0.3485
98967,0.5305
98970,0.2252
98975,0.4545
98976,0.4379
98978,0.2123
98988,0.593
98990,0.2447
99002,0.5345
99008,0.4333
99009,0.6745
99010,0.7047
99015,0.5844
99020,0.4992
99021,0.4372
99023,0.6302
99026,0.4078
99043,0.1024
99050,0.525
99052,0.3344
99054,0.1136
99056,0.1711
99062,0.4221
99074,0.2934
99078,0.5625
99088,0.6982
99089,0.4522
99091,0.0799
99094,0.4294
99095,0.5007
99097,0.6171
99099,0.0773
99105,0.2289
99106,0.3572
99109,0.711
99110,0.5501
99117,0.4419
99124,0.2461
99133,0.4349
99139,0.2158
99144,0.2494
99154,0.3032
99157,0.5505
99158,0.533
99159,0.5678
99162,0.3413
99165,0.2612
99174,0.3172
99175,0.559
99179,0.4674
99200,0.1669
99202,0.5537
99203,0.5402
99205,0.6364
99209,0.3389
99211,0.3757
99217,0.2304
99225,0.1928
99233,0.6641
99242,0.5914
99246,0.3521
99256,0.418
99259,0.4021
99262,0.2245
99270,0.6878
99273,0.5416
99274,0.347
99275,0.5418
99277,0.6445
99282,0.3166
99283,0.4676
99290,0.4191
99292,0.3447
99295,0.5724
99302,0.3809
99307,0.3813
99310,0.5112
99311,0.5603
99319,0.3344
99322,0.3295
99328,0.5668
99330,0.1564
99335,0.198
99338,0.3242
99342,0.4259
99347,0.2313
99362,0.4603
99366,0.7089
99370,0.3
99371,0.7053
99375,0.3956
99384,0.4645
99393,0.4319
99396,0.4156
99398,0.1958
99408,0.4351
99411,0.2688
99412,0.7096
99414,0.4344
99423,0.2873
99424,0.6013
99427,0.4032
99431,0.2613
99432,0.323
99433,0.2623
99435,0.4414
99440,0.1675
99445,0.6239
99449,0.1764
99451,0.4025
99464,0.6743
99499,0.2809
99501,0.4042
99502,0.5348
99508,0.4635
99509,0.1449
99510,0.1603
99513,0.2286
99517,0.6541
99518,0.2048
99520,0.3677
99522,0.3476
99524,0.6821
99531,0.2607
99533,0.2201
99535,0.2207
99547,0.7884
99549,0.3045
99550,0.5379
99557,0.4238
99565,0.5603
99568,0.5398
99572,0.5105
99574,0.529
99578,0.5873
99580,0.2102
99599,0.6446
99607,0.2875
99617,0.5098
99620,0.4375
99622,0.1477
99623,0.6132
99632,0.599
99633,0.5639
99649,0.3795
99651,0.2993
99661,0.1718
99663,0.5113
99664,0.3388
99667,0.4611
99669,0.2949
99670,0.3958
99672,0.2822
99673,0.3566
99676,0.5486
99680,0.2745
99685,0.2753
99686,0.3083
99690,0.5335
99709,0.1913
99719,0.2101
99721,0.3134
99732,0.428
99734,0.427
99736,0.4762
99738,0.5028
99748,0.658
99753,0.7015
99754,0.3401
99760,0.3333
99766,0.6025
99768,0.3712
99771,0.4621
99776,0.5963
99786,0.2355
99788,0.4671
99795,0.3216
99797,0.2067
99800,0.5715
99801,0.5498
99802,0.6119
99804,0.5988
99805,0.2864
99813,0.4268
99816,0.214
99817,0.5283
99819,0.1989
99827,0.3926
99830,0.66
99832,0.3405
99833,0.5236
99835,0.4111
99841,0.2773
99842,0.283
99850,0.2048
99858,0.2273
99860,0.6641
99862,0.4635
99864,0.4499
99871,0.1071
99874,0.6002
99879,0.5902
99881,0.4025
99883,0.4366
99893,0.5095
99906,0.1023
99907,0.5277
99908,0.1227
99910,0.3891
99911,0.3791
99919,0.6235
99925,0.2229
99933,0.6906
99940,0.1861
99948,0.6058
99954,0.6238
99956,0.6542
99960,0.674
99966,0.6901
99969,0.6587
99972,0.5984
99976,0.4817
99979,0.5836
99984,0.4189
99988,0.4236
99989,0.1697
99997,0.4147
100004,0.191
100012,0.261
100013,0.3378
100015,0.765
100023,0.2355
100028,0.3599
100036,0.2955
100042,0.2029
100043,0.3183
100048,0.5738
100049,0.4784
100057,0.3898
100059,0.3927
100060,0.4194
100074,0.5926
100077,0.3841
100084,0.4201
100088,0.3075
100091,0.5371
100095,0.7085
100100,0.2064
100112,0.3048
100117,0.5576
100125,0.3651
100126,0.3409
100128,0.505
100139,0.3999
100153,0.3417
100157,0.3758
100159,0.6113
100160,0.3693
100162,0.168
100166,0.5214
100168,0.1004
100169,0.4321
100171,0.5457
100173,0.4343
100184,0.724
100186,0.4447
100194,0.179
100200,0.3626
100201,0.1716
100203,0.2112
100208,0.6317
100211,0.2832
100213,0.4062
100214,0.3628
100215,0.2805
100217,0.7456
100219,0.6518
100220,0.5359
100221,0.4255
100236,0.3659
100238,0.4783
100241,0.1444
100247,0.2512
100255,0.3829
100259,0.2094
100262,0.343
100265,0.2357
100277,0.7048
100280,0.1512
100288,0.3729
100289,0.6928
100293,0.2443
100299,0.3893
100300,0.2748
100302,0.34
100315,0.5469
100321,0.6641
100324,0.6598
100325,0.4373
100328,0.2254
100329,0.4913
100343,0.3521
100344,0.5967
100348,0.2601
100354,0.5519
100355,0.5312
100360,0.328
100364,0.661
100371,0.2004
100372,0.6225
100378,0.1411
100384,0.5612
100387,0.2383
100393,0.4317
100397,0.5399
100401,0.3847
100402,0.5405
100411,0.5376
100413,0.5339
100418,0.2439
100419,0.2394
100421,0.2383
100429,0.4808
100434,0.6916
100438,0.5296
100447,0.2821
100449,0.5079
100450,0.589
100455,0.3375
100461,0.5116
100468,0.6191
100476,0.2561
100485,0.4829
100496,0.3289
100505,0.4812
100518,0.3176
100520,0.2299
100523,0.6775
100528,0.4251
100533,0.5121
100538,0.3786
100545,0.2897
100546,0.5981
100549,0.5493
100552,0.4367
100555,0.6557
100557,0.7511
100562,0.4123
100563,0.0714
100572,0.0854
100584,0.3945
100585,0.7573
100587,0.5267
100589,0.5035
100592,0.1849
100593,0.3973
100596,0.5558
100597,0.2343
100600,0.1715
100602,0.5469
100604,0.2314
100608,0.6308
100611,0.3131
100613,0.4009
100619,0.5452
100627,0.5257
100628,0.3255
100635,0.6122
100637,0.6148
100640,0.3371
100647,0.26
100660,0.4496
100664,0.2717
100671,0.5681
100674,0.2709
100680,0.2477
100697,0.2843
100701,0.1948
100705,0.3388
100706,0.6118
100710,0.3006
100717,0.4851
100722,0.6154
100727,0.3122
100732,0.2806
100737,0.6958
100739,0.6476
100742,0.6008
100746,0.3032
100748,0.4047
100764,0.2925
100777,0.2613
100785,0.6704
100808,0.2999
100811,0.4809
100813,0.5957
100816,0.4785
100821,0.3448
100822,0.1678
100824,0.6283
100827,0.6151
100830,0.4936
100851,0.5814
100856,0.1531
100860,0.3627
100864,0.2322
100865,0.5463
100867,0.2473
100869,0.6105
100881,0.7311
100885,0.1256
100886,0.4322
100888,0.431
100895,0.1974
100897,0.2124
100904,0.6472
100908,0.4614
100916,0.491
100920,0.2591
100922,0.2521
100929,0.6691
100931,0.1865
100936,0.4223
100940,0.7333
100941,0.3367
100944,0.3856
100948,0.3337
100951,0.5498
100961,0.3808
100967,0.2932
100968,0.3186
100969,0.3745
100971,0.4834
100973,0.3248
100974,0.095
100980,0.5517
100981,0.362
100985,0.2985
100986,0.177
100994,0.5479
101000,0.4622
101002,0.4307
101008,0.4533
101014,0.4826
101015,0.128
101026,0.6037
101027,0.2287
101030,0.3544
101031,0.2764
101035,0.4789
101036,0.35
101039,0.2852
101042,0.3354
101043,0.5761
101048,0.3214
101054,0.3485
101069,0.6998
101070,0.4244
101075,0.65
101079,0.4028
101080,0.2007
101084,0.6683
101089,0.6329
101095,0.124
101097,0.4243
101101,0.5797
101104,0.53
101122,0.7191
101130,0.7787
101136,0.4145
101138,0.5402
101141,0.2864
101142,0.6311
101146,0.4817
101153,0.103
101154,0.3533
101155,0.1476
101164,0.341
101165,0.5803
101167,0.4208
101174,0.4378
101179,0.4719
101187,0.153
101193,0.7256
101196,0.3145
101197,0.4037
101204,0.7571
101208,0.7335
101213,0.4869
101214,0.666
101215,0.6755
101217,0.4169
101218,0.5889
101219,0.4942
101220,0.1364
101223,0.3952
101233,0.5803
101235,0.3712
101237,0.2896
101248,0.6098
101249,0.5823
101252,0.4603
101257,0.5098
101263,0.5686
101271,0.4656
101287,0.3843
101297,0.3542
101300,0.219
101310,0.7586
101315,0.3197
101325,0.1414
101326,0.3845
101333,0.4898
101340,0.2842
101353,0.1593
101356,0.4956
101357,0.2683
101361,0.6104
101362,0.1735
101382,0.6449
101384,0.2435
101390,0.1001
101398,0.7352
101399,0.4326
101401,0.5307
101406,0.497
101407,0.3282
101411,0.5139
101415,0.6401
101416,0.3619
101433,0.1995
101434,0.2805
101442,0.3665
101443,0.3829
101447,0.4637
101452,0.3918
101453,0.3634
101465,0.5996
101468,0.2482
101469,0.3414
101471,0.6935
101474,0.5409
101476,0.4779
101483,0.0617
101484,0.3407
101489,0.6455
101492,0.1616
101493,0.4255
101504,0.1693
101512,0.3442
101515,0.4882
101519,0.3571
101521,0.6867
101522,0.2
101535,0.5063
101539,0.3393
101542,0.1022
101554,0.3383
101557,0.5235
101559,0.5195
101561,0.4182
101562,0.1927
101566,0.1231
101567,0.0891
101569,0.6034
101577,0.4312
101583,0.2599
101588,0.1091
101591,0.3151
101592,0.6607
101595,0.1668
101604,0.5762
101612,0.5515
101621,0.612
101623,0.3746
101625,0.5612
101636,0.4798
101649,0.317
101652,0.4103
101653,0.626
101658,0.362
101666,0.7044
101668,0.6096
101669,0.5415
101674,0.3415
101675,0.621
101677,0.4528
101679,0.4413
101683,0.2061
101691,0.3024
101694,0.3206
101697,0.3687
101707,0.3721
101713,0.606
101718,0.4121
101720,0.6867
101721,0.4116
101735,0.1009
101754,0.6128
101765,0.4729
101785,0.3654
101789,0.6092
101799,0.4617
101824,0.418
101826,0.3049
101828,0.2406
101836,0.2947
101838,0.5021
101840,0.5714
101841,0.6213
101853,0.4017
101856,0.136
101857,0.6544
101858,0.6273
101864,0.3138
101870,0.1856
101873,0.6004
101876,0.1727
101879,0.3296
101887,0.2769
101894,0.1696
101904,0.1851
101908,0.1071
101914,0.3366
101930,0.3823
101934,0.2752
101949,0.6313
101955,0.622
101956,0.4721
101957,0.1759
101961,0.3932
101971,0.1257
101976,0.2665
101978,0.4287
101981,0.3961
101982,0.3177
101998,0.1092
102001,0.384
102004,0.2724
102017,0.3547
102021,0.5937
102026,0.2841
102030,0.5871
102035,0.339
102039,0.5871
102042,0.3746
102046,0.2929
102055,0.8086
102056,0.2856
102057,0.2864
102060,0.3262
102066,0.2755
102067,0.4267
102075,0.224
102077,0.3588
102078,0.5446
102080,0.714
102081,0.5306
102082,0.4929
102086,0.4306
102087,0.7615
102093,0.3625
102095,0.6211
102097,0.3058
102098,0.3719
102100,0.2967
102102,0.3737
102104,0.4095
102108,0.0794
102112,0.3645
102116,0.4777
102128,0.5744
102133,0.349
102135,0.614
102136,0.1185
102140,0.2974
102150,0.7501
102153,0.2781
102163,0.4963
102167,0.1748
102180,0.5021
102184,0.1956
102187,0.3264
102193,0.2932
102205,0.4142
102213,0.1356
102218,0.557
102222,0.7211
102224,0.3096
102228,0.5885
102230,0.4868
102235,0.257
102243,0.317
102244,0.6829
102245,0.5381
102248,0.296
102249,0.2432
102251,0.6985
102260,0.3366
102262,0.6814
102265,0.1848
102274,0.0845
102283,0.3523
102285,0.5501
102286,0.4608
102287,0.354
102292,0.4249
102294,0.0967
102299,0.6711
102301,0.681
102310,0.684
102314,0.3534
102324,0.2297
102325,0.5975
102329,0.6449
102338,0.5782
102341,0.4053
102342,0.7112
102347,0.4744
102366,0.4913
102368,0.3957
102373,0.426
102379,0.1637
102382,0.2215
102383,0.3808
102388,0.735
102392,0.4477
102402,0.1087
102406,0.3319
102409,0.6699
102412,0.449
102413,0.5092
102434,0.5151
102436,0.4322
102446,0.3364
102453,0.377
102459,0.6794
102461,0.5154
102470,0.6624
102471,0.4539
102474,0.2102
102478,0.7474
102482,0.5967
102484,0.7115
102486,0.1904
102497,0.2446
102502,0.371
102506,0.5041
102507,0.6603
102512,0.2931
102516,0.4564
102519,0.3112
102523,0.2845
102530,0.1384
102542,0.7687
102546,0.099
102555,0.1808
102556,0.6778
102563,0.7019
102566,0.5058
102573,0.4527
102574,0.5188
102580,0.117
102585,0.6224
102586,0.1737
102587,0.4633
102589,0.3759
102591,0.7708
102594,0.6503
102597,0.428
102598,0.4213
102601,0.5657
102620,0.6044
102621,0.7112
102622,0.1322
102626,0.455
102630,0.2181
102631,0.1016
102633,0.3579
102637,0.2475
102640,0.4982
102649,0.362
102656,0.3005
102661,0.4354
102666,0.2741
102669,0.3687
102675,0.1308
102680,0.2949
102682,0.7064
102687,0.3196
102689,0.1422
102692,0.3323
102709,0.2139
102710,0.4879
102713,0.274
102715,0.6419
102716,0.3375
102717,0.3539
102718,0.5629
102723,0.247
102727,0.5684
102728,0.5766
102733,0.1333
102743,0.279
102744,0.3017
102752,0.5632
102753,0.4723
102767,0.1899
102769,0.069
102770,0.3465
102772,0.2088
102773,0.6074
102775,0.7021
102776,0.1961
102778,0.5671
102780,0.4337
102784,0.6624
102788,0.3723
102791,0.4474
102797,0.1012
102804,0.4227
102809,0.3849
102816,0.2052
102830,0.4972
102832,0.4467
102837,0.5639
102840,0.2054
102844,0.6185
102849,0.5471
102859,0.3202
102881,0.3605
102890,0.1308
102892,0.3384
102905,0.3198
102906,0.5273
102909,0.6714
102928,0.4962
102931,0.4608
102934,0.2396
102941,0.3052
102951,0.3442
102963,0.741
102966,0.2965
102981,0.7107
102984,0.1384
102986,0.5195
102989,0.4877
102991,0.4648
102994,0.6237
102999,0.552
103000,0.3496
103004,0.5074
103009,0.1304
103012,0.5953
103013,0.3291
103019,0.3597
103026,0.5823
103030,0.5429
103031,0.7343
103034,0.5963
103045,0.2132
103047,0.4177
103051,0.3517
103066,0.2651
103074,0.6448
103083,0.1905
103089,0.5591
103101,0.285
103106,0.7433
103111,0.2625
103122,0.2588
103126,0.3677
103134,0.2524
103142,0.6254
103143,0.3759
103151,0.5319
103155,0.3894
103164,0.4896
103171,0.3105
103180,0.2817
103187,0.3749
103189,0.5159
103200,0.4288
103203,0.8031
103205,0.5501
103209,0.4537
103211,0.3391
103216,0.2099
103217,0.4893
103218,0.6241
103219,0.2148
103228,0.1382
103230,0.6592
103240,0.3714
103250,0.5524
103251,0.4541
103252,0.311
103257,0.6083
103260,0.1847
103261,0.2616
103262,0.0775
103264,0.7003
103273,0.3738
103279,0.0705
103284,0.6435
103286,0.3071
103292,0.384
103295,0.4064
103298,0.1283
103299,0.0719
103302,0.6125
103304,0.1438
103307,0.5083
103312,0.4312
103335,0.4709
103349,0.2111
103352,0.5645
103359,0.567
103369,0.259
103370,0.6004
103375,0.3172
103383,0.5226
103390,0.3313
103395,0.5283
103397,0.4598
103399,0.6478
103404,0.1663
103406,0.4484
103407,0.3324
103411,0.416
103415,0.3143
103418,0.3738
103420,0.2091
103425,0.4683
103428,0.7554
103436,0.2543
103438,0.0644
103441,0.3801
103443,0.1693
103462,0.1056
103469,0.3674
103471,0.1624
103487,0.0777
103491,0.5156
103500,0.5344
103504,0.5997
103505,0.5416
103509,0.2591
103510,0.4331
103511,0.2413
103517,0.36
103521,0.5819
103525,0.4142
103531,0.1894
103533,0.5616
103534,0.4607
103536,0.6974
103540,0.2767
103549,0.6844
103550,0.5355
103551,0.3262
103556,0.2636
103558,0.4545
103572,0.3697
103577,0.1973
103584,0.4608
103590,0.5132
103596,0.4476
103598,0.102
103606,0.37
103611,0.2791
103612,0.5888
103617,0.4171
103626,0.2061
103627,0.4441
103628,0.1537
103629,0.1631
103630,0.3242
103632,0.1329
103633,0.09
103637,0.4341
103640,0.3512
103644,0.2743
103646,0.3324
103648,0.6351
103650,0.5027
103667,0.4118
103673,0.2325
103699,0.3656
103700,0.5242
103703,0.3994
103706,0.4098
103712,0.2873
103714,0.5304
103717,0.6751
103733,0.676
103734,0.3664
103746,0.5383
103762,0.2148
103768,0.6125
103780,0.295
103782,0.5155
103784,0.5891
103789,0.405
103792,0.2878
103793,0.4515
103801,0.5029
103815,0.6566
103822,0.5881
103828,0.1876
103830,0.4321
103836,0.3053
103839,0.2751
103845,0.5296
103846,0.6487
103858,0.2746
103864,0.4408
103881,0.5283
103885,0.3702
103886,0.4999
103893,0.2404
103904,0.3728
103905,0.3819
103909,0.6836
103913,0.625
103922,0.3464
103926,0.7035
103930,0.5749
103935,0.4629
103943,0.2233
103950,0.6917
103952,0.3054
103960,0.4112
103961,0.5874
103964,0.3242
103972,0.3964
103973,0.1855
103982,0.4215
103983,0.5466
103984,0.6068
103989,0.1692
103999,0.4759
104002,0.5472
104003,0.2843
104007,0.2974
104013,0.4996
104015,0.4961
104043,0.6969
104045,0.2986
104049,0.6597
104056,0.2792
104063,0.2163
104064,0.6935
104065,0.1502
104066,0.2698
104074,0.6475
104076,0.1315
104078,0.5975
104085,0.4794
104086,0.4193
104097,0.2022
104101,0.5487
104113,0.468
104117,0.2107
104119,0.2761
104123,0.2911
104127,0.3605
104130,0.5879
104133,0.0952
104134,0.5661
104138,0.4748
104139,0.2146
104140,0.4614
104143,0.6842
104149,0.5553
104151,0.468
104164,0.3109
104166,0.5418
104171,0.5611
104173,0.4231
104177,0.5504
104184,0.4628
104186,0.6712
104187,0.3457
104188,0.4804
104189,0.3258
104191,0.6583
104192,0.2278
104201,0.1876
104207,0.3242
104212,0.4967
104217,0.6846
104223,0.2944
104227,0.5807
104232,0.4812
104242,0.0586
104252,0.564
104260,0.3765
104268,0.5339
104275,0.643
104292,0.5093
104293,0.4618
104299,0.6297
104301,0.5456
104304,0.3755
104305,0.5033
104310,0.5992
104312,0.3269
104320,0.0977
104339,0.3063
104356,0.2054
104379,0.3446
104384,0.1965
104386,0.2513
104388,0.2786
104391,0.2287
104399,0.4914
104403,0.6847
104413,0.5271
104423,0.4393
104430,0.1197
104447,0.3383
104450,0.6669
104461,0.363
104477,0.3715
104479,0.4363
104482,0.6299
104484,0.4934
104486,0.2589
104490,0.3713
104497,0.354
104502,0.3939
104508,0.5504
104509,0.5969
104513,0.1673
104515,0.3026
104518,0.3218
104523,0.669
104525,0.2261
104532,0.5626
104536,0.4486
104538,0.7019
104539,0.5516
104543,0.6254
104546,0.4855
104550,0.4206
104553,0.4921
104556,0.2221
104560,0.2586
104565,0.4621
104575,0.1646
104577,0.2863
104578,0.3505
104580,0.7262
104585,0.3553
104586,0.2481
104589,0.2404
104596,0.4015
104605,0.3987
104607,0.4105
104613,0.1659
104620,0.0641
104621,0.4174
104622,0.538
104628,0.6858
104632,0.309
104634,0.2095
104635,0.698
104638,0.2515
104648,0.5847
104656,0.2857
104665,0.3445
104666,0.2058
104667,0.4975
104668,0.7237
104672,0.6389
104675,0.4992
104680,0.2477
104696,0.5788
104705,0.1151
104717,0.6727
104723,0.199
104726,0.6611
104735,0.4917
104739,0.3258
104742,0.2721
104744,0.5361
104746,0.3604
104749,0.4998
104751,0.4262
104754,0.5535
104755,0.3414
104760,0.3336
104762,0.5781
104769,0.3632
104780,0.6108
104781,0.3261
104784,0.2892
104785,0.678
104793,0.2089
104794,0.8071
104799,0.3126
104804,0.2154
104806,0.2283
104807,0.6257
104821,0.4328
104832,0.4342
104835,0.2781
104836,0.3244
104837,0.2914
104840,0.6861
104843,0.6048
104845,0.301
104846,0.1889
104848,0.6816
104849,0.4768
104852,0.357
104869,0.5573
104885,0.5497
104887,0.2983
104896,0.4743
104897,0.7015
104900,0.2571
104902,0.4606
104904,0.3698
104920,0.3469
104926,0.2648
104929,0.5413
104938,0.3249
104947,0.2681
104953,0.4631
104962,0.4174
104964,0.4484
104971,0.5984
104984,0.3865
104987,0.1161
105003,0.7268
105007,0.2198
105008,0.3729
105009,0.2154
105011,0.2018
105013,0.3774
105016,0.41
105018,0.2081
105026,0.6502
105038,0.1562
105043,0.3684
105054,0.2089
105056,0.2853
105063,0.6024
105064,0.1912
105065,0.491
105073,0.3361
105087,0.6375
105092,0.3483
105093,0.5731
105094,0.4575
105103,0.4809
105110,0.3238
105112,0.5187
105114,0.3942
105121,0.1444
105122,0.4186
105126,0.4228
105129,0.0707
105139,0.253
105143,0.6669
105148,0.6804
105162,0.4095
105165,0.3634
105166,0.2808
105167,0.2141
105169,0.0955
105173,0.4271
105175,0.3414
105179,0.1021
105182,0.2331
105199,0.4042
105203,0.6353
105206,0.3897
105217,0.5864
105219,0.5429
105231,0.3077
105236,0.0622
105243,0.7596
105247,0.2563
105251,0.3788
105255,0.6639
105257,0.2431
105262,0.2777
105270,0.4965
105274,0.5535
105276,0.5041
105277,0.4048
105281,0.228
105284,0.4855
105298,0.3714
105305,0.3999
105308,0.6157
105312,0.4856
105317,0.0591
105328,0.3368
105332,0.3186
105334,0.5064
105337,0.091
105340,0.2359
105354,0.1703
105360,0.7011
105361,0.6599
105362,0.251
105369,0.5271
105375,0.175
105378,0.3326
105382,0.362
105387,0.5082
105388,0.437
105393,0.6743
105394,0.5256
105396,0.4457
105399,0.4
105404,0.3382
105409,0.5363
105410,0.5106
105412,0.2507
105414,0.2284
105431,0.7091
105433,0.535
105434,0.5976
105437,0.0918
105438,0.1851
105442,0.7297
105446,0.6849
105454,0.2577
105460,0.3501
105465,0.2772
105466,0.3041
105467,0.298
105469,0.6577
105473,0.5428
105478,0.4418
105489,0.1146
105491,0.4821
105503,0.2203
105505,0.4925
105506,0.6228
105508,0.4611
105520,0.1316
105521,0.3338
105541,0.4421
105543,0.1664
105554,0.5458
105557,0.3486
105562,0.2801
105569,0.7979
105572,0.4443
105573,0.2196
105574,0.19
105575,0.6349
105583,0.3595
105591,0.6473
105592,0.4104
105597,0.4701
105601,0.3166
105602,0.3084
105609,0.3702
105610,0.184
105616,0.6626
105617,0.517
105630,0.5695
105638,0.1593
105642,0.5896
105656,0.5596
105665,0.326
105676,0.6755
105683,0.2866
105690,0.4063
105697,0.5287
105698,0.6126
105715,0.1354
105724,0.2983
105726,0.4693
105732,0.2103
105736,0.5282
105738,0.3282
105746,0.3853
105748,0.14
105750,0.1399
105754,0.4666
105758,0.4413
105762,0.4256
105764,0.5265
105771,0.5762
105772,0.6898
105773,0.4448
105776,0.3283
105777,0.5936
105783,0.6772
105801,0.8094
105803,0.709
105806,0.4824
105809,0.4028
105835,0.6129
105838,0.4109
105843,0.5515
105849,0.2738
105851,0.5689
105857,0.5184
105878,0.1783
105879,0.1397
105882,0.6499
105883,0.6208
105892,0.5087
105895,0.2045
105908,0.5791
105910,0.4912
105919,0.5167
105922,0.4361
105925,0.6379
105929,0.2946
105933,0.5245
105943,0.5208
105947,0.4286
105952,0.3783
105959,0.2403
105967,0.1399
105968,0.651
105974,0.5884
105980,0.1857
105997,0.7219
105999,0.4578
106005,0.1387
106009,0.5069
106026,0.1247
106030,0.5341
106031,0.5666
106043,0.451
106050,0.4827
106053,0.7224
106055,0.4338
106057,0.2434
106064,0.4579
106067,0.3047
106072,0.3288
106077,0.4564
106081,0.4985
106085,0.5095
106089,0.3191
106090,0.727
106093,0.2992
106094,0.0828
106095,0.5776
106096,0.5042
106098,0.2321
106099,0.2961
106113,0.2983
106117,0.3567
106125,0.2151
106126,0.2135
106141,0.2233
106144,0.6097
106148,0.6626
106167,0.0739
106171,0.6617
106180,0.2352
106181,0.5346
106182,0.675
106186,0.3505
106187,0.2047
106188,0.7181
106196,0.373
106198,0.4205
106199,0.2214
106210,0.2705
106213,0.1991
106217,0.3861
106223,0.4441
106226,0.2226
106233,0.5965
106239,0.1408
106240,0.244
106241,0.3562
106248,0.5022
106258,0.5101
106260,0.3152
106261,0.2562
106265,0.332
106276,0.3126
106281,0.5732
106282,0.4738
106294,0.3333
106301,0.7488
106302,0.3366
106304,0.6509
106309,0.3557
106316,0.097
106318,0.3147
106319,0.3797
106321,0.4199
106326,0.2218
106331,0.3009
106332,0.2905
106336,0.3325
106339,0.1471
106340,0.2906
106345,0.2644
106347,0.3241
106358,0.6919
106367,0.3563
106369,0.2167
106373,0.6666
106376,0.2496
106385,0.4638
106392,0.5037
106399,0.6525
106402,0.3573
106404,0.6017
106412,0.6811
106413,0.6219
106414,0.5996
106425,0.4503
106431,0.3857
106436,0.2436
106439,0.3641
106444,0.322
106449,0.2474
106462,0.592
106463,0.5417
106464,0.6387
106467,0.4445
106474,0.424
106476,0.4672
106480,0.5094
106483,0.3535
106486,0.5361
106487,0.2902
106490,0.2783
106491,0.2263
106494,0.0759
106500,0.2233
106506,0.3861
106513,0.272
106530,0.2344
106535,0.5641
106539,0.4443
106543,0.5013
106547,0.4671
106555,0.5435
106556,0.5931
106559,0.4894
106560,0.1281
106561,0.5628
106571,0.5105
106575,0.5533
106581,0.4182
106586,0.2725
106587,0.3916
106603,0.5436
106616,0.346
106617,0.6112
106619,0.5473
106621,0.5234
106625,0.6015
106632,0.3855
106636,0.292
106643,0.398
106644,0.5837
106653,0.3824
106657,0.2559
106659,0.3947
106660,0.2707
106672,0.7173
106681,0.6875
106683,0.6704
106690,0.4832
106698,0.3127
106705,0.7112
106722,0.5989
106724,0.1405
106742,0.4745
106743,0.5181
106749,0.5888
106757,0.1114
106765,0.6567
106777,0.3233
106778,0.2887
106785,0.2464
106790,0.3955
106791,0.4409
106795,0.5103
106799,0.6166
106801,0.5195
106802,0.3704
106803,0.3792
106804,0.1451
106808,0.4475
106815,0.5172
106818,0.3993
106824,0.1413
106825,0.5271
106829,0.2198
106830,0.2534
106834,0.4305
106838,0.6041
106839,0.6692
106846,0.2995
106849,0.3535
106851,0.6432
106852,0.3287
106862,0.4098
106864,0.4203
106904,0.2268
106909,0.6221
106913,0.3084
106917,0.0896
106919,0.4908
106923,0.3972
106934,0.4262
106935,0.0812
106940,0.3862
106943,0.3198
106949,0.4635
106950,0.7212
106953,0.5527
106954,0.3824
106965,0.4454
107009,0.2937
107012,0.439
107016,0.3728
107020,0.3236
107021,0.3213
107024,0.6464
107027,0.0839
107032,0.2336
107036,0.1744
107038,0.2915
107050,0.6509
107058,0.5077
107059,0.5784
107066,0.4328
107068,0.1805
107075,0.4173
107077,0.6511
107086,0.1523
107097,0.6619
107102,0.1364
107110,0.4713
107113,0.4102
107117,0.4216
107135,0.3477
107136,0.4205
107143,0.5054
107149,0.1062
107152,0.4937
107155,0.3597
107160,0.1828
107162,0.5198
107170,0.406
107176,0.7218
107181,0.368
107201,0.6043
107209,0.4802
107211,0.3757
107222,0.2208
107236,0.3711
107239,0.4447
107242,0.532
107248,0.3459
107249,0.1805
107252,0.0604
107255,0.3019
107260,0.3109
107268,0.1455
107270,0.1657
107271,0.2263
107274,0.0999
107275,0.3408
107288,0.6852
107298,0.4288
107302,0.3512
107305,0.0638
107307,0.6997
107309,0.5185
107311,0.3081
107312,0.4653
107319,0.2449
107321,0.5012
107322,0.4216
107325,0.4861
107326,0.5177
107332,0.3597
107335,0.6627
107337,0.5819
107350,0.1524
107352,0.205
107361,0.349
107365,0.3082
107379,0.133
107380,0.3962
107381,0.2364
107384,0.603
107386,0.2719
107389,0.2799
107391,0.2538
107392,0.4231
107393,0.5524
107394,0.3955
107396,0.2425
107401,0.628
107409,0.1941
107412,0.4908
107422,0.6855
107424,0.1551
107427,0.6012
107428,0.3897
107431,0.1991
107432,0.5648
107434,0.22
107439,0.4392
107451,0.0941
107456,0.1961
107458,0.7856
107461,0.2188
107478,0.3098
107481,0.2559
107485,0.6352
107488,0.1886
107491,0.129
107494,0.4393
107511,0.3008
107512,0.2433
107515,0.4538
107518,0.2089
107520,0.648
107528,0.615
107541,0.3766
107548,0.141
107551,0.0753
107557,0.3855
107559,0.1103
107560,0.2322
107565,0.4975
107571,0.1669
107574,0.3262
107586,0.7201
107588,0.0997
107592,0.147
107597,0.3972
107604,0.26
107605,0.5569
107611,0.1867
107614,0.2936
107623,0.4907
107636,0.6361
107641,0.5049
107644,0.4511
107659,0.8142
107664,0.2343
107668,0.4109
107686,0.5194
107704,0.438
107706,0.3944
107713,0.2624
107714,0.2283
107715,0.1297
107719,0.7125
107721,0.3569
107730,0.5101
107732,0.6899
107733,0.3507
107736,0.4258
107737,0.7093
107738,0.6183
107745,0.6132
107747,0.5428
107749,0.2165
107751,0.5471
107753,0.5596
107754,0.3372
107777,0.5403
107789,0.1947
107806,0.356
107809,0.5065
107816,0.2896
107827,0.2899
107829,0.461
107839,0.7025
107841,0.0718
107847,0.7049
107853,0.619
107861,0.2634
107869,0.4738
107870,0.3259
107874,0.3914
107879,0.6102
107881,0.7414
107884,0.5706
107887,0.5909
107889,0.2684
107901,0.5755
107911,0.3804
107912,0.4005
107916,0.255
107918,0.4644
107939,0.3621
107943,0.4275
107947,0.269
107959,0.1706
107964,0.563
107978,0.4887
107988,0.6812
107993,0.5541
107997,0.321
107999,0.4521
108004,0.3692
108008,0.4224
108015,0.6675
108020,0.5471
108021,0.5008
108035,0.2224
108043,0.5186
108046,0.4053
108052,0.0919
108055,0.3688
108056,0.2817
108060,0.3477
108064,0.6757
108076,0.1682
108085,0.3855
108088,0.4722
108100,0.5832
108105,0.3712
108106,0.2506
108108,0.6028
108109,0.5982
108113,0.6836
108122,0.6819
108124,0.4218
108125,0.6791
108126,0.5463
108134,0.4953
108135,0.3961
108143,0.3554
108144,0.4497
108146,0.3195
108152,0.1552
108159,0.4456
108162,0.2502
108180,0.2559
108181,0.5229
108183,0.3617
108188,0.5343
108192,0.3618
108195,0.5878
108196,0.4334
108197,0.3004
108204,0.7263
108214,0.1009
108218,0.3686
108223,0.46
108224,0.1181
108226,0.2835
108232,0.2638
108250,0.2823
108252,0.172
108259,0.4489
108260,0.713
108268,0.3206
108269,0.2346
108289,0.6476
108290,0.4945
108297,0.1862
108301,0.516
108316,0.2544
108317,0.7215
108330,0.3175
108337,0.3949
108349,0.4979
108358,0.5933
108365,0.6222
108372,0.6944
108374,0.5494
108383,0.5238
108394,0.1749
108395,0.2227
108406,0.3774
108407,0.5809
108412,0.3434
108419,0.2624
108424,0.5172
108430,0.5239
108432,0.5182
108436,0.4783
108437,0.4219
108445,0.1971
108447,0.5628
108452,0.4427
108453,0.5083
108454,0.4367
108458,0.3231
108463,0.2376
108467,0.6291
108470,0.1689
108473,0.11
108476,0.3672
108479,0.3207
108480,0.1496
108488,0.4627
108489,0.6786
108494,0.2647
108497,0.5461
108500,0.3346
108506,0.1011
108507,0.5045
108510,0.3631
108512,0.445
108516,0.4468
108518,0.3155
108519,0.3557
108522,0.5386
108528,0.2875
108530,0.2709
108547,0.0907
108549,0.4201
108552,0.4988
108554,0.5391
108559,0.6592
108563,0.2449
108573,0.403
108575,0.0583
108578,0.6487
108581,0.2147
108584,0.3673
108586,0.5526
108595,0.3157
108596,0.1994
108602,0.3723
108609,0.7368
108611,0.5669
108621,0.4785
108623,0.6135
108625,0.5226
108634,0.5958
108646,0.5792
108652,0.1988
108654,0.7472
108657,0.452
108661,0.5128
108664,0.2838
108669,0.3625
108670,0.2335
108673,0.3518
108675,0.7159
108690,0.4677
108691,0.3807
108698,0.2784
108699,0.244
108701,0.579
108702,0.3938
108703,0.3274
108704,0.3617
108708,0.2033
108720,0.5312
108723,0.726
108724,0.6126
108732,0.1651
108744,0.7866
108753,0.2168
108754,0.2772
108762,0.3138
108769,0.6195
108771,0.5156
108776,0.268
108786,0.3849
108795,0.4581
108814,0.2471
108822,0.5295
108827,0.2885
108829,0.6906
108831,0.446
108834,0.6713
108835,0.347
108836,0.3687
108844,0.4807
108863,0.4259
108868,0.5158
108873,0.4863
108878,0.2296
108879,0.4156
108884,0.0689
108885,0.6565
108887,0.1001
108897,0.3309
108905,0.2458
108911,0.3396
108912,0.5127
108924,0.7349
108935,0.383
108937,0.2614
108939,0.5063
108947,0.3363
108949,0.4336
108950,0.0954
108953,0.4033
108954,0.1941
108957,0.6516
108958,0.5844
108972,0.6562
108978,0.2706
108984,0.6576
108987,0.2812
108989,0.1984
108993,0.1857
108995,0.7449
109006,0.1666
109007,0.2961
109009,0.5627
109012,0.3009
109015,0.6129
109018,0.4893
109020,0.41
109027,0.1771
109031,0.3434
109050,0.6495
109056,0.3634
109065,0.1939
109066,0.5796
109070,0.379
109072,0.3386
109074,0.5118
109075,0.2801
109094,0.4301
109097,0.3693
109098,0.2832
109124,0.4794
109133,0.6213
109138,0.6722
109157,0.3725
109161,0.6888
109164,0.5328
109176,0.1628
109189,0.1332
109193,0.1277
109195,0.584
109217,0.4175
109221,0.3963
109223,0.5249
109240,0.4293
109242,0.229
109254,0.2588
109256,0.1936
109276,0.5231
109283,0.3815
109286,0.1902
109292,0.422
109293,0.6758
109296,0.6283
109298,0.3883
109306,0.5335
109310,0.3128
109314,0.5436
109316,0.2795
109322,0.1113
109330,0.3539
109336,0.5402
109341,0.3898
109346,0.2358
109360,0.5238
109362,0.5257
109365,0.2053
109374,0.5985
109375,0.2041
109390,0.1115
109392,0.493
109397,0.5291
109405,0.6513
109408,0.3386
109412,0.3221
109413,0.6884
109414,0.233
109417,0.4964
109422,0.1985
109430,0.2923
109432,0.2119
109439,0.4644
109445,0.2854
109446,0.318
109451,0.1513
109453,0.2533
109454,0.1381
109456,0.1247
109465,0.3843
109487,0.3068
109491,0.2944
109494,0.5059
109497,0.6948
109503,0.3063
109507,0.2661
109508,0.4463
109512,0.6309
109513,0.4799
109526,0.2522
109527,0.2478
109528,0.5818
109531,0.5498
109535,0.5571
109540,0.5653
109545,0.5285
109552,0.6025
109553,0.5606
109562,0.166
109566,0.3904
109572,0.343
109581,0.5321
109587,0.415
109589,0.3865
109590,0.3157
109594,0.6898
109598,0.4598
109601,0.6933
109616,0.3719
109617,0.4944
109618,0.5888
109620,0.7328
109622,0.3507
109629,0.651
109637,0.1885
109646,0.5125
109648,0.0535
109649,0.2166
109657,0.5184
109676,0.663
109683,0.4628
109695,0.4062
109710,0.1377
109711,0.3959
109729,0.4921
109742,0.5146
109763,0.6633
109765,0.4216
109777,0.56
109782,0.6574
109789,0.1283
109792,0.7502
109809,0.625
109813,0.1778
109814,0.2434
109819,0.1776
109822,0.6309
109829,0.5124
109830,0.325
109832,0.6396
109836,0.6264
109839,0.4771
109840,0.3668
109850,0.5675
109853,0.4673
109855,0.5051
109862,0.5286
109867,0.2273
109868,0.6866
109869,0.3223
109870,0.5787
109871,0.5548
109886,0.7197
109892,0.2168
109894,0.1965
109919,0.2824
109933,0.6188
109934,0.3459
109936,0.6901
109938,0.2725
109943,0.7544
109944,0.5234
109946,0.4933
109948,0.6806
109949,0.4876
109951,0.1853
109965,0.4907
109969,0.2405
109983,0.2708
109993,0.361
109997,0.3467
109999,0.4398
110005,0.4187
110012,0.672
110015,0.7292
110019,0.151
110021,0.3992
110025,0.0979
110028,0.8174
110032,0.6547
110033,0.534
110034,0.1424
110042,0.3885
110046,0.4093
110048,0.6214
110053,0.2658
110054,0.327
110055,0.451
110075,0.5295
110094,0.3268
110095,0.3215
110116,0.6841
110122,0.1188
110127,0.5943
110132,0.5562
110134,0.511
110136,0.1124
110139,0.3506
110146,0.4152
110150,0.3825
110151,0.3819
110152,0.3703
110154,0.6471
110165,0.2316
110167,0.4289
110176,0.683
110188,0.795
110191,0.64
110197,0.258
110200,0.1546
110215,0.5322
110218,0.5546
110228,0.2789
110230,0.1626
110234,0.186
110236,0.417
110246,0.3329
110248,0.6263
110250,0.3382
110252,0.1622
110286,0.1779
110288,0.6221
110289,0.3733
110300,0.42
110302,0.576
110307,0.6362
110308,0.7241
110318,0.5461
110324,0.3607
110325,0.2668
110326,0.5277
110327,0.381
110333,0.3341
110340,0.254
110351,0.489
110355,0.0822
110364,0.5987
110375,0.3766
110377,0.3522
110383,0.4925
110384,0.6555
110387,0.3024
110395,0.2864
110399,0.4918
110400,0.0518
110403,0.4198
110405,0.2358
110407,0.6751
110409,0.3644
110418,0.4936
110433,0.4784
110438,0.4114
110446,0.6518
110447,0.5271
110448,0.6898
110464,0.4462
110478,0.1964
110486,0.6528
110490,0.4755
110504,0.0853
110505,0.4197
110520,0.4285
110525,0.5076
110528,0.6263
110530,0.4431
110532,0.312
110534,0.4392
110538,0.567
110546,0.4081
110551,0.6423
110553,0.3521
110558,0.1953
110565,0.715
110578,0.5395
110582,0.6842
110589,0.5682
110590,0.406
110604,0.3231
110605,0.3827
110609,0.1459
110612,0.3671
110615,0.1923
110617,0.5017
110625,0.2976
110627,0.3868
110635,0.3353
110641,0.716
110645,0.3315
110646,0.2774
110654,0.2461
110656,0.3693
110666,0.407
110667,0.2244
110669,0.3887
110670,0.3418
110671,0.4199
110674,0.1967
110682,0.5678
110686,0.4259
110687,0.4201
110690,0.2155
110694,0.6872
110697,0.3552
110698,0.3091
110699,0.2877
110702,0.1799
110706,0.7353
110707,0.1947
110710,0.5103
110712,0.2172
110714,0.6173
110725,0.2345
110726,0.3371
110731,0.0931
110732,0.27
110737,0.3397
110738,0.5939
110739,0.6574
110745,0.5522
110748,0.6422
110750,0.2036
110755,0.6752
110762,0.1813
110765,0.5778
110771,0.5826
110774,0.478
110775,0.5203
110784,0.5443
110787,0.6708
110788,0.6746
110790,0.4042
110791,0.7134
110793,0.4637
110800,0.5753
110811,0.478
110813,0.5246
110816,0.1432
110817,0.4968
110827,0.4029
110830,0.6688
110834,0.3841
110836,0.1975
110837,0.4082
110839,0.4742
110840,0.4738
110846,0.321
110867,0.4465
110871,0.3864
110872,0.5397
110875,0.7081
110886,0.4837
110888,0.4259
110892,0.4929
110895,0.292
110899,0.7779
110902,0.6739
110903,0.4687
110906,0.3062
110909,0.394
110911,0.4542
110912,0.6592
110914,0.2843
110915,0.6937
110919,0.7779
110924,0.3196
110926,0.4527
110932,0.5119
110933,0.2253
110935,0.4057
110940,0.359
110946,0.6845
110947,0.1244
110949,0.7117
110952,0.4566
110953,0.3848
110962,0.2241
110971,0.5357
110980,0.3727
110991,0.3025
110995,0.5181
110996,0.4688
110998,0.2793
111000,0.1465
111002,0.4876
111010,0.127
111014,0.5362
111016,0.6075
111019,0.2172
111022,0.2991
111028,0.2888
111032,0.3399
111034,0.571
111043,0.5536
111045,0.4876
111048,0.4827
111053,0.2008
111065,0.3388
111067,0.2395
111070,0.4386
111075,0.2245
111083,0.6504
111085,0.2167
111087,0.3296
111092,0.7006
111097,0.4671
111105,0.5158
111106,0.1936
111113,0.4958
111116,0.5481
111124,0.8358
111126,0.3336
111128,0.623
111130,0.6661
111140,0.6976
111145,0.295
111163,0.2795
111164,0.1893
111165,0.5391
111168,0.4085
111171,0.5393
111181,0.1501
111182,0.397
111190,0.1528
111192,0.0647
111195,0.6718
111197,0.6735
111205,0.2208
111207,0.4347
111209,0.6146
111211,0.3842
111212,0.3041
111214,0.6554
111216,0.4917
111222,0.7028
111223,0.451
111231,0.1163
111234,0.5559
111239,0.3123
111242,0.5988
111245,0.6161
111246,0.6538
111252,0.5599
111255,0.1193
111259,0.7651
111267,0.7018
111269,0.8286
111270,0.4927
111275,0.625
111278,0.5226
111288,0.4956
111293,0.0474
111310,0.4762
111311,0.5421
111315,0.2177
111321,0.363
111323,0.2124
111326,0.7469
111330,0.652
111335,0.4479
111337,0.6364
111340,0.4352
111349,0.317
111359,0.7165
111362,0.6304
111367,0.4994
111368,0.6113
111383,0.5119
111399,0.5308
111400,0.4594
111404,0.4541
111411,0.4744
111413,0.2472
111419,0.4199
111423,0.3023
111433,0.666
111434,0.6716
111435,0.54
111438,0.2285
111450,0.2133
111470,0.5376
111472,0.5324
111474,0.6641
111485,0.6205
111486,0.6012
111491,0.4887
111492,0.28
111497,0.5208
111506,0.4062
111509,0.3285
111519,0.3307
111523,0.6497
111524,0.4601
111526,0.5256
111528,0.5705
111538,0.5748
111544,0.746
111546,0.4253
111557,0.2044
111559,0.4244
111560,0.5144
111561,0.3073
111562,0.4784
111588,0.5478
111591,0.0957
111592,0.3749
111593,0.7069
111595,0.3107
111601,0.7357
111607,0.511
111630,0.6127
111646,0.5323
111649,0.2032
111650,0.2366
111656,0.4942
111659,0.3439
111660,0.478
111676,0.2997
111680,0.6722
111681,0.457
111689,0.1023
111693,0.4099
111698,0.6431
111707,0.4918
111712,0.7467
111718,0.3258
111720,0.17
111721,0.2259
111728,0.0553
111734,0.5552
111736,0.3279
111742,0.427
111743,0.2409
111747,0.3481
111750,0.1368
111764,0.2083
111775,0.501
111780,0.5394
111782,0.6495
111786,0.4503
111788,0.2026
111789,0.4031
111792,0.5971
111808,0.221
111815,0.6712
111821,0.4326
111823,0.1935
111827,0.3827
111830,0.3579
111832,0.6693
111835,0.3103
111842,0.3459
111843,0.0971
111847,0.5907
111857,0.1637
111871,0.5545
111884,0.0953
111893,0.7516
111902,0.5434
111921,0.5852
111933,0.4673
111934,0.6233
111939,0.148
111942,0.3171
111951,0.3829
111953,0.3319
111958,0.1735
111985,0.1494
111988,0.2778
111990,0.3587
111995,0.2757
111996,0.4648
112014,0.3205
112023,0.1918
112026,0.3795
112027,0.7156
112030,0.6798
112031,0.6916
112032,0.3265
112033,0.5611
112034,0.1389
112035,0.6802
112041,0.5698
112044,0.4531
112046,0.4939
112049,0.3568
112066,0.2896
112069,0.324
112070,0.6712
112083,0.2999
112089,0.1627
112093,0.784
112097,0.1342
112102,0.4793
112104,0.233
112111,0.4441
112118,0.4371
112119,0.1752
112120,0.3529
112126,0.188
112129,0.5781
112130,0.1955
112132,0.4677
112141,0.2976
112143,0.0726
112148,0.6444
112149,0.3529
112150,0.3093
112157,0.4222
112159,0.5498
112175,0.4012
112182,0.6085
112185,0.6117
112186,0.1417
112190,0.3856
112195,0.4683
112201,0.2832
112206,0.3342
112208,0.5177
112213,0.2016
112217,0.3721
112222,0.3825
112223,0.2463
112235,0.124
112236,0.2506
112238,0.512
112241,0.1849
112246,0.5827
112250,0.3777
112253,0.7604
112259,0.3547
112269,0.4771
112272,0.1068
112273,0.1739
112281,0.0813
112286,0.3997
112289,0.4637
112291,0.1838
112292,0.3316
112297,0.6726
112299,0.1675
112303,0.4145
112308,0.233
112313,0.6189
112317,0.5698
112320,0.3047
112330,0.4371
112334,0.2424
112335,0.408
112340,0.1686
112341,0.5726
112350,0.1422
112353,0.2365
112354,0.718
112363,0.3353
112364,0.4156
112382,0.5597
112389,0.5092
112394,0.1415
112397,0.7436
112405,0.185
112409,0.4521
112410,0.0649
112419,0.4563
112432,0.8171
112436,0.4075
112438,0.3085
112440,0.4941
112443,0.5869
112445,0.533
112455,0.6968
112459,0.35
112462,0.1447
112465,0.3604
112468,0.7275
112475,0.4144
112478,0.6469
112481,0.4146
112486,0.4497
112489,0.4725
112496,0.4448
112501,0.6155
112512,0.5068
112514,0.6034
112518,0.3643
112522,0.6159
112529,0.4291
112543,0.3826
112561,0.4039
112562,0.1348
112566,0.2703
112569,0.2552
112570,0.4997
112572,0.7591
112575,0.3508
112578,0.5335
112584,0.4665
112585,0.4305
112587,0.6862
112588,0.3895
112595,0.2765
112597,0.394
112602,0.4646
112605,0.3332
112606,0.4467
112608,0.6436
112609,0.4767
112612,0.3274
112618,0.1096
112621,0.5463
112625,0.7703
112636,0.2038
112654,0.4285
112666,0.4604
112668,0.0802
112673,0.1566
112678,0.3008
112680,0.3992
112681,0.4759
112686,0.6153
112687,0.3527
112693,0.1855
112694,0.4869
112698,0.424
112699,0.3674
112708,0.6308
112709,0.5849
112714,0.6406
112718,0.5341
112724,0.465
112725,0.6233
112728,0.5737
112730,0.5317
112739,0.6921
112740,0.7292
112741,0.6381
112756,0.6751
112761,0.5328
112771,0.3705
112775,0.4394
112779,0.6694
112785,0.7282
112787,0.5956
112788,0.3247
112793,0.4008
112801,0.6028
112804,0.4611
112814,0.3472
112818,0.2061
112820,0.7744
112821,0.2848
112822,0.4076
112825,0.5313
112831,0.6546
112849,0.5278
112851,0.5492
112864,0.4415
112865,0.4672
112866,0.6711
112867,0.4361
112877,0.5593
112878,0.7074
112882,0.3445
112886,0.5088
112888,0.2237
112890,0.3588
112892,0.4471
112894,0.2654
112895,0.7512
112896,0.5484
112898,0.5505
112903,0.3233
112906,0.3714
112908,0.6143
112912,0.29
112923,0.2697
112938,0.7104
112944,0.2323
112945,0.1498
112962,0.5066
112971,0.1555
112990,0.2296
112997,0.5184
112999,0.0805
113004,0.5874
113005,0.388
113006,0.5725
113016,0.4572
113019,0.4417
113020,0.4231
113025,0.3992
113027,0.4088
113029,0.461
113032,0.3859
113034,0.5954
113038,0.3736
113043,0.3441
113044,0.6281
113053,0.6191
113056,0.2663
113057,0.2836
113059,0.0822
113063,0.4336
113067,0.5651
113070,0.1811
113075,0.7014
113076,0.6045
113080,0.6126
113084,0.3539
113085,0.3808
113093,0.1687
113095,0.0919
113109,0.2473
113115,0.6091
113116,0.5056
113126,0.5401
113137,0.6281
113138,0.6216
113139,0.4796
113143,0.5166
113145,0.4024
113149,0.3474
113155,0.3807
113156,0.2819
113158,0.6549
113159,0.2401
113167,0.4962
113168,0.2697
113171,0.3596
113173,0.604
113181,0.2495
113182,0.4202
113188,0.4283
113194,0.1887
113209,0.638
113212,0.3929
113218,0.6554
113220,0.3978
113226,0.0946
113229,0.5839
113230,0.4704
113232,0.6753
113240,0.1639
113246,0.1694
113252,0.3355
113261,0.3408
113267,0.4738
113268,0.521
113273,0.5945
113277,0.346
113289,0.4752
113293,0.5428
113298,0.4835
113299,0.6137
113300,0.3838
113301,0.5142
113307,0.6733
113312,0.2887
113322,0.3555
113325,0.5329
113326,0.397
113328,0.0759
113330,0.3633
113333,0.2024
113334,0.1642
113342,0.4582
113343,0.1028
113344,0.4185
113357,0.6384
113358,0.3478
113362,0.3264
113365,0.5163
113368,0.4396
113371,0.5128
113372,0.6993
113374,0.4472
113381,0.3824
113388,0.6691
113391,0.3923
113393,0.3969
113414,0.2041
113415,0.2388
113416,0.4809
113417,0.238
113419,0.6126
113421,0.6276
113423,0.5224
113434,0.5079
113443,0.4778
113444,0.2279
113453,0.4871
113460,0.613
113468,0.2593
113472,0.6968
113478,0.5646
113484,0.6214
113486,0.294
113497,0.6053
113500,0.5339
113503,0.6915
113508,0.1931
113515,0.2221
113527,0.3152
113533,0.402
113538,0.2685
113543,0.3274
113549,0.7134
113550,0.5577
113551,0.2648
113560,0.2197
113563,0.6178
113566,0.5019
113570,0.2301
113579,0.2267
113587,0.5686
113593,0.2075
113602,0.3351
113605,0.2253
113609,0.2473
113616,0.405
113624,0.4369
113627,0.4059
113629,0.0967
113633,0.4903
113644,0.4481
113648,0.061
113652,0.3816
113655,0.5276
113657,0.7875
113659,0.568
113662,0.5725
113666,0.4003
113672,0.4926
113677,0.6036
113679,0.4325
113681,0.2982
113684,0.7954
113686,0.4516
113697,0.482
113702,0.6271
113705,0.5668
113708,0.2756
113720,0.2504
113721,0.3343
113733,0.0794
113740,0.4965
113764,0.472
113769,0.2386
113771,0.3522
113773,0.6652
113780,0.6116
113781,0.2239
113785,0.6853
113795,0.543
113796,0.2754
113800,0.4876
113803,0.6628
113813,0.1551
113814,0.228
113818,0.2276
113821,0.6658
113823,0.2184
113827,0.1347
113829,0.6988
113830,0.3424
113840,0.2588
113845,0.1021
113846,0.3358
113847,0.3185
113856,0.3012
113857,0.5778
113858,0.1675
113868,0.3101
113872,0.6885
113884,0.335
113888,0.8069
113891,0.4881
113892,0.2385
113893,0.7534
113894,0.4122
113896,0.387
113899,0.0796
113900,0.2634
113911,0.1865
113925,0.3593
113928,0.502
113931,0.3833
113935,0.3098
113938,0.2205
113947,0.3275
113948,0.6009
113950,0.4809
113951,0.7752
113961,0.5572
113965,0.5998
113983,0.3433
113987,0.3113
113988,0.5585
113996,0.4712
114001,0.3659
114008,0.4213
114017,0.125
114019,0.2874
114030,0.5621
114049,0.6697
114053,0.0907
114055,0.4405
114058,0.2009
114059,0.2463
114062,0.699
114064,0.2808
114070,0.7402
114074,0.5489
114079,0.4558
114082,0.682
114084,0.4026
114088,0.3609
114096,0.1066
114103,0.1646
114106,0.1574
114110,0.3063
114113,0.2065
114120,0.4751
114130,0.2666
114131,0.5073
114135,0.5979
114142,0.7033
114144,0.2635
114151,0.4109
114159,0.278
114164,0.12
114165,0.3712
114185,0.3379
114195,0.095
114196,0.0812
114197,0.6415
114200,0.4832
114202,0.4338
114211,0.1209
114216,0.5168
114232,0.0996
114235,0.3823
114238,0.3844
114245,0.4709
114247,0.1303
114250,0.5125
114252,0.2015
114255,0.3788
114259,0.2047
114264,0.5799
114266,0.4555
114269,0.4916
114273,0.4125
114284,0.1208
114287,0.3589
114288,0.5068
114289,0.2351
114293,0.4656
114296,0.4489
114306,0.2208
114312,0.6311
114322,0.3442
114326,0.2622
114333,0.4137
114344,0.0866
114347,0.2972
114355,0.4691
114360,0.5545
114371,0.1402
114372,0.4429
114380,0.4829
114388,0.2608
114389,0.3576
114390,0.4778
114404,0.2203
114407,0.3826
114423,0.4773
114424,0.5482
114428,0.065
114432,0.2753
114436,0.1183
114440,0.6774
114443,0.502
114444,0.3402
114445,0.4297
114447,0.5624
114451,0.3116
114452,0.4686
114454,0.2905
114456,0.5478
114463,0.4882
114472,0.3296
114473,0.464
114484,0.6607
114493,0.3879
114495,0.7547
114498,0.3849
114502,0.2204
114509,0.0803
114519,0.4356
114539,0.6979
114542,0.3798
114543,0.3372
114550,0.511
114552,0.4154
114558,0.2021
114560,0.2644
114567,0.5003
114573,0.4369
114577,0.5437
114586,0.6453
114591,0.3918
114603,0.4156
114604,0.0565
114615,0.472
114620,0.0971
114625,0.4755
114642,0.2915
114650,0.6613
114652,0.6147
114655,0.6873
114659,0.5931
114666,0.1765
114671,0.5495
114675,0.5078
114676,0.6512
114677,0.6446
114684,0.4831
114686,0.3762
114688,0.5988
114701,0.3745
114702,0.7458
114712,0.1851
114717,0.4127
114718,0.4394
114720,0.2641
114727,0.787
114729,0.3334
114745,0.2677
114760,0.3546
114761,0.367
114766,0.5505
114767,0.7147
114770,0.292
114787,0.4205
114799,0.5017
114800,0.6096
114803,0.7074
114816,0.5694
114818,0.4839
114819,0.2912
114821,0.1344
114832,0.0713
114845,0.5768
114846,0.2506
114851,0.6113
114855,0.754
114867,0.3965
114881,0.3867
114896,0.5989
114904,0.1917
114906,0.3408
114917,0.6291
114923,0.5546
114924,0.634
114926,0.3209
114927,0.544
114932,0.3729
114937,0.0924
114938,0.3501
114942,0.4342
114943,0.411
114951,0.405
114960,0.4464
114965,0.506
114968,0.3144
114971,0.6028
114979,0.642
114988,0.0813
114993,0.321
114995,0.4158
115000,0.1878
115013,0.165
115026,0.4822
115036,0.2204
115051,0.158
115060,0.5401
115064,0.1064
115065,0.1323
115070,0.6538
115072,0.147
115073,0.2655
115079,0.3426
115096,0.4406
115098,0.2636
115110,0.164
115118,0.1168
115121,0.374
115123,0.6427
115131,0.4298
115143,0.6436
115146,0.2198
115162,0.3583
115163,0.3298
115166,0.387
115167,0.6227
115180,0.5646
115182,0.3612
115186,0.6752
115189,0.4884
115195,0.5013
115199,0.7052
115201,0.3367
115203,0.1103
115205,0.4027
115215,0.3766
115223,0.5788
115227,0.2388
115246,0.7374
115248,0.2738
115250,0.622
115252,0.6449
115258,0.5139
115263,0.5955
115264,0.4347
115272,0.4436
115275,0.5235
115283,0.375
115284,0.6269
115286,0.4084
115289,0.4865
115293,0.2721
115295,0.3276
115299,0.2357
115318,0.2766
115321,0.348
115340,0.3013
115350,0.299
115351,0.1799
115356,0.2498
115360,0.7082
115362,0.0885
115375,0.2949
115380,0.7206
115385,0.6529
115387,0.5242
115389,0.3948
115395,0.4228
115403,0.6441
115407,0.5982
115415,0.7135
115418,0.7109
115423,0.2631
115424,0.2643
115425,0.2478
115429,0.3634
115434,0.3407
115439,0.6674
115442,0.2796
115446,0.2073
115447,0.1632
115448,0.3427
115453,0.4812
115455,0.3389
115460,0.1498
115462,0.6566
115467,0.4379
115468,0.6098
115471,0.3574
115475,0.1131
115488,0.2672
115495,0.3442
115496,0.6423
115499,0.6988
115501,0.7138
115514,0.4932
115522,0.4046
115545,0.2985
115546,0.3936
115551,0.6998
115553,0.0943
115555,0.5608
115563,0.3305
115564,0.3642
115565,0.7123
115573,0.4464
115579,0.1469
115583,0.4494
115585,0.2944
115594,0.5079
115595,0.4137
115597,0.2261
115599,0.6221
115602,0.4009
115604,0.1308
115611,0.4791
115612,0.4175
115619,0.2065
115624,0.1875
115626,0.7112
115627,0.7243
115632,0.6407
115636,0.3238
115637,0.4954
115646,0.7081
115648,0.2894
115656,0.4969
115658,0.331
115659,0.1812
115667,0.5749
115680,0.3785
115682,0.3656
115685,0.3707
115686,0.2887
115694,0.5665
115699,0.5369
115707,0.5604
115710,0.4857
115714,0.3105
115715,0.3021
115716,0.3619
115722,0.6622
115741,0.6572
115745,0.271
115746,0.6106
115754,0.7136
115757,0.4382
115758,0.6844
115770,0.5739
115779,0.4506
115784,0.5985
115789,0.7027
115798,0.4115
115801,0.4576
115815,0.2591
115820,0.4461
115827,0.386
115828,0.1076
115830,0.4976
115835,0.0969
115836,0.4877
115839,0.2896
115841,0.2469
115842,0.4391
115843,0.4606
115845,0.5913
115846,0.4105
115850,0.4429
115862,0.1311
115866,0.5427
115870,0.5902
115879,0.4551
115885,0.5489
115888,0.5379
115890,0.4897
115892,0.4552
115903,0.2916
115910,0.1455
115912,0.1537
115917,0.4356
115922,0.732
115928,0.5562
115929,0.3671
115934,0.6925
115936,0.6458
115938,0.658
115940,0.6647
115948,0.5738
115961,0.4957
115962,0.2799
115965,0.2515
115976,0.6806
115978,0.3482
115985,0.4353
115991,0.1117
116000,0.1629
116001,0.3748
116003,0.4245
116012,0.5452
116023,0.2571
116027,0.2208
116029,0.5848
116033,0.5849
116034,0.5255
116036,0.1277
116044,0.1598
116045,0.3729
116051,0.5834
116057,0.1198
116058,0.2171
116065,0.4345
116066,0.5074
116071,0.6545
116092,0.4046
116093,0.4217
116099,0.6152
116102,0.6505
116114,0.1102
116115,0.3785
116116,0.2646
116131,0.3796
116132,0.6098
116136,0.3158
116137,0.5037
116139,0.1241
116147,0.4554
116148,0.2972
116152,0.4432
116157,0.1953
116161,0.4312
116163,0.3917
116169,0.6944
116170,0.1313
116182,0.1399
116184,0.3787
116192,0.1625
116202,0.2169
116204,0.215
116218,0.5467
116221,0.6111
116223,0.2151
116229,0.4067
116231,0.2939
116233,0.6428
116234,0.6453
116248,0.1411
116252,0.4432
116253,0.348
116258,0.3807
116260,0.5549
116261,0.4182
116265,0.5124
116278,0.3717
116283,0.577
116288,0.5634
116289,0.3327
116301,0.6036
116303,0.3897
116307,0.263
116317,0.6962
116326,0.1706
116328,0.3395
116344,0.7726
116349,0.3162
116352,0.6402
116353,0.2573
116358,0.3738
116368,0.6334
116378,0.5221
116384,0.1664
116387,0.2939
116390,0.3085
116393,0.4623
116401,0.4825
116405,0.1002
116406,0.2577
116407,0.343
116414,0.2631
116416,0.6006
116420,0.2525
116429,0.5519
116433,0.5321
116438,0.7111
116443,0.3153
116444,0.297
116447,0.5605
116448,0.0748
116453,0.3357
116455,0.1062
116470,0.5404
116471,0.2399
116477,0.4841
116478,0.5843
116480,0.4292
116481,0.537
116482,0.3107
116488,0.1153
116490,0.6308
116492,0.2397
116496,0.623
116506,0.6258
116507,0.2602
116508,0.0738
116520,0.4127
116528,0.6287
116530,0.5394
116532,0.5435
116534,0.6029
116552,0.4661
116558,0.4642
116567,0.672
116572,0.5495
116579,0.598
116591,0.5233
116593,0.5197
116600,0.5471
116601,0.6755
116602,0.4987
116607,0.5311
116610,0.4427
116612,0.1482
116615,0.4201
116624,0.636
116626,0.5837
116627,0.4631
116634,0.1967
116648,0.6257
116657,0.2971
116665,0.7669
116668,0.5767
116682,0.2579
116689,0.333
116692,0.3021
116693,0.5395
116714,0.6206
116719,0.2346
116723,0.3763
116732,0.2731
116740,0.3121
116743,0.6465
116747,0.3292
116750,0.7077
116752,0.534
116754,0.6473
116765,0.6331
116769,0.4428
116785,0.5023
116792,0.389
116794,0.4416
116796,0.1687
116797,0.3188
116800,0.2373
116802,0.3456
116804,0.4573
116816,0.3406
116823,0.2502
116831,0.4268
116849,0.2773
116861,0.1375
116865,0.1149
116866,0.0836
116869,0.5607
116875,0.524
116879,0.2899
116885,0.307
116886,0.5099
116887,0.4811
116893,0.3127
116903,0.1076
116907,0.2883
116913,0.5102
116920,0.5708
116925,0.42
116926,0.4964
116931,0.5303
116932,0.5198
116937,0.6026
116940,0.2489
116950,0.3112
116952,0.4591
116960,0.1354
116961,0.4765
116972,0.4041
116981,0.7111
116987,0.6148
116999,0.5502
117000,0.5137
117003,0.4617
117004,0.3534
117023,0.379
117027,0.4769
117029,0.6902
117030,0.6895
117031,0.3819
117033,0.3796
117044,0.308
117058,0.5428
117065,0.2422
117067,0.3544
117074,0.4917
117080,0.6726
117082,0.5668
117092,0.1373
117093,0.3232
117095,0.3212
117096,0.4107
117101,0.4371
117116,0.7402
117117,0.461
117118,0.2936
117120,0.2302
117121,0.6856
117126,0.5176
117142,0.5636
117151,0.6529
117154,0.4434
117171,0.5102
117183,0.3839
117185,0.0649
117189,0.7007
117200,0.6488
117201,0.3333
117211,0.5657
117214,0.706
117219,0.4989
117230,0.353
117245,0.2619
117250,0.649
117253,0.0633
117259,0.7635
117263,0.4491
117264,0.6114
117266,0.484
117268,0.7606
117270,0.5863
117279,0.5461
117285,0.2725
117296,0.4795
117298,0.4792
117303,0.3384
117305,0.3206
117308,0.5147
117310,0.1611
117312,0.2628
117313,0.5252
117316,0.5687
117318,0.4211
117322,0.2754
117332,0.4035
117348,0.3675
117358,0.2638
117364,0.3349
117366,0.5333
117375,0.4524
117388,0.589
117394,0.6627
117395,0.4598
117400,0.5929
117403,0.6707
117408,0.4079
117416,0.6295
117422,0.3612
117427,0.2247
117428,0.1994
117433,0.3123
117446,0.6912
117451,0.3374
117452,0.5322
117454,0.5678
117460,0.6062
117461,0.2227
117463,0.6133
117464,0.0603
117467,0.4956
117482,0.5582
117483,0.5301
117487,0.4939
117502,0.3086
117511,0.1588
117518,0.6515
117522,0.6251
117523,0.4083
117527,0.3985
117540,0.6058
117555,0.5885
117556,0.4168
117566,0.7694
117569,0.3966
117575,0.7117
117580,0.4127
117581,0.3354
117588,0.6279
117599,0.5357
117601,0.3608
117607,0.3458
117610,0.2483
117624,0.3388
117630,0.4761
117652,0.5909
117656,0.6475
117658,0.3446
117659,0.1904
117665,0.414
117666,0.4041
117671,0.3922
117673,0.57
117690,0.5877
117692,0.267
117693,0.2389
117699,0.1425
117704,0.0941
117710,0.6115
117722,0.5146
117737,0.3179
117756,0.6739
117758,0.7306
117764,0.2103
117776,0.6675
117778,0.5104
117782,0.2425
117787,0.3148
117792,0.5462
117799,0.1134
117801,0.2534
117803,0.59
117826,0.5741
117832,0.2503
117858,0.5064
117860,0.3459
117868,0.3741
117872,0.7287
117875,0.3342
117876,0.3689
117878,0.2421
117904,0.0874
117937,0.7456
117939,0.2274
117946,0.3158
117947,0.6006
117953,0.4231
117955,0.5731
117962,0.4487
117963,0.3064
117969,0.3977
117972,0.3634
117973,0.693
117978,0.4065
117981,0.2552
117987,0.4125
118000,0.4087
118004,0.1615
118009,0.3801
118011,0.3346
118021,0.7068
118022,0.6182
118025,0.2387
118028,0.3031
118029,0.3452
118030,0.5266
118035,0.3864
118045,0.3135
118046,0.3935
118061,0.5608
118062,0.4053
118067,0.73
118068,0.4781
118070,0.456
118074,0.633
118079,0.452
118083,0.6934
118086,0.289
118088,0.1403
118090,0.2724
118091,0.5969
118092,0.5596
118093,0.4245
118097,0.3079
118115,0.4652
118122,0.119
118129,0.4078
118134,0.4387
118135,0.7782
118136,0.1598
118138,0.3434
118139,0.2734
118142,0.674
118144,0.6016
118145,0.5007
118146,0.5347
118151,0.4442
118152,0.3775
118160,0.4524
118167,0.6818
118174,0.5529
118176,0.5457
118191,0.5886
118196,0.5385
118207,0.3258
118210,0.4912
118212,0.3121
118213,0.122
118219,0.2027
118220,0.183
118240,0.7151
118243,0.6452
118248,0.5562
118250,0.327
118252,0.2303
118255,0.5582
118264,0.5882
118265,0.6463
118266,0.2758
118267,0.5389
118272,0.5956
118281,0.4414
118283,0.3758
118289,0.5731
118293,0.2708
118295,0.6779
118318,0.3101
118320,0.4594
118323,0.4038
118338,0.4346
118340,0.3857
118346,0.0969
118347,0.5825
118349,0.5043
118350,0.5543
118353,0.4308
118355,0.3258
118356,0.082
118379,0.1139
118383,0.0807
118387,0.2401
118393,0.2648
118399,0.1047
118402,0.5081
118403,0.4494
118408,0.4047
118417,0.5337
118422,0.3569
118432,0.3792
118437,0.4006
118438,0.2885
118439,0.5704
118440,0.3851
118444,0.4481
118455,0.6793
118456,0.3702
118461,0.2638
118462,0.1411
118470,0.2787
118476,0.1927
118482,0.5808
118483,0.5161
118486,0.4209
118488,0.5123
118493,0.168
118501,0.3475
118513,0.4891
118517,0.4595
118524,0.4954
118526,0.2679
118528,0.5814
118543,0.4282
118544,0.3262
118548,0.4055
118551,0.38
118552,0.1827
118559,0.4646
118572,0.2394
118577,0.2131
118578,0.3078
118581,0.4613
118584,0.3197
118585,0.4519
118594,0.4919
118601,0.7527
118612,0.4291
118615,0.4095
118616,0.5706
118618,0.2725
118621,0.2373
118626,0.4783
118627,0.3834
118636,0.3511
118641,0.6326
118648,0.5636
118651,0.3623
118652,0.5151
118657,0.3316
118663,0.5057
118675,0.0822
118681,0.5717
118683,0.7333
118696,0.3288
118698,0.1817
118702,0.4538
118706,0.6474
118709,0.171
118715,0.6669
118721,0.4329
118722,0.7156
118725,0.4945
118735,0.3699
118738,0.3243
118743,0.4652
118744,0.3523
118748,0.5657
118751,0.2932
118753,0.2346
118754,0.3528
118764,0.401
118765,0.291
118768,0.4685
118791,0.3566
118794,0.4372
118800,0.4912
118819,0.1478
118822,0.5822
118823,0.4744
118825,0.0994
118831,0.312
118834,0.587
118836,0.2372
118837,0.2143
118846,0.4317
118855,0.3636
118864,0.2136
118866,0.3872
118874,0.693
118886,0.5092
118888,0.3439
118893,0.4464
118911,0.3564
118916,0.3771
118922,0.4439
118924,0.4742
118932,0.3772
118937,0.6274
118940,0.279
118941,0.503
118949,0.5609
118951,0.3736
118953,0.5706
118965,0.0958
118968,0.4879
118971,0.4177
118976,0.3262
118987,0.7208
118988,0.4274
118990,0.0973
119005,0.7171
119008,0.4637
119013,0.7383
119029,0.3502
119037,0.1235
119043,0.5134
119044,0.324
119047,0.4662
119052,0.5989
119069,0.4459
119076,0.2158
119077,0.4665
119080,0.1609
119082,0.2988
119085,0.2983
119086,0.5736
119092,0.361
119097,0.1536
119106,0.6621
119109,0.3306
119113,0.1761
119118,0.5152
119119,0.5748
119124,0.6604
119125,0.2233
119128,0.5852
119136,0.6052
119137,0.4829
119141,0.7145
119145,0.3292
119148,0.4041
119149,0.387
119152,0.1652
119154,0.6901
119159,0.3542
119171,0.3458
119172,0.2036
119173,0.3146
119175,0.5828
119185,0.1117
119186,0.4419
119187,0.0832
119197,0.6866
119206,0.6148
119219,0.6898
119220,0.3
119224,0.4478
119228,0.3364
119229,0.5807
119244,0.5784
119255,0.4721
119260,0.3702
119262,0.3384
119264,0.4277
119267,0.2975
119271,0.473
119273,0.1141
119280,0.6023
119284,0.4955
119296,0.4501
119298,0.5234
119302,0.4286
119310,0.5246
119315,0.2947
119317,0.2838
119319,0.5256
119320,0.1675
119330,0.3861
119333,0.3838
119339,0.3153
119344,0.3577
119350,0.4162
119362,0.3525
119365,0.312
119371,0.2233
119373,0.3285
119375,0.6385
119380,0.6594
119383,0.2419
119391,0.549
119392,0.3382
119395,0.364
119403,0.5176
119410,0.4509
119411,0.2699
119413,0.4484
119419,0.3638
119426,0.7728
119434,0.6585
119437,0.406
119445,0.5894
119450,0.4585
119451,0.5735
119452,0.5357
119463,0.4793
119470,0.4216
119471,0.1297
119474,0.6849
119478,0.7512
119488,0.1745
119495,0.6753
119499,0.662
119501,0.3388
119505,0.2807
119516,0.3286
119524,0.487
119525,0.2614
119526,0.343
119532,0.6184
119534,0.774
119537,0.7169
119539,0.5109
119545,0.5393
119551,0.3103
119561,0.4122
119562,0.4925
119563,0.6225
119565,0.4335
119575,0.6505
119578,0.5143
119579,0.1798
119580,0.2096
119587,0.4699
119593,0.6959
119599,0.3715
119603,0.2873
119604,0.4322
119605,0.4598
119607,0.1733
119618,0.1481
119622,0.179
119627,0.3716
119629,0.2536
119631,0.6551
119639,0.0987
119645,0.5387
119664,0.7752
119676,0.4731
119678,0.0728
119680,0.6019
119698,0.1488
119702,0.4661
119705,0.7296
119707,0.5392
119710,0.5833
119733,0.4537
119735,0.2043
119739,0.4617
119741,0.3975
119743,0.6237
119752,0.5036
119765,0.4252
119769,0.3191
119771,0.3963
119779,0.497
119781,0.3596
119786,0.3075
119789,0.3235
119790,0.1082
119793,0.4923
119794,0.279
119801,0.5976
119802,0.2631
119803,0.3544
119804,0.3622
119812,0.1777
119821,0.6967
119829,0.4271
119830,0.1852
119832,0.5152
119839,0.1468
119848,0.2203
119850,0.4499
119855,0.3121
119864,0.6265
119866,0.3808
119875,0.535
119877,0.5145
119884,0.5672
119892,0.6445
119896,0.6352
119899,0.3524
119900,0.2966
119904,0.7442
119907,0.3429
119915,0.2905
119918,0.2792
119919,0.5274
119922,0.6589
119934,0.4935
119936,0.4233
119953,0.29
119954,0.1057
119957,0.4207
119961,0.2441
119965,0.6915
119977,0.692
119981,0.5092
119987,0.4979
119988,0.1315
119995,0.2761
119998,0.4028
